中国气象,http://hls.weathertv.cn/tslslive/qCFIfHB/hls/live_sd.m3u8
CGTN,https://live.cgtn.com/1000/prog_index.m3u8
CGTN,http://39.135.138.58:18890/PLTV/88888888/224/3221225747/index.m3u8
CGTN纪录,http://39.135.138.58:18890/PLTV/88888888/224/3221225645/index.m3u8
新华中文,http://39.135.138.58:18890/PLTV/88888888/224/3221225694/index.m3u8
新华英语,http://39.135.138.58:18890/PLTV/88888888/224/3221225693/index.m3u8
新华英语,http://source07.v.news.cn/live/CNC_EN/playlist.m3u8
南方卫视,http://39.135.138.58:18890/PLTV/88888888/224/3221226203/index.m3u8
兵团卫视,http://39.135.138.58:18890/PLTV/88888888/224/3221226200/index.m3u8
延边卫视,http://39.135.138.58:18890/PLTV/88888888/224/3221226201/index.m3u8
延边卫视,http://live.ybtvyun.com/video/s10006-44f040627ca1/index.m3u8
延边卫视,http://live.ybtvyun.com/video/s10016-6f0dfd97912f/index.m3u8
康巴卫视,http://39.135.138.58:18890/PLTV/88888888/224/3221226207/index.m3u8
康巴卫视,http://ep.b1791.com/php/sctv.php?id=kbws
池州新闻综合,http://cm.wshls.homecdn.com/live/829f.m3u8
池州新闻综合,http://cm.wshls.homecdn.com/live/829f.flv
池州公共频道,http://cm.wshls.homecdn.com/live/829d.m3u8
池州公共频道,http://cm.wshls.homecdn.com/live/4abdf.m3u8
池州公共频道,http://cm.wshls.homecdn.com/live/4abdf.flv
池州公共频道,http://cm.wshls.homecdn.com/live/829d.flv
宿州新闻综合,http://live.ahsz.tv/video/s10001-szzh/index.m3u8
宿州公共频道,http://live.ahsz.tv/video/s10001-ggpd/index.m3u8
宿州科教频道,http://live.ahsz.tv/video/s10001-kxjy/index.m3u8
亳州新闻频道,http://zbbf2.ahbztv.com/live/416.m3u8
亳州农村频道,http://zbbf2.ahbztv.com/live/418.m3u8
芜湖新闻综合,http://live1.wuhubtv.com/channel1/sd/live.m3u8
芜湖生活频道,http://live1.wuhubtv.com/channel2/sd/live.m3u8
芜湖公共频道,http://live1.wuhubtv.com/channel3/sd/live.m3u8
芜湖教育频道,http://live1.wuhubtv.com/channel4/sd/live.m3u8
六安新闻综合,http://pili-live-rtmp.luan2.hfmt.net/luan2/jjpd.m3u8
六安公共频道,http://pili-live-rtmp.luan2.hfmt.net/luan2/ggpd.m3u8
淮南新闻综合,http://stream.0554news.com/hnds1/sd/live.m3u8
淮南公共频道,http://stream.0554news.com/hnds2/sd/live.m3u8
滁州新闻综合,http://live.cztv.cc:85/live/xwpd.m3u8
滁州科教频道,http://live.cztv.cc:85/live/sjpd.m3u8
滁州公共频道,http://live.cztv.cc:85/live/ggpd.m3u8
南陵新闻综合,http://live2018.wuhunews.cn/video/s10010-nlnews/index.m3u8
固镇新闻频道,http://www.guzhenm.com:7001/hls/hd-live.m3u8
固镇影视频道,http://www.guzhenm.com:7004/hls/hd-live.m3u8
定远综合频道,http://ssdyapp.cn/live/dyv1.m3u8
歙县综合频道,http://112.30.194.221:20080/live/4b3024127d1c472986ccdcb454f81a9f/hls.m3u8
灵璧综合频道,http://live.cms.anhuinews.com/video/s10003-lbtv/index.m3u8
一年级,http://liveplay-kk.rtxapp.com/live/program/live/kkyinj/1300000/mnf.m3u8
肥西综合频道,http://112.30.194.221:20080/live/7210e3a27cc64ac4a3f7aba2e2b683d5/hls.m3u8
二年级,http://liveplay-kk.rtxapp.com/live/program/live/kkernj/1300000/mnf.m3u8
涡阳新闻综合,http://111.39.71.77:8099/live/one/playlist.m3u8
三年级,http://liveplay-kk.rtxapp.com/live/program/live/kksannj/1300000/mnf.m3u8
潜山新闻综合,http://60.171.171.101:8278/rtmp_export/video22.m3u8
宿松新闻综合,http://112.30.194.221:20080/live/a8fd37c471fa46e18ec17b6ce4730eb7/hls.m3u8
四年级,http://liveplay-kk.rtxapp.com/live/program/live/kksinj/1300000/mnf.m3u8
五年级,http://liveplay-kk.rtxapp.com/live/program/live/kkwunj/1300000/mnf.m3u8
六年级,http://liveplay-kk.rtxapp.com/live/program/live/kkliunj/1300000/mnf.m3u8
初一,http://liveplay-kk.rtxapp.com/live/program/live/kkqinj/1300000/mnf.m3u8
初二,http://liveplay-kk.rtxapp.com/live/program/live/kkbanj/1300000/mnf.m3u8
初三,http://liveplay-kk.rtxapp.com/live/program/live/kkjiunj/1300000/mnf.m3u8
高一,http://liveplay-kk.rtxapp.com/live/program/live/kkgaoyinj/1300000/mnf.m3u8
高二,http://liveplay-kk.rtxapp.com/live/program/live/kkgaoernj/1300000/mnf.m3u8
金寨综合频道,http://112.26.80.214:1935/live/xinwen/playlist.m3u8
舒城新闻综合,http://220.180.24.62:1935/live/live2/playlist.m3u8
舒城文化旅游,http://220.180.24.62:1935/live/live1/playlist.m3u8
高三,http://liveplay-kk.rtxapp.com/live/program/live/kkgaosannj/1300000/mnf.m3u8
淮河能源综合,http://play.hhnynews.com/hhny/zhpd.m3u8?auth_key=%2A%2A%2A
通州电视台,http://pull.dayuntongzhou.com/live/tztv.m3u8
房山无线频道,http://live.funhillrm.com/2/sd/live.m3u8
房山有线频道,http://live.funhillrm.com/5/sd/live.m3u8
怀柔电视台,https://pili-live-hdl.huairtv.com/bjhr/hrxw.m3u8
石景山有线,http://live.sjsrm.com/bjsjs/sd/live.m3u8
昌平综合,http://61.50.142.158/live/0.m3u8
清华大学电视台,http://live.cic.tsinghua.edu.cn/hls/tsinghuatv.m3u8
重庆精彩导视,http://zbxclive.cbg.cn:1935/app_2/ls_105.stream/playlist.m3u8
铜梁综合,http://183.64.174.171:40123/ch1.m3u8
铜梁文旅,http://183.64.174.171:50123/ch2.m3u8
万州综合频道,http://wanzhoulive.cbg.cn:8017/iTXwrGs/800/live.m3u8
万州综合频道,http://123.146.162.24:8013/tslslive/noEX9SG/hls/live_sd.m3u8
万州综合频道,http://123.146.162.24:8017/iTXwrGs/800/live.m3u8
万州三峡移民,http://wanzhoulive.cbg.cn:8017/c2F0hmi/1000/live.m3u8
万州三峡移民,http://123.146.162.24:8013/tslslive/PU2vzMI/hls/live_sd.m3u8
万州三峡移民,http://123.146.162.24:8017/c2F0hmi/1000/live.m3u8
万州最万州,http://wanzhoulive.cbg.cn:8017/d4ceB1a/1000/live.m3u8
万州最万州,http://123.146.162.24:8013/tslslive/vWlnEzU/hls/live_sd.m3u8
万州最万州,http://123.146.162.24:8017/d4ceB1a/1000/live.m3u8
璧山综合频道,http://222.179.42.129:8181/hls1.m3u8
潼南综合频道,http://183.230.184.51:65500/tntv1.m3u8
大足综合频道,http://218.201.85.71:3170/m3u8
江津新闻综合,http://222.179.155.21:1935/ch1.m3u8
江津经济生活,http://222.179.155.21:1935/ch0.m3u8
江津文化旅游,http://222.179.155.21:1935/ch2.m3u8
垫江综合频道,http://125.62.24.185:80/1.m3u8
武隆综合频道,https://qxlmlive9.cbg.cn/applive/wltvzh/playlist.m3u8
荣昌综合频道,http://183.64.181.25:40023/rongchang01.m3u8
北碚综合频道,http://222.178.181.121:12034/beibei01.m3u8
北碚综合频道,http://222.178.181.121:12034/ts1
福建旅游,http://stream7.fjtv.net/lypdntsc/hd/live.m3u8
莆田公共频道,http://api.mydianshijia.com/gslb/live?stream_id=py_pt2&type=.m3u8
漳州一套,http://31182.hlsplay.aodianyun.com/lms_31182/tv_channel_175.m3u8
龙岩新闻综合,http://live.lytv.net.cn/zhpwd/hd/live.m3u8
龙岩新闻综合,http://stream.lytv.net.cn/2/sd/live.m3u8
龙岩公共频道,http://live.lytv.net.cn/ggpd/sd/live.m3u8
三明新闻综合,http://fjnhdb.chinashadt.com:2036/live/stream:nh2.stream/playlist.m3u8
三明新闻综合,http://stream.smntv.cn/smtv1/sd/live.m3u8
三明公共频道,http://stream.smntv.cn/smtv2/sd/live.m3u8
新罗电视一套,http://stream.lyxltv.com/xltv/sd/live.m3u8
新罗电视二套,http://stream.lyxltv.com/xinluotv/sd/live.m3u8
将乐综合,http://218.106.152.196/lsdream/9nbYeUc/1000/live.m3u8
将乐二套,http://218.106.152.196/lsdream/1MKmR5B/2000/live.m3u8
宁化电视一套,http://fjnhdb.chinashadt.com:2036/live/stream:nh1.stream/playlist.m3u8
永安综合频道,http://218.106.152.196/lsdream/x6FnPrm/2000/live.m3u8
霞浦综合频道,http://218.106.152.196/lsdream/G7wCyZW/4000/live.m3u8
武夷山综合频道,http://fjwysdb.chinashadt.com:2036/live/1.stream/playlist.m3u8
武夷山文旅茶,http://fjwysdb.chinashadt.com:2036/live/3.stream/playlist.m3u8
石狮综合,http://218.106.152.196/lsdream/MO13IYx/2000/live.m3u8
漳浦综合,http://220.161.87.62:8090/hls/0/index.m3u8
甘肃公共应急,http://live.todaydunhuang.com:1935/live/live157/500k/tzwj_video.m3u8
白银综合频道,http://live.bygd.cn/byzh/sd/live.m3u8
白银公共频道,http://live.bygd.cn/bygg/sd/live.m3u8
甘南综合频道,http://pili-live-hls.hfmt.net/gntv/gnhytv.m3u8
甘南藏语频道,http://pili-live-hls.hfmt.net/gntv/gnzytv.m3u8
庆阳综合频道,http://stream.gsqytv.com.cn/xwzh/sd/live.m3u8
庆阳公共频道,http://stream.gsqytv.com.cn/ggpd/sd/live.m3u8
酒泉综合频道,http://stream.gsjqtv.com/pd1/sd/live.m3u8
酒泉综合频道,http://live.todaydunhuang.com:1935/live/live159/500k/tzwj_video.m3u8
酒泉公共频道,http://stream.gsjqtv.com/pd2/sd/live.m3u8
敦煌综合频道,http://live.todaydunhuang.com:1935/live/live100/500k/tzwj_video.m3u8
张掖新闻综合,https://play.kankanlive.com/live/1629709727589955.m3u8
张掖公共频道,https://play.kankanlive.com/live/1629710004378956.m3u8
金昌综合频道,http://stream4.liveyun.hoge.cn/ch02/sd/live.m3u8
定西综合频道,https://play.kankanlive.com/live/1645679947087932.m3u8
定西公共频道,https://play.kankanlive.com/live/1645680054929933.m3u8
平川综合频道,https://play.kankanlive.com/live/1621842376245934.m3u8
临洮综合频道,https://play.kankanlive.com/live/1638428318510977.m3u8
金川综合频道,https://play.kankanlive.com/live/1625041962958919.m3u8
古浪综合频道,https://play.kankanlive.com/live/1619400940821967.m3u8
陇西综合频道,http://play.kankanlive.com/live/1641010321462941.m3u8
岷县综合频道,http://play.kankanlive.com/live/1614311581479927.m3u8
通渭综合频道,https://play.kankanlive.com/live/1629944062210970.m3u8
临潭综合频道,http://pili-live-hls.hfmt.net/gntv/lttv.m3u8
夏河综合频道,http://pili-live-hls.hfmt.net/gntv/xhtv.m3u8
卓尼综合频道,http://pili-live-hls.hfmt.net/gntv/zntv.m3u8
舟曲新闻综合,https://play.kankanlive.com/live/1631185650131909.m3u8
礼县综合频道,https://play.kankanlive.com/live/1621416463200961.m3u8
西和综合频道,https://play.kankanlive.com/live/1626051451895935.m3u8
临夏市电视台,http://124.152.34.102:8030/wCMq71/wCMq71_0.m3u8
崆峒综合频道,http://125.74.200.110:10080/hls/001/001_live.m3u8
秦安综合频道,http://play.kankanlive.com/live/1620829433464975.m3u8
嘉佳卡通,http://39.135.138.58:18890/PLTV/88888888/224/3221226193/index.m3u8
广东文化,https://glive.grtn.cn/live/wenhua_test0203.m3u8?auth_key=%2A%2A%2A
深圳龙岗,https://lglivepull.sznews.com/live/2647.m3u8
深圳东部,https://lglivepull.sznews.com/live/2646.m3u8
深圳众创TV,https://lglivepull.sznews.com/live/2645.m3u8
珠海生活,http://120.237.252.67:8800/hls/41/index.m3u8
河源综合,http://tmpstream.hyrtv.cn/xwzh/sd/live.m3u8
河源公共,http://tmpstream.hyrtv.cn/hygg/sd/live.m3u8
梅州综合,http://pili-live-rtmp.tvliving.gdmztv.com/meizhou-tvliving/mztv1.m3u8
梅州二套,http://pili-live-rtmp.tvliving.gdmztv.com/meizhou-tvliving/mztv2.m3u8
阳江综合,https://live.yjtvw.com:8081/live/smil:yjtv1.smil/chunklist_b1152000.m3u8
阳江综合,https://live.yjtvw.com:8081/live/smil:yjtv1.smil/playlist.m3u8
阳江综合,https://live.yjtvw.com:8081/live/smil:yjtv1.smil/chunklist_b928000.m3u8
阳江综合,https://live.yjtvw.com:8081/live/smil:yjtv1.smil/chunklist_b3628000.m3u8
阳江公共,https://live.yjtvw.com:8081/live/smil:yjtv2.smil/chunklist_b1152000.m3u8
阳江公共,https://live.yjtvw.com:8081/live/smil:yjtv2.smil/playlist.m3u8
阳江公共,https://live.yjtvw.com:8081/live/smil:yjtv2.smil/chunklist_b928000.m3u8
阳江公共,https://live.yjtvw.com:8081/live/smil:yjtv2.smil/chunklist_b3628000.m3u8
云浮综合,https://pili-live-hdl-ysx.tianma3600.com/gdyf/gdyfzh.m3u8
云浮公共,https://pili-live-hdl-ysx.tianma3600.com/gdyf/gdyfgg.m3u8
清新综合,http://hls.wiseqx.com/live/qxzh.m3u8
清新公共,http://hls.wiseqx.com/live/qxgg.m3u8
番禺综合,http://video.epaper.pybtv.cn:8080/live/rtmp_live_demo.flv
广西都市,http://111.59.63.32:9901/tsfile/live/1005_1.m3u8
广西影视,http://111.59.63.32:9901/tsfile/live/1006_1.m3u8
广西新闻,http://111.59.63.32:9901/tsfile/live/1007_1.m3u8
广西综艺旅游,http://111.59.63.32:9901/tsfile/live/1004_1.m3u8
南宁新闻综合,http://hls.nntv.cn/nnlive/NNTV_NEWS_A.m3u8
南宁影视娱乐,http://hls.nntv.cn/nnlive/NNTV_VOD_A.m3u8
南宁都市生活,http://hls.nntv.cn/nnlive/NNTV_METRO_A.m3u8
南宁公共,http://hls.nntv.cn/nnlive/NNTV_PUB_A.m3u8
北海新闻综合,http://njgdmm-wshls.homecdn.com/live/4e8a2.m3u8
贺州综合频道,http://zhz.gxhzxw.com:2935/live/HZXW-HD/playlist.m3u8
崇左综合频道,http://111.59.63.32:9901/tsfile/live/1002_1.m3u8
隆安新闻综合,http://hls.nntv.cn/nnlive/LATV_A.m3u8
马山新闻综合,http://hls.nntv.cn/nnlive/MSTV_A.m3u8
马山新闻综合,http://hls.nntv.cn/nnlive/MSTV_A.m3u8
上林电视台,http://hls.nntv.cn/nnlive/SLTV_A.m3u8
罗城综合,http://111.12.75.177:9100/lctvlive/lch.m3u8
贵州公共,http://47.104.173.199/b/hoge.php?ip=gxwztv&id=23&auth=%2A%2A%2A
黔西南综合,http://live2.qxndt.com/zhpd/sd/live.m3u8
黔西南公共,http://live2.qxndt.com/ggpd/sd/live.m3u8
松桃新闻,http://live.strmtzx.cn/stxw/sd/live.m3u8
松桃综艺,http://live.strmtzx.cn/stzy/sd/live.m3u8
金海湖电视台,http://pili-live-hls.jhh.ddcpc.cn/ddcpc-jhh/tv1050-1563865985.m3u8
正安综合,http://pili-live-hls.221.i2863.com/i2863-221/live_221_315303.m3u8
中国交通海南,http://tv.lanjingfm.com/cctbn/hainan.m3u8
河北都市,https://jwplay.hebyun.com.cn/live/hbdstv/1500k/tzwj_video.m3u8
河北影视剧,https://jwplay.hebyun.com.cn/live/hbystv/1500k/tzwj_video.m3u8
河北公共,https://jwplay.hebyun.com.cn/live/hbggtv/1500k/tzwj_video.m3u8
河北农民,http://hbzx.chinashadt.com:2036/zhibo/stream:hbnm.stream/playlist.m3u8
河北农民,http://hbzx.chinashadt.com:2036/zhibo/stream:hbnm.stream_360p/playlist.m3u8
河北农民,http://hbfc.chinashadt.com:2036/live/1003.stream/playlist.m3u8
邯郸新闻综合,https://jwliveqxzb.hebyun.com.cn/hdxwzh/hdxwzh.m3u8
邯郸新闻综合,http://live.hd.hdbs.cn/video/s10001-2021hdxwzh/index.m3u8
邯郸公共频道,https://jwliveqxzb.hebyun.com.cn/hdgg/hdgg.m3u8
邯郸公共频道,https://jwcdnqx.hebyun.com.cn/live/hdgg/1500k/tzwj_video.m3u8
邯郸公共频道,http://live.hd.hdbs.cn/video/s10001-2021hdgg/index.m3u8
邯郸公共频道,http://hls.quklive.com/live/1577759320319924/index.m3u8
邯郸科技教育,https://jwliveqxzb.hebyun.com.cn/hdkj/hdkj.m3u8
邯郸科技教育,https://jwcdnqx.hebyun.com.cn/live/hdkj/1500k/tzwj_video.m3u8
邯郸科技教育,http://live.hd.hdbs.cn/video/s10001-2021hdkjjy/index.m3u8
邯郸科技教育,http://hls.quklive.com/live/1577759346099941/index.m3u8
衡水新闻综合,http://111.225.205.64:8081/964D4p2/800/live.m3u8
邢台综合频道,http://a.xttv.top/xttv/5ebe09cb3d1a0f3f3d062e99c78175a0.flv?auth_key=%2A%2A%2A
邢台公共频道,http://a.xttv.top/xttv/d0586743dc68918f808f28b8bc90c737.flv?auth_key=%2A%2A%2A
承德新闻综合,https://jwliveqxzb.hebyun.com.cn/cdsxwzhtv/cdsxwzhtv.m3u8
承德新闻综合,https://jwcdnqx.hebyun.com.cn/live/cdslywh/1500k/tzwj_video.m3u8
承德新闻综合,https://jwcdnqx.hebyun.com.cn/live/cdsxwzhtv/1500k/tzwj_video.m3u8
承德公共生活,https://jwliveqxzb.hebyun.com.cn/cdsggshtv/cdsggshtv.m3u8
承德公共生活,https://jwcdnqx.hebyun.com.cn/live/cdsggshtv/1500k/tzwj_video.m3u8
鹿泉一套,https://jwliveqxzb.hebyun.com.cn/luquanyi/luquanyi.m3u8
鹿泉一套,https://jwcdnqx.hebyun.com.cn/live/luquanyi/1500k/tzwj_video.m3u8
鹿泉二套,https://jwliveqxzb.hebyun.com.cn/luquaner/luquaner.m3u8
鹿泉二套,https://jwcdnqx.hebyun.com.cn/live/luquaner/1500k/tzwj_video.m3u8
深泽综合频道,https://jwcdnqx.hebyun.com.cn/live/shenzedianshi/1500k/tzwj_video.m3u8
赵县电视一套,http://hbzx.chinashadt.com:2036/zhibo/stream:zx1.stream/playlist.m3u8
赵县电视一套,http://hbzx.chinashadt.com:2036/zhibo/stream:zx1.stream_360p/playlist.m3u8
邱县综合频道,http://live.hd.hdbs.cn/video/s10013-qxds1/index.m3u8
邱县电视二套,http://live.hd.hdbs.cn/video/s10013-qxds2/index.m3u8
涉县新闻综合,https://jwcdnqx.hebyun.com.cn/live/SXTV1/1500k/tzwj_video.m3u8
安平新闻综合,http://shou.city1000.cn/live/apxw.m3u8
阜城综合频道,http://hbfc.chinashadt.com:2036/live/2.stream/playlist.m3u8
阜城经济频道,http://hbfc.chinashadt.com:2036/live/5.stream/playlist.m3u8
景县电视一套,http://hbjx.chinashadt.com:1935/live/stream:jx1.stream/playlist.m3u8
景县电视一套,http://hbjx.chinashadt.com:1935/live/stream:jx1.stream_360p/playlist.m3u8
深州综合频道,http://hbsz.chinashadt.com:2036/live/stream:sztv.stream/playlist.m3u8
深州综合频道,http://hbsz.chinashadt.com:2036/live/stream:sztv.stream_360p/playlist.m3u8
枣强综合,http://hbzqdb.chinashadt.com:1937/live/zqzh.stream_360p/playlist.m3u8
昌黎综合频道,https://jwcdnqx.hebyun.com.cn/live/clzhpd/1500k/tzwj_video.m3u8
昌黎综合频道,https://jwliveqxzb.hebyun.com.cn/clzhpd/clzhpd.m3u8
滦州综合频道,http://hblxx.chinashadt.com:2036/live/stream:lx1.stream/playlist.m3u8
滦州综艺频道,http://hblxx.chinashadt.com:2036/live/stream:lx2.stream/playlist.m3u8
迁安新闻综合,https://jwplay.hebyun.com.cn/live/jiuyunqianan/1500k/tzwj_video.m3u8
迁西综合频道,https://jwliveqxzb.hebyun.com.cn/qxzhpd/qxzhpd.m3u8
迁西综合频道,https://jwcdnqx.hebyun.com.cn/live/qxzhpd/1500k/tzwj_video.m3u8
迁西农业频道,https://jwliveqxzb.hebyun.com.cn/qxny/qxny.m3u8
迁西农业频道,https://jwcdnqx.hebyun.com.cn/live/qxny/1500k/tzwj_video.m3u8
霸州新闻频道,http://hbbz.chinashadt.com:2036/live/stream:bzxw.stream/playlist.m3u8
霸州文化频道,http://hbbz.chinashadt.com:2036/live/stream:bzwh.stream/playlist.m3u8
霸州公共频道,http://hbbz.chinashadt.com:2036/live/stream:bzgg.stream/playlist.m3u8
霸州少儿频道,http://hbbz.chinashadt.com:2036/live/stream:bzse.stream/playlist.m3u8
大厂一套,http://60.10.185.184:1935/live/dc1.stream/playlist.m3u8
大厂二套,http://60.10.185.184:1935/live/dc2.stream/playlist.m3u8
永清综合频道,http://60.10.203.69:8000/0.m3u8
永清影视频道,http://60.10.203.69:8000/4.m3u8
平乡综合频道,http://hbpx.chinashadt.com:2036/live/px1.stream/playlist.m3u8
清河新闻综合,https://jwcdnqx.hebyun.com.cn/live/qinghe/1500k/tzwj_video.m3u8
清河新闻综合,https://jwliveqxzb.hebyun.com.cn/qinghe/qinghe.m3u8
清河经济综艺,https://jwcdnqx.hebyun.com.cn/live/qinghe1/1500k/tzwj_video.m3u8
清河经济综艺,https://jwliveqxzb.hebyun.com.cn/qinghe1/qinghe1.m3u8
沧县综合,http://hebcx.chinashadt.com:2036/live/10001.stream/playlist.m3u8
沧县二套,http://hebcx.chinashadt.com:2036/live/10002.stream/playlist.m3u8
青县新闻,https://jwliveqxzb.hebyun.com.cn/qxtvlive1/qxtvlive1.m3u8
青县新闻,https://jwcdnqx.hebyun.com.cn/live/qxtvlive1/1500k/tzwj_video.m3u8
任丘综合,https://jwcdnqx.hebyun.com.cn/live/rqtv1/1500k/tzwj_video.m3u8
任丘文娱,https://jwcdnqx.hebyun.com.cn/live/rqtv2/1500k/tzwj_video.m3u8
定州新闻综合,https://jwliveqxzb.hebyun.com.cn/xxzhpd/xxzhpd.m3u8
定州新闻综合,https://jwcdnqx.hebyun.com.cn/live/xxzhpd/1500k/tzwj_video.m3u8
定州生活频道,https://jwliveqxzb.hebyun.com.cn/shpd/shpd.m3u8
定州生活频道,https://jwcdnqx.hebyun.com.cn/live/shpd/1500k/tzwj_video.m3u8
涞水新闻频道,https://jwliveqxzb.hebyun.com.cn/lsdst/lsdst.m3u8
涞水新闻频道,https://jwcdnqx.hebyun.com.cn/live/lsdst/1500k/tzwj_video.m3u8
清苑新闻频道,https://jwcdnqx.hebyun.com.cn/live/qyxwpd/1500k/tzwj_video.m3u8
清苑生活频道,https://jwcdnqx.hebyun.com.cn/live/qyshpd/1500k/tzwj_video.m3u8
望都综合频道,https://jwliveqxzb.hebyun.com.cn/wddst/wddst.m3u8
望都综合频道,https://jwcdnqx.hebyun.com.cn/live/wddst/1500k/tzwj_video.m3u8
涿州新闻频道,http://121.18.115.162:8082/live/ch3.m3u8
涿州生活频道,http://121.18.115.162:8082/live/ch4.m3u8
涿州都市频道,http://121.18.115.162:8082/live/ch5.m3u8
丰宁综合频道,https://jwliveqxzb.hebyun.com.cn/fengningzonghe/fengningzonghe.m3u8
丰宁综合频道,https://jwcdnqx.hebyun.com.cn/live/fengningzonghe/1500k/tzwj_video.m3u8
隆化综合频道,http://hblh.chinashadt.com:2036/live/stream:lh1.stream/playlist.m3u8
隆化影视频道,http://hblh.chinashadt.com:2036/live/stream:lh2.stream/playlist.m3u8
滦平新闻频道,https://live.lpxrmtzx.com/live/wh.m3u8
平泉综合频道,https://jwliveqxzb.hebyun.com.cn/pqzh/pqzh.m3u8
平泉综合频道,https://jwcdnqx.hebyun.com.cn/live/pqzh/1500k/tzwj_video.m3u8
平泉影视频道,https://jwliveqxzb.hebyun.com.cn/pqys/pqys.m3u8
平泉影视频道,https://jwcdnqx.hebyun.com.cn/live/pqys/1500k/tzwj_video.m3u8
双滦新闻频道,https://jwcdnqx.hebyun.com.cn/live/slxw/1500k/tzwj_video.m3u8
双滦影视频道,https://jwcdnqx.hebyun.com.cn/live/slys/1500k/tzwj_video.m3u8
兴隆综合频道,https://jwcdnqx.hebyun.com.cn/live/xlzh/1500k/tzwj_video.m3u8
兴隆影视频道,https://jwcdnqx.hebyun.com.cn/live/xlys/1500k/tzwj_video.m3u8
哈尔滨新闻综合,http://stream.hrbtv.net/xwzh/sd/live.m3u8
哈尔滨影视,http://stream.hrbtv.net/yspd/sd/live.m3u8
哈尔滨生活,http://stream.hrbtv.net/shpd/sd/live.m3u8
哈尔滨娱乐,http://stream.hrbtv.net/ylpd/sd/live.m3u8
伊春综合频道,http://live.yichuntv.com/e5d7b4b95cf849d79fa3964431dca1f3/h264_800k_ts/index.m3u8?type=flv2hls_m3u8
伊春综合频道,http://live.yichuntv.com/live/e5d7b4b95cf849d79fa3964431dca1f3?fmt=h264_800k_flv
伊春公共频道,http://live.yichuntv.com/1501fae792774811b2cd1366a078e666/h264_800k_ts/index.m3u8?type=flv2hls_m3u8
鹤岗新闻综合,http://218.10.43.24:81/live/157ba509813644ea400e7c552b934d93/high/live.m3u8
鹤岗公共频道,http://218.10.43.24:81/live/bdac590a43b11a837c716a5ad606e95f/high/live.m3u8
富裕综合,http://221.209.44.174:1980/hls/1001.m3u8
甘南县综合,http://player.juyun.tv/camera/65362146.m3u8
河南乡村,http://123.6.9.146/live/jz-henanxinnong/live.m3u8
河南移动戏曲,http://media.hndyjyfw.gov.cn/live/jz-henanliyuan/live.m3u8
武术世界,http://live.dxhmt.cn:9080/live/yshnpre.m3u8
梨园频道,http://123.6.9.146/live/jz-henanliyuan/live.m3u8
文物宝库,http://123.6.9.146/live/jz-henanwenwu/live.m3u8
郑州教育频道,https://livezzutv.chinamcache.com/live/zb01.m3u8?auth_key=%2A%2A%2A
焦作综合频道,http://zhpull.dxhmt.cn/jiaozuo/b75a92c9503e47cf9e89f7ff247b65f2/playlist.m3u8
焦作公共频道,http://zhpull.dxhmt.cn/jiaozuo/29b65b69130c4ef1a3283cc7b913da05/playlist.m3u8
焦作教育频道,http://zhpull.dxhmt.cn/jiaozuo/9c10435ad24c409baee219ec289e17d0/playlist.m3u8
睛彩焦作频道,http://zhpull.dxhmt.cn/jiaozuo/c5eb91b47f0e42318f34fc0247c8acaa/playlist.m3u8
开封新闻综合,http://live.dxhmt.cn:9081/tv/10200-2.m3u8
开封新闻综合,http://tvpull.dxhmt.cn:9081/tv/10200-2.m3u8
开封公共频道,http://live.dxhmt.cn:9081/tv/10200-3.m3u8
开封公共频道,http://tvpull.dxhmt.cn:9081/tv/10200-3.m3u8
济源电视一套,http://live.dxhmt.cn:9081/tv/19001-1.m3u8
济源电视一套,http://tvpull.dxhmt.cn:9081/tv/19001-1.m3u8
鹤壁综合频道,http://pili-live-hls.hebitv.com/hebi/hebi.m3u8
驻马店新闻综合,http://tvlive.zmdtvw.cn/live/106770611978226682/index.m3u8
驻马店公共频道,http://tvlive.zmdtvw.cn/live/5927138998607870056/index.m3u8
驻马店科教频道,http://tvlive.zmdtvw.cn/live/8395198981051753732/index.m3u8
平顶山新闻,http://live.dxhmt.cn:9080/13619822555/4ce2b9b6947043b388916f748a518953.m3u8
平顶山城市,http://live.dxhmt.cn:9080/13619822555/29df489f23274977826bb0c55cb0411d.m3u8
平顶山公共,http://live.dxhmt.cn:9080/13619822555/5cc9016a17a54af6803096eec26fdd74.m3u8
清风平顶山,http://live.dxhmt.cn:9080/13619822555/ff0d20a1d7c840a3850bfdab119943ac.m3u8
平顶山民生,http://live.dxhmt.cn:9080/13619822555/b119d353d9fe4ee0ad34056550705665.m3u8
夏邑新闻频道,http://tvpull.dxhmt.cn:9081/tv/11426-1.m3u8
夏邑新闻频道,http://live.dxhmt.cn:9081/tv/11426-1.m3u8
永城新闻,http://tvpull.dxhmt.cn:9081/tv/11481-1.m3u8
永城新闻,http://live.dxhmt.cn:9081/tv/11481-1.m3u8
永城民生,http://tvpull.dxhmt.cn:9081/tv/11481-2.m3u8
永城民生,http://live.dxhmt.cn:9081/tv/11481-2.m3u8
永城卫建,http://tvpull.dxhmt.cn/tv/11481-3.m3u8
永城卫建,http://live.dxhmt.cn:9081/tv/11481-3.m3u8
永城综合,http://tvpull.dxhmt.cn/tv/11481-4.m3u8
永城综合,http://live.dxhmt.cn:9081/tv/11481-4.m3u8
登封综合频道,http://tvpull.dxhmt.cn:9081/tv/10185-1.m3u8
登封综合频道,http://live.dxhmt.cn:9081/tv/10185-1.m3u8
巩义新闻综合,http://tvpull.dxhmt.cn:9081/tv/10181-1.m3u8
巩义新闻综合,http://live.dxhmt.cn:9081/tv/10181-1.m3u8
上街电视台,http://tvpull.dxhmt.cn:9081/tv/10106-1.m3u8
上街电视台,http://live.dxhmt.cn:9081/tv/10106-1.m3u8
新密新闻频道,http://tvpull.dxhmt.cn:9081/tv/10183-2.m3u8
新密新闻频道,http://live.dxhmt.cn:9081/tv/10183-2.m3u8
新郑综合频道,http://tvpull.dxhmt.cn:9081/tv/10184-1.m3u8
新郑综合频道,http://live.dxhmt.cn:9081/tv/10184-1.m3u8
宝丰综合频道,http://tvpull.dxhmt.cn:9081/tv/10421-1.m3u8
宝丰综合频道,http://live.dxhmt.cn:9081/tv/10421-1.m3u8
郏县综合频道,http://tvpull.dxhmt.cn:9081/tv/10425-1.m3u8
郏县综合频道,http://live.dxhmt.cn:9081/tv/10425-1.m3u8
鲁山综合频道,http://tvpull.dxhmt.cn:9081/tv/10423-1.m3u8
鲁山综合频道,http://live.dxhmt.cn:9081/tv/10423-1.m3u8
汝州新闻频道,http://tvpull.dxhmt.cn:9081/tv/10482-1.m3u8
汝州新闻频道,http://live.dxhmt.cn:9081/tv/10482-1.m3u8
汝州科教频道,http://tvpull.dxhmt.cn:9081/tv/10482-2.m3u8
汝州科教频道,http://live.dxhmt.cn:9081/tv/10482-2.m3u8
舞钢新闻综合,http://tvpull.dxhmt.cn:9081/tv/10481-1.m3u8
舞钢新闻综合,http://live.dxhmt.cn:9081/tv/10481-1.m3u8
舞钢新闻综合,http://live.dxhmt.cn:9080/13937510433/1fd30c3556cd401089d087167a7879fe.m3u8
舞钢社会生活,http://live.dxhmt.cn:9080/13937510433/163e693acc664e7980b44f105d696a42.m3u8
叶县一套,http://tvpull.dxhmt.cn:9081/tv/10422-1.m3u8
叶县一套,http://live.dxhmt.cn:9081/tv/10422-1.m3u8
栾川新闻频道,http://wshls.live.migucloud.com/live/LVVUJGFD_C0/playlist.m3u8
栾川新闻频道,http://tvpull.dxhmt.cn:9081/tv/10324-1.m3u8
栾川新闻频道,http://live.dxhmt.cn:9081/tv/10324-1.m3u8
洛宁综合频道,http://wshls.live.migucloud.com/live/WJ1E4VDQ_C0/playlist.m3u8
孟津新闻频道,http://tvpull.dxhmt.cn:9081/tv/10322-2.m3u8
孟津新闻频道,http://live.dxhmt.cn:9081/tv/10322-2.m3u8
孟津生活频道,http://tvpull.dxhmt.cn:9081/tv/10322-1.m3u8
孟津生活频道,http://live.dxhmt.cn:9081/tv/10322-1.m3u8
汝阳综合频道,http://tvpull.dxhmt.cn:9081/tv/10326-1.m3u8
汝阳综合频道,http://live.dxhmt.cn:9081/tv/10326-1.m3u8
嵩县综合新闻,http://wshls.live.migucloud.com/live/MZCYG799_C0/playlist.m3u8
嵩县综合新闻,http://tvpull.dxhmt.cn:9081/tv/10325-1.m3u8
嵩县综合新闻,http://live.dxhmt.cn:9081/tv/10325-1.m3u8
新安新闻综合,http://tvpull.dxhmt.cn:9081/tv/10323-1.m3u8
新安新闻综合,http://live.dxhmt.cn:9081/tv/10323-1.m3u8
伊川电视台,http://tvpull.dxhmt.cn:9081/tv/10329-1.m3u8
偃师新闻频道,http://wshls.live.migucloud.com/live/K7AFC7J6_C0/playlist.m3u8
偃师新闻频道,http://tvpull.dxhmt.cn:9081/tv/10381-1.m3u8
偃师新闻频道,http://live.dxhmt.cn:9081/tv/10381-1.m3u8
宜阳综合频道,http://live.dxhmt.cn:9081/tv/10327-1.m3u8
宜阳综合频道,http://tvpull.dxhmt.cn:9081/tv/10327-1.m3u8
孟州综合,http://tvpull.dxhmt.cn:9081/tv/10883-1.m3u8
孟州综合,http://live.dxhmt.cn:9081/tv/10883-1.m3u8
沁阳新闻综合,http://tvpull.dxhmt.cn:9081/tv/10882-1.m3u8
沁阳新闻综合,http://live.dxhmt.cn:9081/tv/10882-1.m3u8
沁阳新闻综合,http://live.qinyangtv.com:82/channel1/sd/live.m3u8
沁阳文化旅游,http://live.qinyangtv.com:82/channel2/sd/live.m3u8
温县综合,http://tvpull.dxhmt.cn:9081/tv/10825-1.m3u8
温县综合,http://live.dxhmt.cn:9081/tv/10825-1.m3u8
武陟新闻综合,http://tvpull.dxhmt.cn:9081/tv/10823-1.m3u8
武陟新闻综合,http://live.dxhmt.cn:9081/tv/10823-1.m3u8
邓州新闻,http://tvpull.dxhmt.cn:9081/tv/11381-1.m3u8
邓州新闻,http://live.dxhmt.cn:9081/tv/11381-1.m3u8
方城一套,http://tvpull.dxhmt.cn:9081/tv/11322-1.m3u8
方城一套,http://live.dxhmt.cn:9081/tv/11322-1.m3u8
内乡综合,http://tvpull.dxhmt.cn:9081/tv/11325-1.m3u8
内乡综合,http://live.dxhmt.cn:9081/tv/11325-1.m3u8
社旗综合,http://tvpull.dxhmt.cn:9081/tv/11327-1.m3u8
社旗综合,http://live.dxhmt.cn:9081/tv/11327-1.m3u8
桐柏新闻综合,http://tvpull.dxhmt.cn:9081/tv/11330-1.m3u8
桐柏新闻综合,http://live.dxhmt.cn:9081/tv/11330-1.m3u8
唐河一套,http://tvpull.dxhmt.cn:9081/tv/11328-1.m3u8
唐河一套,http://live.dxhmt.cn:9081/tv/11328-1.m3u8
淅川综合,http://tvpull.dxhmt.cn:9081/tv/11326-1.m3u8
淅川综合,http://live.dxhmt.cn:9081/tv/11326-1.m3u8
新野综合,http://tvpull.dxhmt.cn:9081/tv/11329-1.m3u8
新野综合,http://live.dxhmt.cn:9081/tv/11329-1.m3u8
镇平新闻综合,http://tvpull.dxhmt.cn:9081/tv/11324-1.m3u8
镇平新闻综合,http://live.dxhmt.cn:9081/tv/11324-1.m3u8
郸城新闻综合,http://live.dxhmt.cn:9081/tv/11625-1.m3u8
郸城新闻综合,http://tvpull.dxhmt.cn:9081/tv/11625-1.m3u8
扶沟综合频道,http://tvpull.dxhmt.cn:9081/tv/11621-1.m3u8
扶沟综合频道,http://live.dxhmt.cn:9081/tv/11621-1.m3u8
鹿邑新闻频道,http://tvpull.dxhmt.cn:9081/tv/11628-1.m3u8
鹿邑新闻频道,http://live.dxhmt.cn:9081/tv/11628-1.m3u8
沈丘新闻综合,http://live.dxhmt.cn:9081/tv/11624-1.m3u8
沈丘新闻综合,http://tvpull.dxhmt.cn:9081/tv/11624-1.m3u8
太康综合,http://tvpull.dxhmt.cn:9081/tv/11627-1.m3u8
太康综合,http://live.dxhmt.cn:9081/tv/11627-1.m3u8
项城新闻,http://tvpull.dxhmt.cn:9081/tv/11681-1.m3u8
项城新闻,http://live.dxhmt.cn:9081/tv/11681-1.m3u8
西华综合频道,http://tvpull.dxhmt.cn:9081/tv/11622-1.m3u8
西华综合频道,http://live.dxhmt.cn:9081/tv/11622-1.m3u8
兰考新闻频道,http://tvpull.dxhmt.cn:9081/tv/10225-1.m3u8
兰考新闻频道,http://live.dxhmt.cn:9081/tv/10225-1.m3u8
杞县新闻综合,http://tvpull.dxhmt.cn:9081/tv/10221-1.m3u8
杞县新闻综合,http://live.dxhmt.cn:9081/tv/10221-1.m3u8
通许综合频道,http://tvpull.dxhmt.cn:9081/tv/10222-1.m3u8
通许综合频道,http://live.dxhmt.cn:9081/tv/10222-1.m3u8
尉氏综合频道,http://tvpull.dxhmt.cn:9081/tv/10223-1.m3u8
尉氏综合频道,http://live.dxhmt.cn:9081/tv/10223-1.m3u8
临颍综合频道,http://tvpull.dxhmt.cn:9081/tv/11122-1.m3u8
临颍综合频道,http://live.dxhmt.cn:9081/tv/11122-1.m3u8
舞阳新闻综合,http://tvpull.dxhmt.cn:9081/tv/11121-1.m3u8
舞阳新闻综合,http://live.dxhmt.cn:9081/tv/11121-1.m3u8
泌阳新闻综合,http://tvpull.dxhmt.cn:9081/tv/11726-1.m3u8
泌阳新闻综合,http://live.dxhmt.cn:9081/tv/11726-1.m3u8
平舆综合,http://tvpull.dxhmt.cn:9081/tv/11723-1.m3u8
平舆综合,http://live.dxhmt.cn:9081/tv/11723-1.m3u8
确山综合,http://tvpull.dxhmt.cn:9081/tv/11725-1.m3u8
确山综合,http://live.dxhmt.cn:9081/tv/11725-1.m3u8
汝南综合,http://tvpull.dxhmt.cn:9081/tv/11727-1.m3u8
汝南综合,http://live.dxhmt.cn:9081/tv/11727-1.m3u8
上蔡综合,http://tvpull.dxhmt.cn:9081/tv/11722-1.m3u8
上蔡综合,http://live.dxhmt.cn:9081/tv/11722-1.m3u8
遂平一套,http://tvpull.dxhmt.cn:9081/tv/11728-1.m3u8
遂平一套,http://live.dxhmt.cn:9081/tv/11728-1.m3u8
新蔡综合,http://tvpull.dxhmt.cn:9081/tv/11729-1.m3u8
新蔡综合,http://live.dxhmt.cn:9081/tv/11729-1.m3u8
西平综合,http://tvpull.dxhmt.cn:9081/tv/11721-1.m3u8
西平综合,http://live.dxhmt.cn:9081/tv/11721-1.m3u8
长垣综合频道,http://tvpull.dxhmt.cn:9081/tv/10728-1.m3u8
长垣综合频道,http://live.dxhmt.cn:9081/tv/10728-1.m3u8
封丘新闻综合,http://tvpull.dxhmt.cn:9081/tv/10727-1.m3u8
封丘新闻综合,http://live.dxhmt.cn:9081/tv/10727-1.m3u8
获嘉综合频道,http://tvpull.dxhmt.cn:9081/tv/10724-1.m3u8
获嘉综合频道,http://live.dxhmt.cn:9081/tv/10724-1.m3u8
辉县新闻综合,http://tvpull.dxhmt.cn:9081/tv/10782-1.m3u8
辉县新闻综合,http://live.dxhmt.cn:9081/tv/10782-1.m3u8
卫辉综合频道,http://tvpull.dxhmt.cn:9081/tv/10781-1.m3u8
卫辉综合频道,http://live.dxhmt.cn:9081/tv/10781-1.m3u8
新乡县电视台,http://tvpull.dxhmt.cn:9081/tv/10721-1.m3u8
新乡县电视台,http://live.dxhmt.cn:9081/tv/10721-1.m3u8
延津综合频道,http://tvpull.dxhmt.cn:9081/tv/10726-1.m3u8
延津综合频道,http://live.dxhmt.cn:9081/tv/10726-1.m3u8
原阳新闻综合,http://tvpull.dxhmt.cn:9081/tv/10725-1.m3u8
原阳新闻综合,http://live.dxhmt.cn:9081/tv/10725-1.m3u8
灵宝新闻综合,http://tvpull.dxhmt.cn:9081/tv/11282-1.m3u8
灵宝新闻综合,http://live.dxhmt.cn:9081/tv/11282-1.m3u8
卢氏综合频道,http://tvpull.dxhmt.cn:9081/tv/11224-1.m3u8
卢氏综合频道,http://live.dxhmt.cn:9081/tv/11224-1.m3u8
渑池新闻综合,http://tvpull.dxhmt.cn:9081/tv/11221-1.m3u8
渑池新闻综合,http://live.dxhmt.cn:9081/tv/11221-1.m3u8
义马新闻综合,http://tvpull.dxhmt.cn:9081/tv/11281-1.m3u8
义马新闻综合,http://live.dxhmt.cn:9081/tv/11281-1.m3u8
安阳县新闻综合,http://tvpull.dxhmt.cn:9081/tv/10522-1.m3u8
安阳县新闻综合,http://live.dxhmt.cn:9081/tv/10522-1.m3u8
滑县新闻,http://tvpull.dxhmt.cn:9081/tv/10526-1.m3u8
滑县新闻,http://live.dxhmt.cn:9081/tv/10526-1.m3u8
滑县民生,http://tvpull.dxhmt.cn:9081/tv/10526-2.m3u8
滑县民生,http://live.dxhmt.cn:9081/tv/10526-2.m3u8
滑县快乐3,http://tvpull.dxhmt.cn:9081/tv/10526-3.m3u8
滑县快乐3,http://live.dxhmt.cn:9081/tv/10526-3.m3u8
林州综合,http://tvpull.dxhmt.cn:9081/tv/10581-1.m3u8
林州综合,http://live.dxhmt.cn:9081/tv/10581-1.m3u8
内黄综合频道,http://tvpull.dxhmt.cn:9081/tv/10527-1.m3u8
汤阴综合,http://tvpull.dxhmt.cn:9081/tv/10523-1.m3u8
汤阴综合,http://live.dxhmt.cn:9081/tv/10523-1.m3u8
淇县电视台,http://tvpull.dxhmt.cn:9081/tv/10622-1.m3u8
淇县电视台,http://live.dxhmt.cn:9081/tv/10622-1.m3u8
浚县一套,http://tvpull.dxhmt.cn:9081/tv/10621-1.m3u8
浚县一套,http://live.dxhmt.cn:9081/tv/10621-1.m3u8
范县新闻综合,http://live.dxhmt.cn:9080/13603832636/13abd3089d9c47058fe34c49a6182981.m3u8
南乐综合频道,http://tvpull.dxhmt.cn:9081/tv/10923-1.m3u8
南乐综合频道,http://live.dxhmt.cn:9081/tv/10923-1.m3u8
濮阳县电视台,http://zhpull.dxhmt.cn/puyangxian/0779dbf4086a455fa1f36e3d56740a41/playlist.m3u8
清丰综合频道,http://tvpull.dxhmt.cn:9081/tv/10922-1.m3u8
清丰综合频道,http://live.dxhmt.cn:9081/tv/10922-1.m3u8
台前新闻综合,http://tvpull.dxhmt.cn:9081/tv/10927-1.m3u8
台前新闻综合,http://live.dxhmt.cn:9081/tv/10927-1.m3u8
光山综合频道,http://tvpull.dxhmt.cn:9081/tv/11522-1.m3u8
光山综合频道,http://live.dxhmt.cn:9081/tv/11522-1.m3u8
固始综合频道,http://tvpull.dxhmt.cn:9081/tv/11525-1.m3u8
固始综合频道,http://live.dxhmt.cn:9081/tv/11525-1.m3u8
淮滨综合频道,http://tvpull.dxhmt.cn:9081/tv/11527-1.m3u8
淮滨综合频道,http://live.dxhmt.cn:9081/tv/11527-1.m3u8
潢川综合频道,http://tvpull.dxhmt.cn:9081/tv/11526-1.m3u8
潢川综合频道,http://live.dxhmt.cn:9081/tv/11526-1.m3u8
罗山综合频道,http://tvpull.dxhmt.cn:9081/tv/11521-1.m3u8
罗山综合频道,http://live.dxhmt.cn:9081/tv/11521-1.m3u8
商城新闻频道,http://tvpull.dxhmt.cn:9081/tv/11524-1.m3u8
商城新闻频道,http://live.dxhmt.cn:9081/tv/11524-1.m3u8
新县综合频道,http://tvpull.dxhmt.cn:9081/tv/11523-1.m3u8
新县综合频道,http://live.dxhmt.cn:9081/tv/11523-1.m3u8
息县综合频道,http://120.194.173.75:6060/0.ts
建安综合频道,http://tvpull.dxhmt.cn:9081/tv/11003-1.m3u8
建安综合频道,http://live.dxhmt.cn:9081/tv/11003-1.m3u8
襄城综合频道,http://tvpull.dxhmt.cn:9081/tv/11025-1.m3u8
襄城综合频道,http://live.dxhmt.cn:9081/tv/11025-1.m3u8
鄢陵综合频道,http://tvpull.dxhmt.cn:9081/tv/11024-1.m3u8
鄢陵综合频道,http://live.dxhmt.cn:9081/tv/11024-1.m3u8
禹州综合,http://tvpull.dxhmt.cn:9081/tv/11081-1.m3u8
禹州综合,http://live.dxhmt.cn:9081/tv/11081-1.m3u8
禹州公共,http://tvpull.dxhmt.cn:9081/tv/11081-2.m3u8
禹州公共,http://tvpull.dxhmt.cn/tv/11081-2.m3u8
荆州新闻,http://61.184.30.36:9090/live/jztv1h.m3u8
荆州垄上,http://61.184.30.36:9090/live/jztv2h.m3u8
荆州公共,http://61.184.30.36:9090/live/jztv3h.m3u8
宜昌综合,http://player.521fanli.cn/1691/hubei/yichangcjym3u8.php?id=yichangzh
宜昌旅游生活,http://player.521fanli.cn/1691/hubei/yichangcjym3u8.php?id=yichanglysh
荆门新闻综合,http://stream.jmtv.com.cn/xwzh/sd/live.m3u8
荆门教育频道,http://stream.jmtv.com.cn/ggsh/sd/live.m3u8
荆门公共频道,http://stream.jmtv.com.cn/ngpd/sd/live.m3u8
孝感公共频道,http://live.yingxi.tv/channel1/sd/live.m3u8
仙桃新闻综合,http://221.233.242.239:280/live/71/playlist.m3u8
仙桃生活文体,http://221.233.242.239:280/live/72/playlist.m3u8
麻城综合,http://119.36.30.199:8888/mctv1.m3u8
保康新闻综合,http://bktvplay.gdnewmedia.cc/live/bk_xwzh.m3u8
保康文化旅游,http://bktvplay.gdnewmedia.cc/live/bk_whly.m3u8
江夏新闻综合,http://59.175.226.142:280/gb28181/xwzh.m3u8
郧阳新闻综合,http://58.19.198.159:2021/hls1.m3u8
长沙政法频道,http://35848.hlsplay.aodianyun.com/guangdianyun_35848/tv_channel_348.flv?auth_key=%2A%2A%2A
长沙女性频道,https://hls.quklive.com/live/1551337800259710/index.m3u8
长沙影视频道,http://35848.hlsplay.aodianyun.com/guangdianyun_35848/tv_channel_350.flv?auth_key=%2A%2A%2A
长沙磁浮电视,https://hls.quklive.com/live/1551751256158751/index.m3u8
长沙地铁电视,https://hls.quklive.com/live/1551751084371710/index.m3u8
长沙移动电视,https://hls.quklive.com/live/1551750947083772/index.m3u8
湘潭新闻综合,http://live.hnxttv.com:9601/live/xwzh/800K/tzwj_video.m3u8
湘潭公共频道,http://live.hnxttv.com:9601/live/dspd/800K/tzwj_video.m3u8
娄底综合频道,http://119.39.242.52:1935/live/zonghe/playlist.m3u8
衡阳新闻综合,http://59.51.68.40:1936/live/2.stream/playlist.m3u8
衡阳新闻综合,http://hnhs.chinashadt.com:1936/hnhs/tv5.stream/playlist.m3u8
衡阳公共频道,http://59.51.68.40:1936/live/3.stream/playlist.m3u8
张家界新闻综合,http://stream.zjjrtv.com/zjjtv1/hd/live.m3u8
张家界公共频道,http://stream.zjjrtv.com/zjjtv2/hd/live.m3u8
宜章新闻综合,http://hnyz.chinashadt.com:2036/live/stream:tv1.stream/playlist.m3u8
常宁综合频道,http://59.51.68.40:1936/live/cntv/playlist.m3u8
衡东综合频道,http://play-dgv-xhncloud.voc.com.cn/live/5243_FuchqK.m3u8
衡山综合频道,http://hnhs.chinashadt.com:1936/hnhs/tv8.stream/playlist.m3u8
祁阳综合,http://play-dgv-xhncloud.voc.com.cn/live/5243_PREfDG.m3u8
新田电视台,https://hlsv2.quklive.com/live/1625110020460086/index.m3u8
冷水江新闻综合,http://play-dgv-xhncloud.voc.com.cn/live/5243_8NbUnK.m3u8
通道时政,http://live.tongdaotv.com:8087/live/tdtv.m3u8
南通影视娱乐,http://cm.wshls.homecdn.com/live/7cc5.m3u8
南通影视娱乐,http://cm.wshls.homecdn.com/live/7cc5.flv
盐城新闻综合,http://stream.0515yc.cn/yctv1/playlist.m3u8
盐城法制生活,http://stream.0515yc.cn/yctv2/playlist.m3u8
盐城城市公共,http://stream.0515yc.cn/yctv3/playlist.m3u8
连云港公共频道,http://live.lyg1.com/ggpd/sd/live.m3u8
张家港民生频道,http://3gvod.zjgonline.com.cn:1935/live/shehuishenghuo2/playlist.m3u8
大丰新闻综合,http://dafeng-tv-hls.cm.jstv.com/dafeng-tv/dafengyt.m3u8
大丰公共频道,http://dafeng-tv-hls.cm.jstv.com/dafeng-tv/dafenget.m3u8
盐都综合频道,http://yandu-tv-hls.cm.jstv.com/yandu-tv/yanduzh.m3u8
江宁新闻频道,https://jiangning-tv-hls.cm.jstv.com/jiangning-tv/jnxwzh.m3u8
铜山综合频道,http://stream.tstvxmt.com/tstv1/sd/live.m3u8
铜山二农频道,http://stream.tstvxmt.com/ts3/sd/live.m3u8
淮阴综合频道,http://huaiyin-tv-hls.cm.jstv.com/huaiyin-tv/huaiyinf.m3u8
淮阴影视频道,http://huaiyin-tv-hls.cm.jstv.com/huaiyin-tv/hyys.m3u8
金湖新闻综合,http://jinhu-tv-hls.cm.jstv.com/jinhu-tv/jinhuzh.m3u8
武进新闻频道,https://live.wjyanghu.com/live/CH1.m3u8
武进生活频道,https://live.wjyanghu.com/live/CH2.m3u8
新沂新闻频道,http://live.xysrmt.cn/xwzh/sd/live.m3u8
新沂生活频道,http://live.xysrmt.cn/shpd/sd/live.m3u8
句容生活频道,http://jrlive.jrntv.com/live/_definst_/shenghuos/playlist.m3u8
句容影视频道,http://jrlive.jrntv.com/live/_definst_/yingshis/playlist.m3u8
句容党建频道,http://jrlive.jrntv.com/live/_definst_/dangjians/playlist.m3u8
睢宁综合频道,http://suining-tv-hls.cm.jstv.com:80/suining-tv/suiningzh.m3u8
扬中新闻频道,http://yangzhong-tv-hls.cm.jstv.com/yangzhong-tv/xwzh.m3u8
高邮综合频道,http://gaoyou-tv-hls.cm.jstv.com/gaoyou-tv/gaoyouxw.m3u8
仪征生活频道,http://yizheng-tv-hls.cm.jstv.com/yizheng-tv/yzshsh.m3u8
宿豫综合频道,https://suyu-tv-hls.cm.jstv.com/suyu-tv/syzhpd.m3u8
昆山新闻综合,http://pili-publish.living.ksrmtzx.com/ksntv/ks-tv.m3u8
江西公共农业,http://117.169.120.223:8080/hwrr.jx.chinamobile.com/PLTV/88888888/224/3221225578/index.m3u8?fmt=ts2hls
南昌新闻综合,http://39.135.138.58:18890/PLTV/88888888/224/3221226223/index.m3u8
南昌都市频道,http://39.135.138.58:18890/PLTV/88888888/224/3221226226/index.m3u8
南昌资讯政法,http://39.135.138.58:18890/PLTV/88888888/224/3221226228/index.m3u8
南昌公共频道,http://39.135.138.58:18890/PLTV/88888888/224/3221226231/index.m3u8
瑞金综合频道,http://live.mudu.tv/watch/u2udf0.m3u8
鄱阳综合,http://pili-live-hls.poyang.jxxw.com.cn/pyxrmtzx/poyang.m3u8
南城综合频道,http://pili-live-hls.jxxw.com.cn/nctv1/nctv1.m3u8
万载综合频道,http://live-echotv.cdnvideo.ru/echotv/echotv.sdp/playlist.m3u8
吉州新闻综合,http://218.204.153.158/10.m3u8
永新电视一套,http://jxyx.chinashadt.com:2036/live/1002.stream/playlist.m3u8
永新电视二套,http://jxyx.chinashadt.com:2036/live/1003.stream/playlist.m3u8
永新电视三套,http://jxyx.chinashadt.com:2036/live/1004.stream/playlist.m3u8
吉林都市,http://stream1.jlntv.cn/dspd/playlist.m3u8
延边朝鲜语综合,http://live.ybtvyun.com/video/s10006-b571c289a478/index.m3u8
延边朝鲜语综合,http://live.ybtvyun.com/video/s10016-19a16c47eb99/index.m3u8
延边汉语综合,http://live.ybtvyun.com/video/s10006-04819ee234a7/index.m3u8
延边汉语综合,http://live.ybtvyun.com/video/s10016-7e5f23de35df/index.m3u8
通化新闻,http://stream2.jlntv.cn/tonghua1/sd/live.m3u8
吉林市新闻综合,http://living.muzhifm.com/jilinshi/jl_v_zonghe.m3u8?auth_key=%2A%2A%2A
吉林市新闻综合,http://stream2.jlntv.cn/jilin1/sd/live.m3u8
四平新闻综合,http://stream2.jlntv.cn/sptv/sd/live.m3u8
辽源新闻综合,http://stream2.jlntv.cn/liaoyuan1/sd/live.m3u8
松原新闻综合,http://stream2.jlntv.cn/sytv/sd/live.m3u8
松原公共频道,http://stream8.jlntv.cn/sytv2/sd/live.m3u8
白城新闻综合,http://stream2.jlntv.cn/baicheng1/sd/live.m3u8
长白山电视台,http://stream8.jlntv.cn/cbstv/sd/live.m3u8
德惠综合,http://stream11.jlntv.cn/dehuitv/sd/live.m3u8
九台综合,http://stream10.jlntv.cn/jiutaitv/sd/live.m3u8
农安新闻综合,http://stream2.jlntv.cn/naxw/sd/live.m3u8
双阳综合,http://stream11.jlntv.cn/shuangyang/sd/live.m3u8
江源综合频道,http://stream10.jlntv.cn/jiangyuantv/sd/live.m3u8
靖宇综合频道,http://stream8.jlntv.cn/jytv/sd/live.m3u8
敦化一套,http://stream8.jlntv.cn/dhtv/playlist.m3u8
珲春新闻综合,http://stream8.jlntv.cn/hctv/sd/live.m3u8
龙井综合,http://stream8.jlntv.cn/ljtv/sd/live.m3u8
梅河口综合,http://stream4.jlntv.cn/mhk/sd/live.m3u8
桦甸综合,http://stream10.jlntv.cn/huadian/sd/live.m3u8
磐石综合,http://stream5.jlntv.cn/ps/sd/live.m3u8
舒兰新闻综合,http://stream8.jlntv.cn/shulan/sd/live.m3u8
永吉综合频道,http://stream10.jlntv.cn/yongji/sd/live.m3u8
东丰综合,http://stream5.jlntv.cn/df/sd/live.m3u8
东辽综合,http://stream5.jlntv.cn/dl/sd/live.m3u8
双辽综合,http://stream5.jlntv.cn/sl/sd/live.m3u8
前郭综合频道,http://stream2.jlntv.cn/qg/sd/live.m3u8
辉南新闻综合,http://stream5.jlntv.cn/hn/sd/live.m3u8
集安综合频道,http://stream2.jlntv.cn/ja/sd/live.m3u8
柳河综合,http://stream5.jlntv.cn/lh/sd/live.m3u8
通化县综合,http://stream5.jlntv.cn/thx/sd/live.m3u8
汪清综合,http://stream5.jlntv.cn/wq/sd/live.m3u8
辽宁公共,http://42.176.185.28:9901/tsfile/live/1010_1.m3u8
丹东新闻综合,http://59.47.133.234:64230/live
丹东公共频道,http://59.47.133.234:64231/live
鄂尔多斯新闻综合,http://live.erdszs.org.cn/lsdream/h2mxgj4/1000/live.m3u8
鄂尔多斯经济服务,http://live.erdszs.org.cn/lsdream/ogvfqcp/1000/live.m3u8
鄂尔多斯城市生活,http://live.erdszs.org.cn/lsdream/726npBZ/1000/live.m3u8
鄂尔多斯蒙语综合,http://live.erdszs.org.cn/lsdream/3lZr8dK/1000/live.m3u8
巴彦淖尔新闻综合,https://pili-live-hls-bynr.tianma3600.com/bynr/xwzh.m3u8
巴彦淖尔经济生活,https://pili-live-hls-bynr.tianma3600.com/bynr/szcj.m3u8
巴彦淖尔影视娱乐,https://pili-live-hls-bynr.tianma3600.com/bynr/ysyl.m3u8
乌兰察布新闻综合,http://pluslive.wrbtv.cn/xwzh/sd/live.m3u8
乌兰察布经济生活,http://pluslive.wrbtv.cn/wrbtv1/sd/live.m3u8
乌兰察布生活频道,http://pluslive.wrbtv.cn/wrbtv3/sd/live.m3u8
达茂综合频道,http://pili-live-hls.nmgapp12019.sobeylive.com/nmgapp12019/live162426298237692.m3u8
固阳综合频道,http://pili-live-hls.nmgapp12019.sobeylive.com/nmgapp12019/live160861109294211.m3u8
克旗综合频道,http://pili-live-hls.nmgapp12019.sobeylive.com/nmgapp12019/live159582155321721.m3u8
元宝山综合,http://l2yx82zv.live2.danghongyun.com/live/hls/8be0890a1b0c4d7aaf80b51ea8646682/5a8988f5ecc64986a19aa9b6b3a052a6-1.m3u8
突泉综合频道,http://pili-live-hls.cyyapp2019.sobeylive.com/cyyapp2019/live163886991032759.m3u8
库伦旗电视台,http://pili-live-hls.nmgapp12019.sobeylive.com/nmgapp12019/live161942247484390.m3u8
奈曼旗电视台,http://pili-live-hls.nmgapp12019.sobeylive.com/nmgapp12019/live161888593025926.m3u8
准格尔旗电视台,http://pili-live-hls.nmgapp12019.sobeylive.com/nmgapp12019/live161802828375549.m3u8
鄂托克旗电视台,http://110.19.181.138:10080/hls/F509Rh7GR/F509Rh7GR_live.m3u8
察右前旗综合,http://pili-live-hls.nmgapp12019.sobeylive.com/nmgapp12019/live160073959279435.m3u8
鄂温克电视台,http://pili-live-hls.nmgapp12019.sobeylive.com/nmgapp12019/live162700604855057.m3u8
宁夏公共,http://livepgc.cmc.ningxiahuangheyun.com/pgc/041867befe3dde090202f620ade5b87c.m3u8?txSecret=%2A%2A%2A&txTime=6235C9B6
宁夏经济,http://www.nxtv.com.cn/m2o/channel/play.php?channel_id=7
宁夏经济,http://livepgc.cmc.ningxiahuangheyun.com/pgc/10717759047cafd37fd87caa5883e9c2.m3u8?txSecret=%2A%2A%2A&txTime=6235C9C1
吴忠综合,http://live.kanwz.net/zhpd/sd/live.m3u8
吴忠公共,http://live.kanwz.net/ggpd/sd/live.m3u8
青海经视,http://stream.qhbtv.com/qhsh/sd/live.m3u8?_upt=ba357f031594546763
青海都市,http://stream.qhbtv.com/qhds/sd/live.m3u8?_upt=f868bafe1594546577
安多卫视,http://39.135.138.58:18890/PLTV/88888888/224/3221226195/index.m3u8
西宁新闻综合,https://liveout.xntv.tv/a65jur/96iln2.m3u8
西宁生活服务,http://dtrmlive.qhdtrm.cn/xnds/sd/live.m3u8
西宁生活服务,https://liveout.xntv.tv/a65jur/90p2i1.m3u8
玉树新闻频道,http://stream.ysbtv.net/1/sd/live.m3u8
海西州综合频道,http://stream.haixitv.cn/1/sd/live.m3u8
囊谦综合,http://pili-live-hls-qhnqapp2020.sobeylive.com/qhnqapp2020/qhnqtv01.m3u8
湟中综合,http://livecdn.dmqhyadmin.com/hls/xjhuangzhong.m3u8
德令哈综合,http://livecdn.dmqhyadmin.com/hls/xjdelingha.m3u8
门源综合,http://livecdn.dmqhyadmin.com/hls/xjmenyuan.m3u8
祁连综合,http://livecdn.dmqhyadmin.com/hls/xjqilian.m3u8
贵南综合,http://livecdn.dmqhyadmin.com/hls/xjguinan.m3u8
化隆综合,http://livecdn.dmqhyadmin.com/hls/xjhualong.m3u8
民和综合,http://livecdn.dmqhyadmin.com/hls/xjminhe.m3u8
农林卫视,http://39.135.138.58:18890/PLTV/88888888/224/3221226204/index.m3u8
西安新闻综合,http://stream2.xiancity.cn/xatv1/sd/live.m3u8
西安白鸽都市,http://stream2.xiancity.cn/xatv2/sd/live.m3u8
西安商务资讯,http://stream2.xiancity.cn/xatv3/sd/live.m3u8
西安文化影视,http://stream2.xiancity.cn/xatv4/sd/live.m3u8
西安丝路频道,http://stream2.xiancity.cn/xatv5/sd/live.m3u8
西安音乐综艺,http://stream2.xiancity.cn/xatv6/sd/live.m3u8
西安移动电视,http://stream2.xiancity.cn/xatv7/sd/live.m3u8
安康新闻频道,https://hls-sxak.sobeylive.com/xjhsyapp2019/sxakzhpd.m3u8
安康新闻频道,http://pili-live-hdl.hsyapp.sobeylingyun.com/xjhsyapp2019/sxakzhpd.m3u8
安康公共频道,https://hls-sxak.sobeylive.com/xjhsyapp2019/sxakggpd.m3u8
安康公共频道,http://pili-live-hdl.hsyapp.sobeylingyun.com/xjhsyapp2019/sxakggpd.m3u8
安康教育频道,https://hls-sxak.sobeylive.com/xjhsyapp2019/sxakjypd.m3u8
安康教育频道,http://pili-live-hdl.hsyapp.sobeylingyun.com/xjhsyapp2019/sxakjypd.m3u8
宝鸡新闻综合,http://h5.baojinews.com/m3u8/baojitv1.m3u8
宝鸡经济资讯,http://h5.baojinews.com/m3u8/baojitv2.m3u8
神东一套,http://livesdong.chinamcache.com/sddst/zb01.flv?auth_key=%2A%2A%2A
山东教育卫视,http://39.135.138.58:18890/PLTV/88888888/224/3221225719/index.m3u8
山东教育卫视,http://livewai.sdetv.com.cn/live/da4ebbb91ee8468db5a9d230a535391f_transios/playlist.m3u8
中华美食,http://39.135.138.58:18890/PLTV/88888888/224/3221225924/index.m3u8
青岛城阳频道,http://pili-live-rtmp.56.i2863.com/i2863-56/live_56_307317.m3u8
日照新闻综合,http://live.rzw.com.cn/xwzh/sd/live.m3u8
日照公共频道,http://live.rzw.com.cn/kzpd/sd/live.m3u8
日照科教频道,http://live.rzw.com.cn/ggpd/sd/live.m3u8
日照导视频道,http://live.rzw.com.cn/fcpd/sd/live.m3u8
烟台新闻综合,http://live.yantaitv.cn/live/3e81a8879da44c5dadf3bd9c10468e1c/9b776d420ee4438199b7657c8eb88f07-1.m3u8
烟台公共频道,http://live.yantaitv.cn/live/e50f104a4ffe4a41b2217cbda534146f/d86092e69df94668b33390278b061700-1.m3u8
烟台经济科技,http://live.yantaitv.cn/live/27f84144e95a4652ae9e5c211b2a6b55/405f3e33ba384aa0a16014d0becd1261-1.m3u8
烟台影视频道,http://live.yantaitv.cn/live/e9f1d9045d474c31884d13fa4ffbbd16/a4a9b3704d854756907845107cc56129-1.m3u8
菏泽新闻综合,http://zb.hezegd.com:1935/live/hztv1/1000k/tzwj_video.m3u8
菏泽经济生活,http://zb.hezegd.com:1935/live/hztv2/1000k/tzwj_video.m3u8
菏泽影视频道,http://zb.hezegd.com:1935/live/hztv3/1000k/tzwj_video.m3u8
枣庄新闻综合,http://stream.zztvzd.com/1/sd/live.m3u8
枣庄教育频道,http://stream.zztvzd.com/2/sd/live.m3u8
枣庄公共频道,http://stream.zztvzd.com/3/sd/live.m3u8
东营综合频道,http://stream.hhek.cn/xwzh/sd/live.m3u8
东营公共频道,http://stream.hhek.cn/ggpd/sd/live.m3u8
东营科教频道,http://stream.hhek.cn/dyjy/sd/live.m3u8
德州图文频道,http://video.dztv.tv:1935/live/dztw_gq/playlist.m3u8
德州图文频道,http://video.dztv.tv:1935/live/dztw_bq/playlist.m3u8
德州图文频道,http://video.dztv.tv:1935/live/dztw_sj/playlist.m3u8
滨州新闻综合,http://stream.bzcm.net/2/sd/live.m3u8
滨州公共电视剧,http://stream.bzcm.net/1/sd/live.m3u8
聊城新闻综合,http://m3u8.channellive.lcbtv.com/nmip-media/channellive/channel101173/playlist.m3u8
聊城新闻综合,http://m3u8.channellive.lcbtv.com/cms/videos/nmip-media-dz/channellive/channel2/playlist.m3u8
聊城公共频道,http://m3u8.channellive.lcbtv.com/nmip-media/channellive/channel101246/playlist.m3u8
聊城公共频道,http://m3u8.channellive.lcbtv.com/cms/videos/nmip-media-dz/channellive/channel3/playlist.m3u8
青州综合频道,http://sdqz.chinashadt.com:2036/live/stream:1.stream/playlist.m3u8
青州文化旅游,http://sdqz.chinashadt.com:2036/live/stream:3.stream/playlist.m3u8
岱岳综合频道,http://slvedio.slradio.cn/a935908a217711ea8bb000163e0e6522/4D6357B92240C088F3612E43E44B5F1D.m3u8
新泰综合频道,http://live.xtgdw.cn:1935/live/xtzh/playlist.m3u8
新泰综合频道,http://111.17.214.12:1935/live/xtzh/playlist.m3u8
新泰综合频道,http://119.184.188.117:1935/live/xtzh/playlist.m3u8
新泰乡村频道,http://live.xtgdw.cn:1935/live/xtxc/playlist.m3u8
新泰乡村频道,http://111.17.214.12:1935/live/xtxc/playlist.m3u8
新泰乡村频道,http://119.184.188.117:1935/live/xtxc/playlist.m3u8
上海纪实人文,http://39.135.138.58:18890/PLTV/88888888/224/3221225654/index.m3u8
上海纪实人文,http://39.135.138.58:18890/PLTV/88888888/224/3221225655/index.m3u8
点掌财经,https://wsvideo.aniu.tv/live/aniu/playlist.m3u8
晋城新闻,http://live.jinnews.com.cn/xwzh/sd/live.m3u8
晋城公共,http://live.jinnews.com.cn/ggpd/sd/live.m3u8
运城新闻综合,http://live.0359tv.com/lsdream/ss4Lj11/1000/live.m3u8
运城公共频道,http://live.0359tv.com/lsdream/t667aTY/1000/live.m3u8
运城科技教育,http://live.0359tv.com/lsdream/p5eq48m/1000/live.m3u8
临汾三套,http://hw-play.lezhibo.com/live/8552545d9bab4781bd46e8b41249d0e3.m3u8
晋中新闻频道,http://jzlive.jztvnews.com:90/live/jzzh.m3u8
晋中新闻频道,http://jzlive.jztvnews.com:83/live/mount_for_ts/jzzh.m3u8
晋中公共频道,http://jzlive.jztvnews.com:90/live/jzgg.m3u8
晋中公共频道,http://jzdb.jztvnews.com:83/live/mount_for_ts/jzgg.m3u8
长治新闻综合,http://111.53.105.2:8084/4b0bcd8509d748358b4450921fc3443b/h264_300k_ts/index.m3u8?type=hls_live_redirect
长治新闻综合,http://111.53.105.2:8084/live/4b0bcd8509d748358b4450921fc3443b?fmt=h264_800k_flv
长治公共频道,http://111.53.105.2:8084/7223161a96984d81b711d762d7e7fdd1/h264_300k_ts/index.m3u8?type=hls_live_redirect
长治公共频道,http://111.53.105.2:8084/live/7223161a96984d81b711d762d7e7fdd1?fmt=h264_800k_flv
长治教育频道,http://111.53.105.2:8084/2b7f0174d0f44c34bf466fc0ab801a3a/h264_300k_ts/index.m3u8?type=hls_live_redirect
长治教育频道,http://111.53.105.2:8084/live/2b7f0174d0f44c34bf466fc0ab801a3a?fmt=h264_800k_flv
交城电视台,http://sxjc.chinashadt.com:2036/live/stream:jctv.stream/playlist.m3u8
壶关电视台,http://zmjp3jin.live.sxmty.com/live/hls/268fe96f955d496db37fb10bb887cda9/fc196029d289449ea524a94a95379a0d.m3u8
黎城综合频道,http://111.53.96.67:8081/live/1/index.m3u8
平顺综合,https://stream.icelook.cn/2daa869d1623782d/6679643898219856900_1602492802.m3u8?auth_key=%2A%2A%2A
武乡新闻综合,http://uzoiczhh.live.sxmty.com/live/hls/0d41f1480c4042d49927858f01fde707/53130407737b417b9a6259b57246bae3.m3u8
武乡新闻综合,http://60.220.198.84:81/0.m3u8
长子综合频道,http://zzlive.zzc-media.com:8092/live/xwzh.m3u8
怀仁综合频道,http://1yp7hc5p.live.sxmty.com/live/hls/bff8529922344209985b6e49baa9555a/efa2543628fc4a7ea93d3d6c975f77dc.m3u8
平鲁综合频道,https://stream.icelook.cn/790d0a0f38c07f31/6728300245723120644_1609747594.m3u8?auth_key=%2A%2A%2A
潞城新闻综合,http://59.48.42.6:62204/lucheng.m3u8
安泽综合,https://qnwjgp6u.live.sxmty.com/live/hls/8004b4759fae489b8ab0d40ce1290fe2/d77ec722dd494a5e92caf5ea283f232d-1.m3u8
大宁综合,http://live.daningtv.com/channel1/sd/live.m3u8
汾西综合,https://qmmqvzoz.live.sxmty.com/live/hls/f24f8a390c084386a564074c9260100c/be3fdf07606145739ab2c4b80fe0136a.m3u8
吉县新闻综合,http://jxlive.jxrmtzx.com:8091/live/xwzh.m3u8
襄汾综合,http://7sycrzf7.live.sxmty.com/live/hls/da9222d15ce7491d85fe3519e5201df5/af161dfd2a434b22b3b75fdd72fb9038-1.m3u8
翼城综合,http://live.aiyicheng.com.cn/channel1/sd/live.m3u8
灵石新闻综合,https://live-stream.lsxrmtzx.com/live/video.m3u8
祁县新闻综合,http://ggpagerl.live.sxmty.com/live/hls/b350dc1ac5da45c2b2233f6eb122ddf4/49d3766c7f204685a2a8f027b234c33d.m3u8
昔阳电视台,https://muspz2pi.live.sxmty.com/live/hls/33a3ffb76e06432cb2e535e58aa8441d/6644d056086b4f608c87db5be6d7f05e.m3u8
临猗综合频道,http://pili-live-hls.lyzx.live.chinacici.cn/lyrmt/ceshi-ly.m3u8
定襄综合,http://lbyzztfe.live.sxmty.com/live/hls/645ff4c60e0a49f0a203abbd73dd8be9/0720e665f10f48e98c9639f4f492fb4a-1.m3u8
宁武综合,https://fvsln5ps.live.sxmty.com/live/hls/7922d2cdc4734bb3921826418cfa992d/cd7756e2135a48758e73017d502d8ec1-1.m3u8
神池新闻综合,http://frjw3tzv.live.sxmty.com/live/hls/28d39691d44244e2b6b2afe7c75104ff/4085af81ad5d4dd9a61b627c75161f02.m3u8
五台综合,https://568slnjf.live.sxmty.com/live/hls/90c8b2efeb164cc0a6c2409eed668d6b/f77cbb89ec57435b9ba4c47589c16e4f-1.m3u8
五寨综合,https://stream.icelook.cn/cf2874738208c975/6727103226484622340_1607389965.m3u8?auth_key=%2A%2A%2A
原平综合,http://xkmspyxn.live.sxmty.com/live/hls/65072fcc05414062bf02088d2a2a77b2/9da977614b044ef59d11779e997a12f8-1.m3u8
高平综合频道,http://live.gprmt.cn/gpnews/hd/live.m3u8
灵丘电视台,https://stream.icelook.cn/1a7c625fde427dc3/6735154231323395076_1611041008.m3u8?auth_key=%2A%2A%2A
四川经济频道,http://ep.b1791.com/php/sctv.php?id=scjj
四川文化旅游,http://ep.b1791.com/php/sctv.php?id=scwhly
四川新闻频道,http://ep.b1791.com/php/sctv.php?id=scxw
四川妇女儿童,http://ep.b1791.com/php/sctv.php?id=scfnet
四川乡村,http://ep.b1791.com/php/sctv.php?id=scxc
绵阳综合,http://live.sctvcloud.com/live/mytvzh/playlist.m3u8
绵阳公共,http://live.sctvcloud.com/live/mytvgg/playlist.m3u8
绵阳科技,http://live.sctvcloud.com/live/mytvgg/playlist.m3u8
南充新闻,http://tv.drs.ncntv.com.cn:8100/channellive/nczhpd.flv
南充公共,http://tv.drs.ncntv.com.cn:8100/channellive/ncggpd.flv
南充科教,http://tv.drs.ncntv.com.cn:8100/channellive/nckjpd.flv
乐山新闻综合,http://channellive.leshantv.net/live/ch1.flv
乐山公共频道,http://channellive.leshantv.net/live/ch2.flv
广安新闻综合,http://live1.gatv.com.cn:85/live/XWZH.m3u8
广安公共频道,http://live1.gatv.com.cn:85/live/GGPD_ggpdzm.m3u8
广元综合频道,https://m3u8.channel.dzsm.com/cms/videos/nmip-media/channellive/channel1/playlist.m3u8
广元综合频道,http://tv.dzsm.com:8100/chan/ch1.flv
广元公共频道,https://m3u8.channel.dzsm.com/cms/videos/nmip-media/channellive/channel2/playlist.m3u8
达州新闻综合,http://tv.drs.dzxw.net/channellive/xwzhpd-dz1.flv
达州公共频道,http://tv.drs.dzxw.net/channellive/ggpd-dz2.flv
达州通川频道,http://tv.drs.dzxw.net/channellive/tcpd-dz3.flv
泸州新闻综合,http://m3u8.channel.luzhoubs.com/nmip-media/channellive/channel106011/playlist.m3u8
泸州公共频道,http://m3u8.channel.luzhoubs.com/nmip-media/channellive/channel102221/playlist.m3u8
泸州科教频道,http://m3u8.channel.luzhoubs.com/nmip-media/channellive/channel103074/playlist.m3u8
凉山新闻综合,http://file.yizu.tv/nmip-media/channellive/channel106606/playlist.m3u8
凉山彝语频道,http://file.yizu.tv/nmip-media/channellive/channel107323/playlist.m3u8
自贡综合频道,https://sczghdl.tianma3600.com/sczg/zhpd.m3u8
自贡综合频道,http://110.189.153.160:1001/zhpd.flv
自贡公共频道,http://110.189.153.160:1002/ggpd.flv
德阳新闻综合,http://scdytv.cn:1935/live/m_xwpd_livevideo/playlist.m3u8
德阳公共频道,http://scdytv.cn:1935/live/m_ggpd_livevideo/playlist.m3u8
攀枝花新闻综合,http://zb.pzhgd.com:9095/live/xwzh.m3u8
攀枝花公共频道,http://zb.pzhgd.com:9095/live/ggpd.m3u8
内江综合频道,http://njzb.scnj.tv:90/live/xwzh_xwzh800.m3u8
内江公共频道,http://njzb.scnj.tv:90/live/gggy_gggy800.m3u8
内江科教频道,http://njzb.scnj.tv:90/live/kjpd_kjpd800.m3u8
眉山综合频道,http://live1.scmstv.cn/gqpd/sd/live.m3u8
眉山公共频道,http://live2.scmstv.cn/ggpd/sd/live.m3u8
甘孜综合频道,http://tv.drs.ganzitv.com:8100/channellive/gztv.flv
甘孜综合频道,http://m3u8.channel.ganzitv.com/vms/videos/nmip-media/channellive/channel1/playlist.m3u8
成都高新电视,http://live.cdht-tv.com:8190/live/cdht.m3u8
龙泉驿新闻综合,http://live.newslqy.com/live/xwpd.m3u8
双流综合频道,http://171.221.250.130:18888/27e684978eb642eeb90ab815f6cc51bf/c41893de5e8645b3b43aef1640859b0d.m3u8
新都综合频道,http://live.sctvcloud.com/live/xindulive/playlist.m3u8
筠连综合频道,http://118.122.78.172:89/live1/live1.m3u8
东兴综合频道,http://live.sctvcloud.com/live/dongxing/playlist.m3u8
隆昌新闻综合,http://live.sctvcloud.com/live/longchang/playlist.m3u8
威远新闻综合,http://dxplay.scwy.cn/live/weiyuanzonghepingdao/index.m3u8
大竹新闻综合,http://60.255.120.30:89/live1/live1.m3u8
大竹阳光政务,http://60.255.120.30:89/live2/live2.m3u8
开江新闻综合,http://lmt.kjzx.net:98/live1/live1.m3u8
渠县新闻综合,http://222.208.224.227:81/hls/cfp2p8m3.m3u8
渠县城市公共,http://222.208.224.227:81/hls/8ishqdtt.m3u8
万源新闻综合,http://live.wanyuannews.com/wytv/hd/live.m3u8
宣汉新闻综合,https://livepgc.chinamcache.com/pgc/61c37851b08f3f0c0475ceb0c958ff54.m3u8?auth_key=%2A%2A%2A
广汉新闻综合,http://live.sctvcloud.com/live/guanghan/playlist.m3u8
中江新闻综合,https://livepgc.chinamcache.com/pgc/76664ca1f91638580f94fc7543c810cb.m3u8?auth_key=%2A%2A%2A
南部新闻综合,http://pili-live-rtmp.148.i2863.com/i2863-148/live_148_811389.m3u8
蓬安新闻综合,http://palive.patv123.com:8091/live/xwpd_800K.m3u8
营山电视台,http://file.ysxtv.cn/cms/videos/nmip-media/channellive/channel4/playlist.m3u8
盐边综合频道,http://live.sctvcloud.com/live/yanbian/playlist.m3u8
黑水新闻综合,http://live.schstv.com:90/live/xwzh.m3u8
金川新闻综合,http://live.jinchuanrmt.com:90/live/zhxw.m3u8
金川新闻综合,http://139.203.180.9:90/live/zhxw.m3u8
金川乡村频道,http://live.jinchuanrmt.com:90/live/jcxc.m3u8
金川乡村频道,http://139.203.180.9:90/live/jcxc.m3u8
壤塘综合频道,http://live.sctvcloud.com/live/rttv/playlist.m3u8
松潘新闻综合,http://live.spccmc.com:90/live/spxwzh.m3u8
汶川新闻综合,http://live.iwcmt.cn:90/live/zhxw.m3u8
小金综合频道,http://xjlive.xjsc.gov.cn:8091/live/xwpd.m3u8
九寨沟新闻综合,http://live.sctvcloud.com/live/jiuzhai.m3u8
马尔康综合频道,http://live.zmmek.com:90/live/zhxw.m3u8
荣县综合频道,http://play.rongxianwang.net/rxzh/0835.m3u8?auth_key=%2A%2A%2A
朝天新闻综合,https://m3u8.channel.dzsm.com/cms/videos/nmip-media/channellive/channel8/playlist.m3u8
剑阁新闻综合,https://m3u8.channel.dzsm.com/cms/videos/nmip-media/channellive/channel10/playlist.m3u8
利州综合频道,http://tvfile.lzgbdst.com/nmip-media/channellive/channel106876/playlist.m3u8
利州综合频道,http://tv.drs.lzgbdst.com:8100/channellive/lztv2.flv
青川新闻综合,https://m3u8.channel.dzsm.com/cms/videos/nmip-media/channellive/channel11/playlist.m3u8
青川新闻综合,http://live.sctvcloud.com/live/qctv1/playlist.m3u8
旺苍新闻综合,https://m3u8.channel.dzsm.com/cms/videos/nmip-media/channellive/channel9/playlist.m3u8
昭化综合频道,http://live.sctvcloud.com/live/zhtv1/playlist.m3u8
昭化综合频道,https://m3u8.channel.dzsm.com/cms/videos/nmip-media/channellive/channel7/playlist.m3u8
丹棱新闻综合,http://live.sctvcloud.com/live/danlingrongmei/playlist.m3u8
洪雅新闻综合,http://117.172.215.250:8083/videos/live/35/39/GQVbrgob5CGJM/GQVbrgob5CGJM.M3U8
青神综合频道,http://lmt.scqstv.com/live1/live1.m3u8
仁寿综合频道,http://play.scrstv.com/TV/xwzh.m3u8
乐至综合频道,http://175.155.106.72:89/live1/live1.m3u8
甘洛综合频道,http://live.sctvcloud.com/live/ganluo/playlist.m3u8
会东综合频道,http://112.45.133.129:90/live/xwzh.m3u8
会东综合频道,http://live.schdxww.com:90/live/xwzh.m3u8
会理新闻频道,http://live.sctvcloud.com/live/huili/playlist.m3u8
雷波综合频道,http://lbzb.yd-data.com/live/0000.flv?auth_key=%2A%2A%2A
宁南新闻综合,http://live.sctvcloud.com/live/ningnantv1/playlist.m3u8
西昌综合频道,http://103.252.251.199:18085/hls/xichangweishi.m3u8
昭觉综合频道,http://live.sctvcloud.com/live/zhaojue/playlist.m3u8
德格综合频道,http://m3u8.channel.ganzitv.com/vms/videos/nmip-media/channellive/channel5/playlist.m3u8
康定新闻综合,http://m3u8-kd.channel.ganzitv.com/nmip-media-yajiang/channellive/channel100663/playlist.m3u8
石渠综合频道,http://tv.drs.ganzitv.com:8100/channellive/shiqu.flv
汉源综合频道,http://live.hyxrmt.com:85/live/xwpd.m3u8
平昌新闻综合,http://live.sctvcloud.com/live/pingchang/playlist.m3u8
通江新闻综合,http://live.sctvcloud.com/live/bztongjiang/playlist.m3u8
夹江新闻综合,http://tvfile.jjrm.org.cn/nmip-media/channellive/channel106282/playlist.m3u8
马边电视台,http://tvfile.mb.lsrm.org.cn/nmip-media/channellive/channel104860/playlist.m3u8
沐川综合频道,http://tvfile.mcrm.org.cn/nmip-media/channellive/channel103064/playlist.m3u8
沙湾综合频道,http://tvfile.sw.lsrm.org.cn/cms/videos/nmip-media-sw/channellive/channel1/playlist.m3u8
金口河综合频道,http://live.sctvcloud.com/live/jinkouhe/playlist.m3u8
泸县新闻综合,http://lxfile.lxxcb.cn/nmip-media/channellive/channel103799/playlist.m3u8
纳溪新闻频道,https://bl.ainaxi.cn/live/d1b85c45e7b74e96bdd950e047c7fd94.m3u8
叙永综合频道,http://luzhi.xuyongrongmei.com:1935/live/_definst_/xyxw/playlist.m3u8
蓬溪新闻综合,http://live.sctvcloud.com/live/pengxilive/playlist.m3u8
邻水新闻综合,http://live.sctvcloud.com/live/linshui/playlist.m3u8
武胜综合频道,http://live2.gatv.com.cn:86/live/WS.m3u8
安州新闻频道,http://live.sctvcloud.com/live/anzhoutv1/playlist.m3u8
北川电视一套,http://live.sctvcloud.com/live/bcgqlive/playlist.m3u8
江油新闻综合,http://live.sctvcloud.com/live/jiangyou/playlist.m3u8
平武综合频道,http://live.sctvcloud.com/live/pwtv/playlist.m3u8
三台电视一套,http://125.65.94.91:12351/live
三台电视二套,http://125.65.94.91:12353/live
盐亭综合频道,http://live.sctvcloud.com/live/yttv/playlist.m3u8
滨海新闻,http://traffic.jbh.tjbh.com/live/bhtv1/playlist.m3u8
滨海综艺,http://traffic.jbh.tjbh.com/live/bhtv2/playlist.m3u8
滨海影视,http://traffic.jbh.tjbh.com/live/bhtv3/playlist.m3u8
津南一套,http://play.jinnantv.top/live/JNTV1.m3u8
西青新闻综合,http://221.238.209.44:81/hls/live1.m3u8
武清综合频道,https://tvpull.smartwq.cn/wqlive/convergencemedia/playlist.m3u8
哈密一套,http://stream.hmgbtv.com/hm1/hd/live.m3u8
哈密二套,http://stream.hmgbtv.com/hm2/hd/live.m3u8
哈密三套,http://stream.hmgbtv.com/hm3/hd/live.m3u8
伊犁汉语综合,http://110.153.180.106:55555/out_1/index.m3u8
伊犁维吾尔,http://110.153.180.106:55555/out_2/index.m3u8
伊犁哈萨克,http://110.153.180.106:55555/out_3/index.m3u8
伊犁经济法制,http://110.153.180.106:55555/out_4/index.m3u8
和田维语综合,http://202.107.188.141:5002/hetiankzkt2_hdcq.m3u8?token=%2A%2A%2A
裕民汉语,http://117.190.130.4:8081/out_1/index.m3u8
裕民哈语,http://117.190.130.4:8081/out_2/index.m3u8
吉木萨尔综合,http://218.31.201.189:9000/api/material/local/mnt/shiping1/prog_index.m3u8
奎屯汉语综合,http://218.84.12.186:8001/hls/main/playlist.m3u8
奎屯哈萨克语,http://218.84.12.186:8002/hls/main/playlist.m3u8
伊宁汉语综合,http://222.81.61.37:9898/out_1/index.m3u8
伊宁维吾尔语,http://222.81.61.37:9898/out_2/index.m3u8
霍尔果斯综合,http://117.190.118.175:9090/stream1/m2e2000.m3u8
九师电视台,https://liveout.btzx.com.cn/3pyc0h/dbfvwu.m3u8
可克达拉综合,http://test5.btzx.com.cn:80/live/kkdl.stream/playlist.m3u8
图木舒克综合,http://test5.btzx.com.cn/live/disanshi.stream/playlist.m3u8
石河子新闻综合,http://124.88.144.73:1935/live/xwzh/playlist.m3u8
石河子影视文体,http://124.88.144.73:1935/live/jjsh/playlist.m3u8
石河子影视文体,http://202.107.188.141:5002/shiheziyinshiwenti_hdgq.m3u8?token=%2A%2A%2A
西藏藏语,http://media.vtibet.com/masvod/HLSLive/7/zangyuTV_q1.m3u8
拉萨汉语综合,http://file.lasatv.cn/cms/videos/nmip-media/channellive/channel1/playlist.m3u8
拉萨藏语综合,http://file.lasatv.cn/cms/videos/nmip-media/channellive/channel4/playlist.m3u8
拉萨文旅频道,http://file.lasatv.cn/cms/videos/nmip-media/channellive/channel3/playlist.m3u8
云南澜湄国际,http://tvlive.ynradio.com/live/yunnanguoji/playlist.m3u8
昆明新闻综合,http://wshls.live.migucloud.com/live/01YCQY7M_C0/playlist.m3u8
昆明新闻综合,http://devlivepull.migucloud.com/live/01YCQY7M_C0.flv
昆明经济生活,http://wshls.live.migucloud.com/live/JT9JEQ54_C0_2/playlist.m3u8
昆明经济生活,http://devlivepull.migucloud.com/live/JT9JEQ54_C0_2.flv
昆明科学教育,http://wshls.live.migucloud.com/live/ZBXWIMTD_C0_2/playlist.m3u8
昆明科学教育,http://devlivepull.migucloud.com/live/ZBXWIMTD_C0_2.flv
昆明影视综艺,http://wshls.live.migucloud.com/live/KYLNJWFD_C0_2/playlist.m3u8
昆明影视综艺,http://devlivepull.migucloud.com/live/KYLNJWFD_C0_2.flv
昆明公共频道,http://wshls.live.migucloud.com/live/UD0YLY2G_C0_3/playlist.m3u8
昆明公共频道,http://devlivepull.migucloud.com/live/UD0YLY2G_C0_3.flv
玉溪综合,https://hwapi.yunshicloud.com/r5fc3f/3l9g1m.m3u8
德宏新闻综合,http://hw-play.lezhibo.com/live/0c86d6ff906e424fb4457a4806f645ea.m3u8
德宏公共民语,http://hw-play.lezhibo.com/live/0e0bf436ed2847eaa7083a11c185f221.m3u8
红河州新闻综合,http://file.hhtv.cc/cms/videos/nmip-media/channellive/channel1/playlist.m3u8
红河州新闻综合,http://tv.drs.hhtv.cc:8100/channellive/hhtv-1.flv
红河州公共频道,http://file.hhtv.cc/cms/videos/nmip-media/channellive/channel2/playlist.m3u8
红河州公共频道,http://tv.drs.hhtv.cc:8100/channellive/hhtv-2.flv
文山州新闻综合,http://tvdrs.wsrtv.com.cn:8100/channellive/ch1.flv
文山州新闻综合,http://m3u8.channel.wsrtv.com.cn/cms/videos/nmip-media/channellive/channel7/playlist.m3u8
文山州公共,http://m3u8.channel.wsrtv.com.cn/cms/videos/nmip-media/channellive/channel8/playlist.m3u8
普洱新闻综合,http://file.pebtv.cn:8101/cms/videos/nmip-media/channellive/channel12/playlist.m3u8
普洱公共频道,http://file.pebtv.cn:8101/cms/videos/nmip-media/channellive/channel27/playlist.m3u8
普洱科教频道,http://file.pebtv.cn:8101/cms/videos/nmip-media/channellive/channel28/playlist.m3u8
临沧综合,https://hwapi.yunshicloud.com/6tt654/1i495z.m3u8
临沧公共,https://hwapi.yunshicloud.com/6tt654/drfs5s.m3u8
保山一套,http://liveynbsdst.chinamcache.com/live/zb01.m3u8?auth_key=%2A%2A%2A
保山二套,http://liveynbsdst.chinamcache.com/live/zb02.m3u8?auth_key=%2A%2A%2A
保山三套,http://liveynbsdst.chinamcache.com/live/zb03.m3u8?auth_key=%2A%2A%2A
西双版纳综合,http://file.xsbnrtv.cn/vms/videos/nmip-media/channellive/channel1/playlist.m3u8
西双版纳公共,http://file.xsbnrtv.cn/vms/videos/nmip-media/channellive/channel3/playlist.m3u8
怒江新闻综合,http://livebroadcast.ccwb.cn/live/w1620805130988936.m3u8
新平综合,http://livebroadcast.ccwb.cn/live/w1615257519790969.m3u8
巧家综合,http://livebroadcast.ccwb.cn/live/w1593303918254963.m3u8
彝良综合,http://livebroadcast.ccwb.cn/live/w1606370492402991.m3u8
永善综合,http://livebroadcastys.ccwb.cn/live/w1640068184635996.m3u8
镇雄电视台,http://livebroadcast.ccwb.cn/live/w1606722098119972.m3u8
福贡综合,http://livebroadcast.ccwb.cn/live/w1612505860303999.m3u8
贡山综合,http://livebroadcast.ccwb.cn/live/w1609121671179943.m3u8
兰坪综合,http://livebroadcast.ccwb.cn/live/w1628850306485945.m3u8
兰坪综合,https://hwapi.yunshicloud.com/qzth63/jw2995.m3u8
泸水综合,http://livebroadcast.ccwb.cn/live/w1596164431584927.m3u8
个旧综合,http://tv.drs.hhtv.cc:8100/channellive/gjdst.flv
个旧综合,http://file.hhtv.cc/cms/videos/nmip-media/channellive/channel6/playlist.m3u8
红河县综合,http://file.hhtv.cc/cms/videos/nmip-media/channellive/channel3/playlist.m3u8
红河县综合,http://tv.drs.hhtv.cc:8100/channellive/hhxdst.flv
屏边综合,http://file.hhtv.cc/cms/videos/nmip-media/channellive/channel5/playlist.m3u8
元阳综合,http://file.hhtv.cc/cms/videos/nmip-media/channellive/channel7/playlist.m3u8
元阳综合,http://tv.drs.hhtv.cc:8100/channellive/yydst.flv
麻栗坡电视台,http://m3u8.channel.wsrtv.com.cn/cms/videos/nmip-media/channellive/channel18/playlist.m3u8
麻栗坡电视台,http://tvdrs.wsrtv.com.cn:8100/channellive/mlptv.flv
大理市新闻综合,https://hwapi.yunshicloud.com/iaef5d/4jjy56.m3u8
宾川一套,https://hwapi.yunshicloud.com/izn8ol/35s3my.m3u8
宾川一套,http://live.bcrmtzx.com/tv01/sd/live.m3u8
耿马综合,https://hwapi.yunshicloud.com/48td74/1t0g2n.m3u8
浙江钱江都市,http://hw-m-l.cztv.com/channels/lantian/channel002/1080p.m3u8
浙江钱江都市,http://hw-m-l.cztv.com/channels/lantian/channel02/720p.m3u8
浙江钱江都市,http://hw-m-l.cztv.com/channels/lantian/channel02/360p.m3u8
浙江经济生活,http://hw-m-l.cztv.com/channels/lantian/channel003/1080p.m3u8
浙江经济生活,http://hw-m-l.cztv.com/channels/lantian/channel03/720p.m3u8
浙江经济生活,http://hw-m-l.cztv.com/channels/lantian/channel03/360p.m3u8
浙江教科影视,http://hw-m-l.cztv.com/channels/lantian/channel004/1080p.m3u8
浙江教科影视,http://hw-m-l.cztv.com/channels/lantian/channel04/720p.m3u8
浙江教科影视,http://hw-m-l.cztv.com/channels/lantian/channel04/360p.m3u8
浙江民生休闲,http://hw-m-l.cztv.com/channels/lantian/channel006/1080p.m3u8
浙江民生休闲,http://hw-m-l.cztv.com/channels/lantian/channel06/720p.m3u8
浙江民生休闲,http://hw-m-l.cztv.com/channels/lantian/channel06/360p.m3u8
浙江新闻,http://hw-m-l.cztv.com/channels/lantian/channel007/1080p.m3u8
浙江新闻,http://hw-m-l.cztv.com/channels/lantian/channel07/720p.m3u8
浙江新闻,http://hw-m-l.cztv.com/channels/lantian/channel07/360p.m3u8
浙江国际,http://hw-m-l.cztv.com/channels/lantian/channel010/1080p.m3u8
浙江国际,http://hw-m-l.cztv.com/channels/lantian/channel10/720p.m3u8
浙江国际,http://hw-m-l.cztv.com/channels/lantian/channel10/360p.m3u8
数码时代,http://hw-m-l.cztv.com/channels/lantian/channel012/1080p.m3u8
数码时代,http://hw-m-l.cztv.com/channels/lantian/channel12/720p.m3u8
数码时代,http://hw-m-l.cztv.com/channels/lantian/channel12/360p.m3u8
绍兴新闻综合,http://live.shaoxing.com.cn/video/s10001-sxhb/index.m3u8
绍兴新闻综合,http://live.shaoxing.com.cn/video/s10001-sxtv1/index.m3u8
绍兴公共频道,http://live.shaoxing.com.cn/video/s10001-sxtv2/index.m3u8
绍兴文化影视,http://live.shaoxing.com.cn/video/s10001-sxtv3/index.m3u8
舟山新闻综合,http://live1.plus.wifizs.cn/xwzh/sd/live.m3u8
温州新闻综合,http://live.wzqmt.com/wztv1/sd/live.m3u8
温州经济科教,http://live.wzqmt.com/wztv2/sd/live.m3u8
温州都市生活,http://live.wzqmt.com/wztv3/sd/live.m3u8
温州公共频道,http://live.wzqmt.com/wztv4/sd/live.m3u8
磐安新闻综合,http://hlsv2.quklive.com/live/1626400915947070/index.m3u8
磐安文化生活,http://hlsv2.quklive.com/live/1626401163709056/index.m3u8
武义新闻综合,http://l.cztvcloud.com/channels/lantian/SXwuyi1/720p.m3u8
永康新闻综合,http://hlsv2.quklive.com/live/1625061424267104/index.m3u8
永康华溪频道,http://hlsv2.quklive.com/live/1625062755227231/index.m3u8
平湖新闻综合,http://l.cztvcloud.com/channels/lantian/SXpinghu1/720p.m3u8
平湖民生休闲,http://l.cztvcloud.com/channels/lantian/SXpinghu2/720p.m3u8
萧山新闻综合,http://l.cztvcloud.com/channels/lantian/SXxiaoshan1/720p.m3u8
萧山生活频道,http://l.cztvcloud.com/channels/lantian/SXxiaoshan2/720p.m3u8
淳安电视台,https://wtmtylive.yunshicloud.com/tbziu1/ad592j.m3u8
余杭综合频道,http://l.cztvcloud.com/channels/lantian/SXyuhang1/720p.m3u8
余杭未来E频道,http://l.cztvcloud.com/channels/lantian/SXyuhang3/720p.m3u8
临平新闻频道,http://l.cztvcloud.com/channels/lantian/SXyuhang2/720p.m3u8
余姚新闻综合,http://l.cztvcloud.com/channels/lantian/SXyuyao1/720p.m3u8
余姚姚江文化,http://l.cztvcloud.com/channels/lantian/SXyuyao3/720p.m3u8
嵊州新闻综合,http://l.cztvcloud.com/channels/lantian/SXshengzhou1/720p.m3u8
嵊州新闻综合,https://hlsv2.quklive.com/live/1626935015913208/index.m3u8
嵊泗新闻综合,http://l.cztvcloud.com/channels/lantian/SXshengsi1/720p.m3u8
诸暨新闻综合,http://l.cztvcloud.com/channels/lantian/SXzhuji3/720p.m3u8
上虞新闻综合,http://l.cztvcloud.com/channels/lantian/SXshangyu1/720p.m3u8
上虞文化影视,http://l.cztvcloud.com/channels/lantian/SXshangyu2/720p.m3u8
上虞新商都,http://l.cztvcloud.com/channels/lantian/SXshangyu3/720p.m3u8
海宁新闻综合,http://live.hndachao.cn/xwzh/sd/live.m3u8
海宁生活服务,http://live.hndachao.cn/shfw/sd/live.m3u8
兰溪新闻综合,http://l.cztvcloud.com/channels/lantian/SXlanxi1/720p.m3u8
德清新闻综合,http://live.yingxi.tv/channel1/sd/live.m3u8
德清文化生活,http://live.yingxi.tv/channel2/sd/live.m3u8
苍南新闻综合,http://l.cztvcloud.com/channels/lantian/SXcangnan1/720p.m3u8
洞头综合频道,http://l.cztvcloud.com/channels/lantian/SXdongtou1/720p.m3u8
泰顺新闻综合,http://pili-live-hls.jrts.tianma3600.com/jrts/dspd.m3u8
文成综合频道,http://l.cztvcloud.com/channels/lantian/SXwencheng1/720p.m3u8
文成二套,http://l.cztvcloud.com/channels/lantian/SXwencheng2/720p.m3u8
永嘉新闻综合,http://l.cztvcloud.com/channels/lantian/SXyongjia1/720p.m3u8
南浔综合频道,http://pili-live-hls.nanxunfb.com/nanxun/live3002833-0.m3u8
柯桥新闻综合,https://hlsv2.quklive.com/live/1640945211435051/index.m3u8
柯桥轻纺城时尚,https://hlsv2.quklive.com/live/1640944894797021/index.m3u8
象山新闻综合,http://l.cztvcloud.com/channels/lantian/SXxiangshan1/720p.m3u8
建德综合频道,http://livejdrmt.chinamcache.com/live/jdzb02.m3u8
普陀新闻综合,http://l.cztvcloud.com/channels/lantian/SXputuo1/720p.m3u8
奉化新闻综合,http://live1.fhtv.net.cn/zhzb/sd/live.m3u8
奉化生活娱乐,http://live1.fhtv.net.cn/shys/sd/live.m3u8
镇海综合频道,http://pluslive.zhxww.net/channel1/sd/live.m3u8
镇海先锋影视,http://pluslive.zhxww.net/channel2/sd/live.m3u8
海盐新闻频道,http://lived.dmqhyadmin.com/ds/sd/live.m3u8
桐乡新闻综合,http://live.txcmapp.com/tszh1/sd/live.m3u8
鄞州一套,http://pili-publish.yzxw.newaircloud.com/newaircloud-yzxw/yzxw_20190925090843.m3u8
鄞州二套,http://pili-publish.yzxw.newaircloud.com/newaircloud-yzxw/yzxw_20190925090936.m3u8
天台和合频道,http://hlsv2.quklive.com/live/1617072208961931/index.m3u8
常山新闻综合,https://hlsv2.quklive.com/live/1621306190044902/index.m3u8
江山电视台,http://play-sh.quklive.com/live/1623117710666335.m3u8
开化新闻综合,http://l.cztvcloud.com/channels/lantian/SXkaihua1/720p.m3u8
开化国家公园,http://l.cztvcloud.com/channels/lantian/SXkaihua2/720p.m3u8
龙游新闻综合,http://l.cztvcloud.com/channels/lantian/SXlongyou1/720p.m3u8
龙游生活娱乐,http://l.cztvcloud.com/channels/lantian/SXlongyou2/720p.m3u8
衢江新闻综合,http://l.cztvcloud.com/channels/lantian/SXqujiang1/720p.m3u8
景宁新闻综合,http://hlsv2.quklive.com/live/1622691799302368/index.m3u8
景宁文化旅游,http://hlsv2.quklive.com/live/1626961770231388/index.m3u8
缙云综合频道,http://l.cztvcloud.com/channels/lantian/SXjinyun1/720p.m3u8
龙泉新闻综合,http://l.cztvcloud.com/channels/lantian/SXlongquan1/720p.m3u8
庆元综合频道,http://l.cztvcloud.com/channels/lantian/SXqingyuan1/720p.m3u8
遂昌综合频道,http://l.cztvcloud.com/channels/lantian/SXsuichang1/720p.m3u8
松阳综合频道,http://l.cztvcloud.com/channels/lantian/SXsongyang1/720p.m3u8
云和新闻综合,http://l.cztvcloud.com/channels/lantian/SXyunhe1/720p.m3u8
北仑电视台,http://play-sh.quklive.com/live/1626327731714170.m3u8
青田电视台,http://l.cztvcloud.com/channels/lantian/SXqingtian1/720p.m3u8
黑莓电竞,http://39.135.138.58:18890/PLTV/88888888/224/3221225653/index.m3u8
黑莓电竞,http://39.135.138.58:18890/PLTV/88888888/224/3221225749/index.m3u8
黑莓电竞,http://39.135.138.58:18890/PLTV/88888888/224/3221225750/index.m3u8
纯享4K,http://39.135.138.58:18890/PLTV/88888888/224/3221225786/index.m3u8
纯享4K,http://39.135.138.58:18890/ysten-businessmobile/live/HD-20M-2160P-chunxiang4k/1.m3u8
早教,http://59.49.41.39/live.aishang.ctlcdn.com/00000110240334_1/playlist.m3u8?CONTENTID=00000110240334_1
魅力广东,http://39.135.138.58:18890/ysten-businessmobile/live/HD-4000k-1080P-NEWTVguangdongstv/1.m3u8
魅力广西,http://39.135.138.58:18890/ysten-businessmobile/live/HD-4000k-1080P-NEWTVguangxistv/1.m3u8
魅力吉林,http://39.135.138.58:18890/ysten-businessmobile/live/HD-4000k-1080P-NEWTVjilinstv/1.m3u8
魅力江西,http://39.135.138.58:18890/ysten-businessmobile/live/HD-4000k-1080P-chaojijiangxistv/1.m3u8
魅力四川,http://39.135.138.58:18890/ysten-businessmobile/live/HD-4000k-1080P-NEWTVsichuanstv/1.m3u8
魅力山东,http://39.135.138.58:18890/ysten-businessmobile/live/HD-4000k-1080P-NEWTVshandongstv/1.m3u8
魅力云南,http://39.135.138.58:18890/ysten-businessmobile/live/HD-4000k-1080P-NEWTVyunnanstv/1.m3u8
魅力黑龙江,http://39.135.138.58:18890/ysten-businessmobile/live/HD-4000k-1080P-NEWTVheilongjiangstv/1.m3u8
NewTV超级电影,http://39.135.138.58:18890/PLTV/88888888/224/3221225623/index.m3u8
NewTV超级电影,http://39.135.138.58:18890/PLTV/88888888/224/3221225766/index.m3u8
NewTV超级综艺,http://39.135.138.58:18890/PLTV/88888888/224/3221225620/index.m3u8
NewTV超级综艺,http://39.135.138.58:18890/PLTV/88888888/224/3221225768/index.m3u8
NewTV潮妈辣婆,http://39.135.138.58:18890/PLTV/88888888/224/3221225708/index.m3u8
NewTV东北热剧,http://39.135.138.58:18890/PLTV/88888888/224/3221226202/index.m3u8
NewTV古装剧场,http://39.135.138.58:18890/PLTV/88888888/224/3221225678/index.m3u8
NewTV欢乐剧场,http://39.135.138.58:18890/PLTV/88888888/224/3221226210/index.m3u8
NewTV热播精选,http://39.135.138.58:18890/PLTV/88888888/224/3221225712/index.m3u8
NewTV怡伴健康,http://39.135.138.58:18890/PLTV/88888888/224/3221225666/index.m3u8
NewTV军旅剧场,http://39.135.138.58:18890/PLTV/88888888/224/3221225669/index.m3u8
NewTV精品大剧,http://39.135.138.58:18890/PLTV/88888888/224/3221225714/index.m3u8
NewTV精品纪录,http://39.135.138.58:18890/PLTV/88888888/224/3221225710/index.m3u8
NewTV金牌综艺,http://39.135.138.58:18890/PLTV/88888888/224/3221225711/index.m3u8
NewTV军事评论,http://39.135.138.58:18890/PLTV/88888888/224/3221225757/index.m3u8
NewTV家庭剧场,http://39.135.138.58:18890/PLTV/88888888/224/3221225713/index.m3u8
NewTV精品综合,http://39.135.138.58:18890/PLTV/88888888/224/3221225716/index.m3u8
NewTV农业致富,http://39.135.138.58:18890/PLTV/88888888/224/3221225670/index.m3u8
NewTV武搏世界,http://39.135.138.58:18890/PLTV/88888888/224/3221225656/index.m3u8
NewTV中国功夫,http://39.135.138.58:18890/PLTV/88888888/224/3221225660/index.m3u8
NewTV超级电视剧,http://39.135.138.58:18890/PLTV/88888888/224/3221225625/index.m3u8
NewTV超级电视剧,http://39.135.138.58:18890/PLTV/88888888/224/3221225765/index.m3u8
北京-水长城01,https://gcalic.v.myalicdn.com/gc/wgw01_1/index.m3u8?contentid=2820180516001
北京-水长城02,https://gcalic.v.myalicdn.com/gc/wgw02_1/index.m3u8?contentid=2820180516001
北京-水长城03,https://gcalic.v.myalicdn.com/gc/wgw03_1/index.m3u8?contentid=2820180516001
北京-水长城04,https://gcalic.v.myalicdn.com/gc/wgw04_1/index.m3u8?contentid=2820180516001
安徽-黄山飞来石,https://gcalic.v.myalicdn.com/gc/hsptgy_1/index.m3u8?contentid=2820180516001
安徽-黄山光明顶,https://gcalic.v.myalicdn.com/gc/hsgmd_1/index.m3u8?contentid=2820180516001
安徽-黄山梦笔生花,https://gcalic.v.myalicdn.com/gc/hsmbsh_1/index.m3u8?contentid=2820180516001
广东-车八岭国家级自然保护区,http://gcbsc.v.live.baishancdnx.cn/gc/hsxkscj_1/index.m3u8
广东-广州塔与海心桥视角,http://gctxyc.liveplay.myqcloud.com/gc/ztb_1_md.m3u8
广东-梅州梅江,http://gcalic.v.myalicdn.com/gc/gllj01_1/index.m3u8
广东-汕头市小公园,http://gcksc.v.kcdnvip.com/gc/bsszjs_1/index.m3u8
Kanali 7 Ⓢ,https://fe.tring.al/delta/105/out/u/1200_1.m3u8
A2 CNN Albania,https://tv.a2news.com/live/smil:a2cnnweb.stream.smil/playlist.m3u8
ABC News Albania Ⓣ,https://www.twitch.tv/abcnewsal
AlbKanale Music TV Ⓢ,https://albportal.net/albkanalemusic.m3u8
Alpo TV,https://5d00db0e0fcd5.streamlock.net/7236/7236/playlist.m3u8
CNA,https://live1.mediadesk.al/cnatvlive.m3u8
Euronews Albania Ⓨ,https://www.youtube.com/@EuronewsAlbania/live
News 24 Ⓢ,https://tv.balkanweb.com/news24/livestream/playlist.m3u8
Ora News,https://live1.mediadesk.al/oranews.m3u8
Panorama TV Ⓢ,http://198.244.188.94/panorama/livestream/playlist.m3u8
Report TV,https://deb10stream.duckdns.org/hls/stream.m3u8
Syri,https://stream.syritv.al/SyriTV/index.m3u8
Top News Ⓣ,https://www.twitch.tv/topnewsal
Tropoja,https://live.prostream.al/al/smil:tropojatv.smil/playlist.m3u8
TV 7 Albania,https://5d00db0e0fcd5.streamlock.net/7064/7064/playlist.m3u8
TV Apollon Ⓢ,https://live.apollon.tv/Apollon-WEB/video.m3u8?token=%2A%2A%2A
Vizion Plus,https://fe.tring.al/delta/105/out/u/rdghfhsfhfshs.m3u8
Andorra TV,https://videos.rtva.ad/live/rtva/playlist.m3u8
TN Todo Noticias Ⓨ,https://www.youtube.com/c/todonoticias/live
Encuentro Ⓨ Ⓖ,https://www.youtube.com/user/encuentro/live
Pakapaka Ⓨ Ⓖ,https://www.youtube.com/user/CanalPakapaka/live
Aunar,https://5fb24b460df87.streamlock.net/live-cont.ar/mirador/playlist.m3u8
Cine.AR,https://5fb24b460df87.streamlock.net/live-cont.ar/cinear/playlist.m3u8
Tec TV,https://tv.initium.net.ar:3939/live/tectvmainlive.m3u8
Televisión Pública Ⓨ,https://www.youtube.com/user/TVPublicaArgentina/live
DeporTV,https://5fb24b460df87.streamlock.net/live-cont.ar/deportv/playlist.m3u8
Canal 26 Ⓨ,https://www.youtube.com/c/canal26/live
Crónica TV Ⓨ,https://www.youtube.com/c/cronicatv/live
IP Noticias Ⓨ,https://www.youtube.com/watch?v=IxQ2-6Y4y9w
El Destape Ⓨ,https://www.youtube.com/watch?v=JuskTxbUqmY
C5N Ⓨ,https://www.youtube.com/c/c5n/live
LN+ Ⓨ,https://www.youtube.com/c/LaNacionMas/live
Canal E,https://unlimited1-us.dps.live/perfiltv/perfiltv.smil/perfiltv/livestream2/chunks.m3u8
Telemax,https://live-edge01.telecentro.net.ar/live/smil:tlx.smil/playlist.m3u8
Net TV,https://unlimited1-us.dps.live/nettv/nettv.smil/playlist.m3u8
TV Universidad,https://stratus.stream.cespi.unlp.edu.ar/hls/tvunlp.m3u8
Barricada TV,https://live-ak.vimeocdn.com/exp=1696402364~acl=%2F9f41e203-241b-4eb7-b0b5-b1839903408f%2F%2A~hmac=d4819f301510676a986bfe610b664765ee2b1a23e1e1ca3214398f949a0b2778/9f41e203-241b-4eb7-b0b5-b1839903408f/hls.m3u8?min_seconds=30
Urbana Tevé,https://cdnhd.iblups.com/hls/DD3nXkAkWk.m3u8
Comarca TV,https://video-weaver.ord56.hls.ttvnw.net/v1/playlist/Cq4FFLOPxq44Qy0kxjcr_wXuRRwjKU6gJ80Tc5eWRkaz5XdeNfeq7DzoNAstinu7BLtnw7jYDANX5yCDozdlS55_kYfuDyqQhwF0JpzU75lDUv5NOuUVWBwlP0m1Bh1JMn21v_OvA_teSCI7hcIFl2DoINrr8bHnpSS8EUvXNesfdX_LcfQH-clqftQ0sCreLIbTvxI5MyL6Wnm8jGh2yg48A2c_k9YHDH6TpM3tLo-pbRrrfByqMq-IoMQREf5DV_sTfHtAzinQQU3Np309s2ScJwcBlAjzz4VJ7svuJ1UbWBBylenSTnrXQW5Vws7OqG2kcoAHHpAQN6BQCpxaXO6dE7MLg7Nq6E7961fHEVSqFCRQg2Y5orbSsEwMo7_S4s5POZSQX1tn04QDuHfLixx-aBcbctSSFmI1CNZ3YDCEZVvWHOU6SyKQcsZeJCFLA1DsxqY3DeAn6n7xpPS4pdsizKqlqsT66liv_L-48h7jGujNZPDHge0fcgUs_7b7jlKJlKv-S_s1mGgLqPEUEQ8dhn5AugB0kfjAGgcTHIP_qLPRY0M7OikuBaMxh1pUpPkVG9AX4jCg1cwCgcfa64OP9ed4pwMjoiKm0dIfytTQ8hWjwXtkv16nJDfZ3kkqaMnM8ErZG6tRw-JVy3nRooKubY7Re0Fc1RHB85_eX2NYQD88N7r-UgaiO2ax0FQ-E_IdfuwSmp5oDy6Di6pT7r_zDRN3znbV64s4i-INUg-D2Leeq4xqYhe_Zhj-3AoxXDWCB0-DCc1kFEComkNpY01YA19zEm01TKLCbdaJwdC6bQpSEoJkOCoPAMnxm7oPNlqZRbhM4TVCJ34f4Y1guzaDomcEABl4Cii2UF-OhskRUZF-SUWjWdO6z62UqZagzG2QOTr6VBH-ItT_16fLsRUaDGTVKzgYHT8XcSqTkyABKgl1cy1lYXN0LTEwjQY.m3u8
El Trece,https://live-01-02-eltrece.vodgc.net/eltrecetv/index.m3u8
El Nueve,https://octubre-live.cdn.vustreams.com/live/channel09/live.isml/live.m3u8
Telefe Ⓨ,https://telefe.com/Api/Videos/GetSourceUrl/694564/0/HLS?.m3u8=
América Ⓨ,https://www.youtube.com/c/americaenvivo/live
A24 Ⓨ,https://www.youtube.com/c/A24com/live
Armenia 1,https://amtv1.livestreamingcdn.com/am2abr/index.m3u8
Kentron TV Ⓢ,https://gineu9.bozztv.com/gin-36bay2/gin-kentron/tracks-v1a1/mono.m3u8
Armenia TV Ⓢ,https://cdn.hayastantv.com:8088/armenia/tracks-v1a1/mono.m3u8
5TV Ⓢ,https://cdn.hayastantv.com:8088/5tv/tracks-v1a1/mono.m3u8
ABC,https://c.mjh.nz/101002210221/
TVSN,https://tvsn-i.akamaihd.net/hls/live/261837/tvsn/tvsn_750.m3u8
ABC Me,https://c.mjh.nz/101002210224/
ABC News,https://abc-iview-mediapackagestreams-2.akamaized.net/out/v1/6e1cc6d25ec0480ea099a5399d73bc4b/index.m3u8
M4TV,https://5a32c05065c79.streamlock.net/live/stream/playlist.m3u8
Racing.com,https://racingvic-i.akamaized.net/hls/live/598695/racingvic/1500.m3u8
9Go! Ⓖ,https://9now-livestreams.akamaized.net/hls/live/2008312/go-syd/master.m3u8
9Life Ⓖ,https://9now-livestreams.akamaized.net/hls/live/2008313/life-syd/master.m3u8
9Rush Ⓖ,https://9now-livestreams.akamaized.net/hls/live/2010626/rush-syd/master.m3u8
ORF 1 Ⓖ,https://orf1.mdn.ors.at/out/u/orf1/q8c/manifest.m3u8
ORF 2 Ⓖ,https://orf2.mdn.ors.at/out/u/orf2/q8c/manifest.m3u8
ORF III Ⓖ,https://orf3.mdn.ors.at/out/u/orf3/q8c/manifest.m3u8
ORF Sport + Ⓖ,https://orfs.mdn.ors.at/out/u/orfs/q8c/manifest.m3u8
Servus TV Ⓖ,https://rbmn-live.akamaized.net/hls/live/2002825/geoSTVATweb/master.m3u8
oe24,https://varoe24live.sf.apa.at/oe24-live1/oe24.smil/chunklist_b1900000.m3u8
W24,https://ms01.w24.at/W24/smil:liveevent.smil/playlist.m3u8
P3TV,http://p3-6.mov.at:1935/live/weekstream/playlist.m3u8
RTV,http://iptv.rtv-ooe.at/stream.m3u8
RTS Ⓖ,https://58b42f6c8c9bf.streamlock.net:8080/live/RTS2015/playlist.m3u8
Tirol TV Ⓖ,http://lb.hd-livestream.de:1935/live/TirolTV/playlist.m3u8
R9,https://ms01.w24.at/R9/smil:liveeventR9.smil/playlist.m3u8
ARB 24,http://85.132.81.184:8080/arb/live/index.m3u8
ARB Günəş Ⓢ,https://www.tvkaista.net/stream-forwarder/get.php?x=ARMGunes
ARB Ⓢ,http://109.205.166.68/server124/arb/index.m3u8
Azad Azərbaycan TV (ATV) Ⓢ,https://www.tvkaista.net/stream-forwarder/get.php?x=ATVAz
AzStarTV,http://live.azstartv.com/azstar/smil:azstar.smil/playlist.m3u8
AZTV Ⓢ,https://www.tvkaista.net/stream-forwarder/get.php?x=AZTV
Baku TV,https://rtmp.baku.tv/live/bakutv_720p.m3u8
CBC,https://stream.cbctv.az:5443/LiveApp/streams/cbctv.m3u8
CBC Sport Ⓖ,https://mn-nl.mncdn.com/cbcsports_live/cbcsports/playlist.m3u8
Dünya TV Ⓢ,https://www.tvkaista.net/stream-forwarder/get.php?x=Dunya
İctimai TV Ⓢ,http://109.205.166.68/server124/ictimai_tv/index.m3u8
İdman TV Ⓢ,http://109.205.166.68/server124/idman_az/index.m3u8
Kanal S,https://www.tvkaista.net/stream-forwarder/get.php?x=KanalS
Mədəniyyət TV Ⓢ,https://str.yodacdn.net/medeniyyet/index.m3u8
Real TV,https://www.tvkaista.net/stream-forwarder/get.php?x=RealTV
Space TV Ⓢ,http://109.205.166.68/server124/space_tv/index.m3u8
TMB Azərbaycan,https://www.tvkaista.net/stream-forwarder/get.php?x=TMBAzerbaijan
Xəzər TV Ⓢ,https://www.tvkaista.net/stream-forwarder/get.php?x=Xezer
Səhiyyə TV,https://www.tvkaista.net/stream-forwarder/get.php?x=SehiyyeTV
VIP HD,https://www.tvkaista.net/stream-forwarder/get.php?x=AZ_VIP
MTV Azerbaijan Ⓢ,https://www.tvkaista.net/stream-forwarder/get.php?x=MTVAzerbaijan
Первый Информацыйнный,[https://edge55.dc.beltelecom.by/ngtrk/smil:belarus1.smil/playlist.m3u8](https://edge55.dc.beltelecom.by/ngtrk/smil:informacionnyy.smil/playlist.m3u8)
Беларусь 1,https://edge55.dc.beltelecom.by/ngtrk/smil:belarus1.smil/playlist.m3u8
Беларусь 2,https://edge55.dc.beltelecom.by/ngtrk/smil:belarus2.smil/playlist.m3u8
Беларусь 3,https://edge55.dc.beltelecom.by/ngtrk/smil:belarus3.smil/playlist.m3u8
ОНТ Ⓢ,https://stream.dc.beltelecom.by/ont/ont/playlist.m3u8
Беларусь 5,https://edge55.dc.beltelecom.by/ngtrk/smil:belarus5.smil/playlist.m3u8
СТВ,https://ctv.dc.beltelecom.by/ctv/ctv.stream/playlist.m3u8
Беларусь 24,https://edge55.dc.beltelecom.by/ngtrk/smil:belarus24.smil/playlist.m3u8
Беларусь 5 Интернет,https://edge55.dc.beltelecom.by/ngtrk/smil:belarus5int.smil/playlist.m3u8
1Mus,http://hz1.teleport.cc/HLS/HD.m3u8
8 Kanal Vitebsk Ⓢ,http://95.46.208.8:24433/art
Belros Ⓢ,https://live2.mediacdn.ru/sr1/tro/playlist.m3u8
Belarus 4 Vitebsk Ⓢ,http://95.46.208.8:26258/belarus4
Hawe TV Vitebsk Ⓢ,http://95.46.208.8:26259/nashe
Pervyy Muzykal'nyy BY Ⓢ,http://rtmp.one.by:1200
Planeta RTR Ⓢ,https://a3569455801-s26881.cdn.ngenix.net/live/smil:rtrp.smil/chunklist_b1600000.m3u8
Radio HIT Orsk,http://hithd.camsh.orsk.ru/hls/hithd.m3u8
Vitebsk Telekanal,https://flu.vtv.by/tvt-non-by/tracks-v1a1/mono.m3u8
RTL-Be,https://rtltvi-lh.akamaihd.net/i/TVI_1@319659/master.m3u8
La Une,http://4ce5e2d62ee2c10e43c709f9b87c44d5.streamhost.cc/m3u8/Belgium/29797c9f3f4fa00.m3u8
Tipik,http://4ce5e2d62ee2c10e43c709f9b87c44d5.streamhost.cc/m3u8/Belgium/5dee2de1f4661ce.m3u8
Club RTL,http://4ce5e2d62ee2c10e43c709f9b87c44d5.streamhost.cc/m3u8/Belgium/9ef55f75bc15308.ts
La Trois,http://4ce5e2d62ee2c10e43c709f9b87c44d5.streamhost.cc/m3u8/Belgium/6f940c7da9a562e.ts
Plug RTL,http://4ce5e2d62ee2c10e43c709f9b87c44d5.streamhost.cc/m3u8/Belgium/de5c6896d356f8e.ts
LN24,https://live.cdn.ln24.be/out/v1/b191621c8b9a436cad37bb36a82d2e1c/index.m3u8
BX1,https://59959724487e3.streamlock.net/stream/live/playlist.m3u8
EEN,https://live-vrt.rabah.net/groupc/live/8edf3bdf-7db3-41c3-a318-72cb7f82de66/live_aes.isml/playlist.m3u8
Canvas,http://4ce5e2d62ee2c10e43c709f9b87c44d5.streamhost.cc/m3u8/Belgium/09916e3a88db175.ts
VTM,http://4ce5e2d62ee2c10e43c709f9b87c44d5.streamhost.cc/m3u8/Belgium/c5cafdbfc4d28d3.ts
VIER,http://4ce5e2d62ee2c10e43c709f9b87c44d5.streamhost.cc/m3u8/Belgium/3f1f349cb9cf765.ts
VIJF,http://4ce5e2d62ee2c10e43c709f9b87c44d5.streamhost.cc/m3u8/Belgium/7f59a4dfcc56366.ts
BHT 1,https://bhrtstream.bhtelecom.ba/bhrtportal_hd.m3u8
BHT 1 Ⓢ,https://bhrtstream.bhtelecom.ba/bhrtportal.m3u8
Federalna televizija (FTV) Ⓢ,http://94.250.2.6:7374/play/a02s/index.m3u8
Televizija Republike Srpske (RTRS),https://parh.rtrs.tv/tv/live/playlist.m3u8
RTRS PLUS Ⓢ,https://pluslive.rtrs.tv/plus/plus/playlist.m3u8
N1 Bosna i Hercegovina,https://best-str.umn.cdn.united.cloud/stream?channel=n1bos&p=n1Sh4redSecre7iNf0&sp=n1info&stream=sp1400&u=n1info
RTV HB Ⓢ,https://prd-hometv-live-open.spectar.tv/ERO_1_083/playlist.m3u8
RTV BN,https://stream2.rtvbn.tv:8080/live_1935/bnstream/index.m3u8
RTV Glas Drine,http://glasdrine.cutuk.net:8081/433ssdsw/GlasDrineSD/playlist.m3u8
Sevdah Ⓢ,https://restreamer2.tnt.ba/hls/stream.m3u8
TNT Kids,https://restreamer1.tnt.ba/hls/tntkids.m3u8
Televizija 5,https://balkanmedia.dynu.net/hls/tv5web.m3u8
Kanal 6,https://restreamer1.tnt.ba/hls/kanal6.m3u8
SuperTV,https://mirtv.club/live/mirtv/index.m3u8
Neon TV,rtsp://185.50.56.16:554/neontelvizija
RTV ZE Ⓢ,https://stream.rtvze.ba/live/123/123.m3u8
TV BPK Ⓢ,http://94.250.2.6:7374/play/a02u/index.m3u8
COM Brasil,https://br5093.streamingdevideo.com.br/abc/abc/playlist.m3u8
SBT Ⓨ,https://www.youtube.com/watch?v=ABVQXgr2LW4
RBC Ⓨ,https://www.youtube.com/watch?v=oUdd3CsxYaE
Record News,https://stream.ads.ottera.tv/playlist.m3u8?network_id=2116
ISTV,https://video08.logicahost.com.br/istvnacional/srt.stream/istvnacional.m3u8
Rede Brasil,https://video09.logicahost.com.br/redebrasiloficial/redebrasiloficial/playlist.m3u8
TV Câmara,https://stream3.camara.gov.br/tv1/manifest.m3u8
TVE RS,http://selpro1348.procergs.com.br:1935/tve/stve/playlist.m3u8
TV Cultura,https://player-tvcultura.stream.uol.com.br/live/tvcultura.m3u8
City TV Ⓢ,https://tv.city.bg/play/tshls/citytv/index.m3u8
Euronews Bulgaria Ⓨ,https://www.youtube.com/channel/UCU1i6qBMjY9El6q5L2OK8hA/live
TV1,https://tv1.cloudcdn.bg/temp/livestream.m3u8
CBC Toronto,https://bozztv.com/teleyupp1/teleup-ydcl2V1MVC/playlist.m3u8
Citytv,https://bozztv.com/teleyupp1/teleup-iSykLSKMFr/tracks-v1a1/mono.m3u8
CTV Toronto,https://bozztv.com/teleyupp1/teleup-zxsJFt6VvY/playlist.m3u8
Global Toronto,https://d128o1k7zh3htz.cloudfront.net/out/v1/74a58360a3734f97b74ba439bc678044/index.m3u8
Global Calgary,https://dfmjr9irb1dl5.cloudfront.net/out/v1/454010ff309e4963a087f5802856e346/index.m3u8
Global Edmonton,https://da7sdtkzly6qj.cloudfront.net/out/v1/b317f6c10f2e493993bd2b5314df1c7c/index_1.m3u8
TVO,https://bozztv.com/teleyupp1/teleup-OMZsmYVUMp/playlist.m3u8
NTV,http://152.89.62.111:8080/nXyAiP3DNp/QgOuvocpGv/223012
CHCH,http://152.89.62.111:8080/nXyAiP3DNp/QgOuvocpGv/222841
ONNtv Ontario,https://onntv.vantrix.tv:443/onntv_hls/1080p/onntv_hls-HLS-1080p.m3u8
Star TV,http://live.canadastartv.com:1935/canadastartv/canadastartv/playlist.m3u
CBC News,https://cbcnewshd-f.akamaihd.net/i/cbcnews_1@8981/index_2500_av-p.m3u8
CTV News,https://pe-fa-lp02a.9c9media.com/live/News1Digi/p/hls/00000201/38ef78f479b07aa0/index/0c6a10a2/live/stream/h264/v1/3500000/manifest.m3u8
Global News,https://i.mjh.nz/PlutoTV/62cbef9ebb857100072fc187-alt.m3u8
Global News BC,https://i.mjh.nz/PlutoTV/62cbf063257170000724590c-alt.m3u8
Global News Calgary,https://i.mjh.nz/PlutoTV/62cbf23dcfb48300077f8348-alt.m3u8
Global News Halifax,https://i.mjh.nz/PlutoTV/62cbf398b8e02600071deda5-alt.m3u8
Global News Kingston,https://i.mjh.nz/PlutoTV/62cbf4964446e2000742073e-alt.m3u8
Global News Montreal,https://i.mjh.nz/PlutoTV/62cbfbd6ad95670007f567af-alt.m3u8
Global News Peterborough,https://i.mjh.nz/PlutoTV/62cbfcd8c2db990007861e43-alt.m3u8
Global News Regina,https://i.mjh.nz/PlutoTV/62cbff53ca8f2200080253b5-alt.m3u8
Global News Saskatoon,https://i.mjh.nz/PlutoTV/62cc00359cb58900088dc840-alt.m3u8
Global News Winnipeg,https://i.mjh.nz/PlutoTV/62cc0120880c890007191016-alt.m3u8
CPAC (EN),https://d7z3qjdsxbwoq.cloudfront.net/groupa/live/f9809cea-1e07-47cd-a94d-2ddd3e1351db/live.isml/.m3u8
ICI RDI,https://rcavlive.akamaized.net/hls/live/704025/xcanrdi/master.m3u8
ICI Télé HD Ⓖ,https://rcavlive.akamaized.net/hls/live/696615/xcancbft/master.m3u8
TVA Ⓖ,https://tvalive.akamaized.net/hls/live/2012413/tva01/master.m3u8
Noovo,https://pe-ak-lp04a-9c9media.akamaized.net/live/NOOVO/p/dash/00000001/f481c583dbd06b6c/manifest.mpd
Télé Québec,https://bcovlive-a.akamaihd.net/575d86160eb143458d51f7ab187a4e68/us-east-1/6101674910001/playlist.m3u8
Savoir Média,https://hls.savoir.media/live/stream.m3u8
CPAC (FR),https://bcsecurelivehls-i.akamaihd.net/hls/live/680604/1242843915001_3/master.m3u8
ICI Montreal,https://amdici.akamaized.net/hls/live/873426/ICI-Live-Stream/master.m3u8
Toronto 360 TV,http://cdn3.toronto360.tv:8081/toronto360/hd/playlist.m3u8
Tchad 24,http://102.131.58.110/out_1/index.m3u8
Télé Tchad Ⓢ,https://strhlslb01.streamakaci.tv/str_tchad_tchad/str_tchad_multi/playlist.m3u8
UCV Televisión,https://unlimited1-cl-isp.dps.live/ucvtv2/ucvtv2.smil/playlist.m3u8
TVN Ⓖ,https://sktv-forwarders.7m.pl/get.php?x=TVN
24 horas,https://mdstrm.com/live-stream-playlist/57d1a22064f5d85712b20dab.m3u8
NTV Ⓖ,https://mdstrm.com/live-stream-playlist/5aaabe9e2c56420918184c6d.m3u8
TV Chile Ⓖ,https://mdstrm.com/live-stream-playlist/533adcc949386ce765657d7c.m3u8
Canal 13,https://sktv-forwarders.7m.pl/get.php?x=Canal13
TV+ Ⓖ,https://mdstrm.com/live-stream-playlist/5c0e8b19e4c87f3f2d3e6a59.m3u8
Chilevisión Ⓖ,https://sktv-forwarders.7m.pl/get.php?x=Chilevision
UChile TV,https://unlimited1-us.dps.live/uchiletv/uchiletv.smil/playlist.m3u8
T13 en vivo,https://redirector.rudo.video/hls-video/10b92cafdf3646cbc1e727f3dc76863621a327fd/t13/t13.smil/playlist.m3u8
13 Entretención,https://origin.dpsgo.com/ssai/event/BBp0VeP6QtOOlH8nu3bWTg/master.m3u8
13 Cultura,https://origin.dpsgo.com/ssai/event/GI-9cp_bT8KcerLpZwkuhw/master.m3u8
13 Prime,https://origin.dpsgo.com/ssai/event/p4mmBxEzSmKAxY1GusOHrw/master.m3u8
13 Kids,https://origin.dpsgo.com/ssai/event/LhHrVtyeQkKZ-Ye_xEU75g/master.m3u8
13 Realities,https://origin.dpsgo.com/ssai/event/g7_JOM0ORki9SR5RKHe-Kw/master.m3u8
13 Teleseries,https://origin.dpsgo.com/ssai/event/f4TrySe8SoiGF8Lu3EIq1g/master.m3u8
El Pingüino TV,https://redirector.rudo.video/hls-video/339f69c6122f6d8f4574732c235f09b7683e31a5/pinguinotv/pinguinotv.smil/playlist.m3u8
UCL,https://redirector.rudo.video/hls-video/c54ac2799874375c81c1672abb700870537c5223/ucl/ucl.smil/playlist.m3u8
Deportes13 Ⓖ,https://redirector.rudo.video/hls-video/ey6283je82983je9823je8jowowiekldk9838274/13d/13d.smil/playlist.m3u8
TVN 3,https://mdstrm.com/live-stream-playlist/5653641561b4eba30a7e4929.m3u8
Chilevisión Noticias,https://redirector.rudo.video/hls-video/10b92cafdf3646cbc1e727f3dc76863621a327fd/chvn/chvn.smil/playlist.m3u8
SoloTV,https://stream.making.cl/memfs/ee909361-73e9-4e74-8391-5f1b0b8006c2.m3u8
CETV-3,http://txycsbl.centv.cn/zb/0822cetv3.m3u8
TV BRICS Chinese,https://brics.bonus-tv.ru/cdn/brics/chinese/playlist.m3u8
Canal 1,https://video20.klm99.com:3993/live/canal1crlive.m3u8
Canal 2 CDR,https://d3bgcstab9qhdz.cloudfront.net/hls/canal2.m3u8
Canal 4,https://d3bgcstab9qhdz.cloudfront.net/hls/canal2.m3u8
Canal 6,https://d3bgcstab9qhdz.cloudfront.net/hls/canal2.m3u8
Canal 8,http://mdstrm.com/live-stream-playlist/5a7b1e63a8da282c34d65445.m3u8
Canal 11,https://d3bgcstab9qhdz.cloudfront.net/hls/canal2.m3u8
88 Stereo,http://k3.usastreams.com/CableLatino/88stereo/playlist.m3u8
HRT 1,https://webtvstream.bhtelecom.ba/hls9/hrt1_1200.m3u8
HRT 2,https://webtvstream.bhtelecom.ba/hls9/hrt2_1200.m3u8
RTL,https://d1cs5tlhj75jxe.cloudfront.net/rtl/playlist.m3u8
HRT 3,https://webtvstream.bhtelecom.ba/hls9/hrt3_1200.m3u8
RTL 2,https://d1um9c09e0t5ag.cloudfront.net/rtl2/playlist.m3u8
Sportska televizija Ⓖ,https://stream.agatin.hr:3087/live/sptvlive.m3u8
RTL Kockica,https://d1rzyyum8t0q1e.cloudfront.net/rtl-kockica/playlist.m3u8
CMC TV,https://stream.cmctv.hr:49998/cmc/live.m3u8
Plava Vinkovačka,https://player-api.new.livestream.com/accounts/26611954/events/7977299/broadcasts/237205435.secure.m3u8
Televizija Slavonije i Baranje (STV),http://89.201.163.244:8080/hls/hdmi.m3u8
Osječka televizija (OSTV) Ⓢ,https://player-api.new.livestream.com/accounts/27681961/events/8347875/broadcasts/237202062.secure.m3u8
TV Nova,https://stream.agatin.hr:3727/live/tvnovalive.m3u8
TV Jadran,https://tvjadran.stream.agatin.hr:3412/live/tvjadranlive.m3u8
Libertas TV,https://stream.luci.xyz/hls/LTV.m3u8
Trend TV,http://185.62.75.22:1935/trend/myStream/playlist.m3u8
Televizija Zapad,http://webtv.zapad.tv:8080/memfs/1ad23803-84c3-41c7-aa91-fce4c7eac52e.m3u8
Al Jazeera Balkans,https://live-hls-web-ajb.getaj.net/AJB/index.m3u8
RIK 1 Ⓢ,http://l6.cloudskep.com/tvb6/rik1-1/mpeg.2ts
RIK 2 Ⓢ,http://l6.cloudskep.com/tvb6/rik2-1/mpeg.2ts
RIK HD,http://l6.cloudskep.com/tvb6/rikhd1/mpeg.2ts
RIK Sat,https://l3.cloudskep.com/cybcsat/abr/playlist.m3u8
BRT 1,https://sc-kuzeykibrissmarttv.ercdn.net/brt1hd/bant1/playlist.m3u8
BRT 2,https://sc-kuzeykibrissmarttv.ercdn.net/brt2hd/bant1/playlist.m3u8
Ada TV Ⓢ,https://sc-kuzeykibrissmarttv.ercdn.net/adatv/bant1/playlist.m3u8
Kıbrıs Genç TV Ⓢ,https://sc-kuzeykibrissmarttv.ercdn.net/kibrisgenctv/bant1/playlist.m3u8
Kanal T Ⓢ,https://sc-kuzeykibrissmarttv.ercdn.net/kanalt/bantp1/playlist.m3u8
Kıbrıs TV Ⓢ,https://sc-kuzeykibrissmarttv.ercdn.net/kibristv/bant1/playlist.m3u8
TV 2020 Ⓢ,https://sc-kuzeykibrissmarttv.ercdn.net/tv2020/bantp1/playlist.m3u8
ČT1,https://sktv.mxnticek.eu/new/stream.php?ch=CT1
ČT2,https://sktv.mxnticek.eu/new/stream.php?ch=CT2
ČT24,https://sktv.mxnticek.eu/new/stream.php?ch=CT24
ČT sport,https://sktv.mxnticek.eu/new/stream.php?ch=CTsport
ČT :D,https://sktv.mxnticek.eu/new/stream.php?ch=CT_D
ČT art,https://sktv.mxnticek.eu/new/stream.php?ch=CTart
ČT sport Plus,https://sktv.mxnticek.eu/new/stream.php?ch=%C4%8CT+sport+Plus
TV Nova Ⓢ,https://sktv.mxnticek.eu/new/stream.php?ch=Nova
Nova Cinema,https://sktv.mxnticek.eu/new/stream.php?ch=NovaCinema
Nova Action,https://sktv.mxnticek.eu/new/stream.php?ch=NovaAction
Nova Fun,https://sktv.mxnticek.eu/new/stream.php?ch=NovaFun
Nova Gold,https://sktv.mxnticek.eu/new/stream.php?ch=NovaGold
Nova Lady,https://sktv.mxnticek.eu/new/stream.php?ch=NovaLady
TN Live,https://sktv.mxnticek.eu/new/stream.php?ch=Nova+TN+Live
Prima,https://sktv.mxnticek.eu/new/stream.php?ch=Prima
CNN Prima News,https://sktv.mxnticek.eu/new/stream.php?ch=PrimaNews
Prima Zoom,https://sktv.mxnticek.eu/new/stream.php?ch=PrimaZoom
Prima Love,https://sktv.mxnticek.eu/new/stream.php?ch=PrimaLove
Prima STAR,https://sktv.mxnticek.eu/new/stream.php?ch=PrimaStar
Prima Krimi,https://sktv.mxnticek.eu/new/stream.php?ch=PrimaKrimi
Prima MAX,https://sktv.mxnticek.eu/new/stream.php?ch=PrimaMax
Prima Cool,https://sktv.mxnticek.eu/new/stream.php?ch=PrimaCool
Prima Show,https://sktv.mxnticek.eu/new/stream.php?ch=PrimaShow
JOJ Family Ⓢ,https://sktv.mxnticek.eu/new/stream.php?ch=JOJ+Family
JOJ Cinema,https://sktv.mxnticek.eu/new/stream.php?ch=JOJ+Cinema
CS Film,https://sktv.mxnticek.eu/new/stream.php?ch=CS+Film
CS History,https://sktv.mxnticek.eu/new/stream.php?ch=CS+History
CS Mystery,https://sktv.mxnticek.eu/new/stream.php?ch=CS+Mystery
Óčko Ⓢ,https://ocko-live.ssl.cdn.cra.cz/channels/ocko/playlist.m3u8
Óčko Star Ⓢ,https://ocko-live.ssl.cdn.cra.cz/channels/ocko_gold/playlist.m3u8
Óčko Expres Ⓢ,https://ocko-live.ssl.cdn.cra.cz/channels/ocko_expres/playlist.m3u8
Šlágr Originál Ⓢ,https://stream-6.mazana.tv/slagr.m3u
Šlágr Muzika Ⓢ,https://stream-33.mazana.tv/slagr2.m3u
Šlágr Premium Ⓢ,https://stream-15.mazana.tv/slagrpremium.m3u
Retro Music TV Ⓢ,https://stream.mediawork.cz/retrotv/smil:retrotv2.smil/playlist.m3u8
Praha TV,https://stream.polar.cz/prahatv/prahatvlive-1/playlist.m3u8
Východoceská TV,https://stream.polar.cz/vctv/vctvlive-1/playlist.m3u8
UTV,https://vysilani.zaktv.cz/broadcast/hls/utv/index.m3u8
DR1 Ⓖ,https://drlive01texthls.akamaized.net/hls/live/2014186/drlive01text/master.m3u8
DR2 Ⓖ,https://drlive02texthls.akamaized.net/hls/live/2014188/drlive02text/master.m3u8
DR Ramasjang Ⓖ,https://drlive03texthls.akamaized.net/hls/live/2014191/drlive03text/master.m3u8
Folketinget TV,https://cdnapi.kaltura.com/p/2158211/sp/327418300/playManifest/entryId/1_24gfa7qq/protocol/https/format/applehttp/a.m3u8
TV Syd+,https://cdn-lt-live.tvsyd.dk/env/cluster-1-e.live.nvp1/live/hls/p/1956351/e/0_e9slj9wh/tl/main/st/0/t/rFEtaqAbdhUFGef_BNF4WQ/index-s32.m3u8
TV 2/Fyn,https://cdn-lt-live.tv2fyn.dk/env/cluster-1-e.live.nvp1/live/hls/p/1966291/e/0_vsfrv0zm/tl/main/st/0/t/EgP1FA1D39taZFVewCa42w/index-s32.m3u8
TV 2/Øst,https://cdn-lt-live.tveast.dk/env/cluster-1-e.live.nvp1/live/hls/p/1953381/e/0_zphj9q61/tl/main/st/0/t/THUB80e-ZMufZCE4pDhO0g/index-s32.m3u8
TV 2/Nord,https://cdn-lt-live.tv2nord.dk/env/cluster-1-e.live.nvp1/live/hls/p/1956931/e/1_h9yfe7h2/tl/main/st/1/t/_FUn1YHQ6_P6lES4U6mmsA/index-s32.m3u8
TV 2 Kosmopol,https://cdn-lt-live.tv2lorry.dk/env/cluster-1-d.live.nvp1/live/hls/p/2045321/e/1_grusx1zd/tl/main/st/0/t/rCct87c-v2SFFCvQK1BBOg/index-s32.m3u8
TV/Midt-Vest,https://cdn-lt-live.tvmidtvest.dk/env/cluster-1-d.live.frp1/live/hls/p/1953371/e/1_9x5lzos9/tl/main/st/0/t/9MTEhotxVwKuatx1EVXdGg/index-s34.m3u8
TV 2/Østjylland,https://cdn-lt-live.tvmidtvest.dk/env/cluster-1-d.live.frp1/live/hls/p/1953371/e/1_9x5lzos9/tl/main/st/0/t/9MTEhotxVwKuatx1EVXdGg/index-s34.m3u8
TV 2/Bornholm,https://live.tv2bornholm.dk/stream/live/playlist.m3u8
TV Storbyen,https://5eeb3940cfaa0.streamlock.net/webtv_live/_definst_/mp4:kanalnordvest/playlist.m3u8
Kanal Hovedstaden,http://khkbh.dk:8080/hls/livestream/index.m3u8
KKRtv,rtmp://video.kkr.dk/live/kkr
Canal RTVD 4,https://protvradiostream.com:1936/canal4rd-1/ngrp:canal4rd-1_all/playlist.m3u8
Aghapy TV,https://5b622f07944df.streamlock.net/aghapy.tv/aghapy.smil/playlist.m3u8
Al Ghad Plus,https://playlist.fasttvcdn.com/pl/ykvm3f2fhokwxqsurp9xcg/alghad-plus/playlist.m3u8
Al Ghad TV,https://eazyvwqssi.erbvr.com/alghadtv/alghadtv.m3u8
Al Qahera News,https://bcovlive-a.akamaihd.net/d30cbb3350af4cb7a6e05b9eb1bfd850/eu-west-1/6057955906001/playlist.m3u8
Alhayat TV,https://cdn3.wowza.com/5/OE5HREpIcEkySlNT/alhayat-live/ngrp:livestream_all/playlist.m3u8
Coptic TV,https://5aafcc5de91f1.streamlock.net/ctvchannel.tv/ctv.smil/playlist.m3u8
Huda TV,https://cdn.bestream.io:19360/elfaro1/elfaro1.m3u8
Koogi TV,https://5d658d7e9f562.streamlock.net/koogi.tv/koogi.smil/playlist.m3u8
MBC Masr 1,https://mbc1-enc.edgenextcdn.net/out/v1/d5036cabf11e45bf9d0db410ca135c18/index.m3u8
MBC Masr 2,https://shls-masr2-ak.akamaized.net/out/v1/f683685242b549f48ea8a5171e3e993a/index.m3u8
Rotana Cinema,https://rotana.hibridcdn.net/rotana/cinemamasr_net-7Y83PP5adWixDF93/playlist.m3u8
Watan TV,https://rp.tactivemedia.com/watantv_source/live/playlist.m3u8
ETV Ⓖ,http://sb.err.ee/live/etv.m3u8
ETV2 Ⓖ,http://sb.err.ee/live/etv2.m3u8
ETV+ Ⓖ,http://sb.err.ee/live/etvpluss.m3u8
Riigikogu,https://riigikogu.babahhcdn.com/bb1027/smil:riigikogu_ch1.smil/playlist.m3u8
Taevas TV7,https://vod.tv7.fi/tv7-ee/_definst_/smil:tv7-ee.smil/playlist.m3u8
Life TV Estonia,https://lifetv.bitflip.ee/live/stream2.m3u8
Life TV Europe,https://lifetv.bitflip.ee/live/stream1.m3u8
TBN Baltia,http://dc.tbnbaltia.eu:8088/dvr/rewind-21600.m3u8
KVF Sjónvarp,https://w1.kringvarp.fo/uttanlands/smil:uttanlands.smil/playlist.m3u8
Tingvarp,https://play.kringvarp.fo/redirect/tingvarp/_definst_/smil:tingvarp.smil?type=m3u8
Yle TV1 Ⓖ,https://yletv.akamaized.net/hls/live/622365/yletv1fin/index.m3u8
Yle TV2 Ⓖ,https://yletv.akamaized.net/hls/live/622366/yletv2fin/index.m3u8
MTV3,https://live-fi.tvkaista.net/mtv3/live.m3u8?src=freetv
Nelonen,https://live-fi.tvkaista.net/nelonen/live.m3u8?src=freetv
Yle Teema Fem Ⓖ,https://yletv.akamaized.net/hls/live/622367/yletvteemafemfin/index.m3u8
MTV Sub,https://live-fi.tvkaista.net/sub/live.m3u8?src=freetv
TV5 Finland,https://live-fi.tvkaista.net/tv5/live.m3u8?src=freetv
Liv,https://live-fi.tvkaista.net/liv/live.m3u8?src=freetv
Jim,https://live-fi.tvkaista.net/jim/live.m3u8?src=freetv
Kutonen,https://live-fi.tvkaista.net/kutonen/live.m3u8?src=freetv
TLC Finland,https://live-fi.tvkaista.net/tlc/live.m3u8?src=freetv
Star Channel Finland,https://live-fi.tvkaista.net/star-channel/live.m3u8?src=freetv
MTV Ava,https://live-fi.tvkaista.net/ava/live.m3u8?src=freetv
Hero,https://live-fi.tvkaista.net/hero/live.m3u8?src=freetv
Frii,https://live-fi.tvkaista.net/frii/live.m3u8?src=freetv
Alfa Ⓢ,https://irrtv2.digitacdn.net/live/ott/irrtv/playlist.m3u8?organizationId=229401409&suiteItemId=230439940
TapahtumaTV Eveo,https://live-fi.tvkaista.net/tapahtumatv-eveo/live.m3u8?src=freetv
National Geographic Finland Ⓖ,https://live-fi.tvkaista.net/national-geographic/live.m3u8?src=freetv
Viaplay TV,https://live-fi.tvkaista.net/viaplay-tv/live.m3u8?src=freetv
OnniTV,https://onnitv.digitacdn.net/live/ott/onnitv/playlist.m3u8?organizationId=83459409&suiteItemId=83459780
Taivas TV7,https://vod.tv7.fi/tv7-fi/_definst_/smil:tv7-fi.smil/playlist.m3u8
Himlen TV7,https://vod.tv7.fi/tv7-se/_definst_/smil:tv7-se.smil/playlist.m3u8
MTV Uutiset Live,https://live.streaming.a2d.tv/asset/20025962.isml/.m3u8
Nopola News,https://virta2.nopolanews.fi:8443/live/smil:Stream1.smil/playlist.m3u8
När-TV Ⓢ,https://streaming.nartv.fi/live/ngrp:NAR_TV.stream_all/playlist.m3u8
Sundom TV Ⓨ,https://www.youtube.com/@SundomTV/live
Wör TV Ⓨ,https://www.youtube.com/@wor-tvr.f.4461/live
YleX Studio Live,https://ylestudiolive.akamaized.net/hls/live/2007826/ylestudiolive-YleX/master.m3u8
Järviradio TV,https://streamer.radiotaajuus.fi/memfs/47f113bf-04ea-493b-a9d4-52945fd9db31.m3u8
Arte Ⓖ,https://artesimulcast.akamaized.net/hls/live/2031003/artelive_fr/index.m3u8
LCP,https://lcp.fr/le-live-lcp-tnt-5433
Public Sénat,https://www.publicsenat.fr/direct
CNews Ⓓ,https://www.dailymotion.com/video/x3b68jn
franceinfo: Ⓨ,https://www.youtube.com/c/franceinfo/live
France 24 Ⓨ,https://www.youtube.com/c/FRANCE24/live
Euronews Français Ⓨ,https://www.youtube.com/euronewsfr/live
Africanews Ⓨ,https://www.youtube.com/c/Africanewsfr/live
L'Équipe ⒹⒼ,https://www.dailymotion.com/video/x2lefik
France Inter Ⓨ,https://www.youtube.com/c/FranceInter/live
CGTN Français,https://news.cgtn.com/resource/live/french/cgtn-f.m3u8
TV5 Monde Info,https://ott.tv5monde.com/Content/HLS/Live/channel(info)/index.m3u8
TV5 Monde FBS,https://ott.tv5monde.com/Content/HLS/Live/channel(fbs)/index.m3u8
TV5 Monde Europe,https://ott.tv5monde.com/Content/HLS/Live/channel(europe)/index.m3u8
First Channel (1TV),https://tv.cdn.xsg.ge/gpb-1tv/index.m3u8
First Channel /Education/ (2TV),https://tv.cdn.xsg.ge/gpb-2tv/index.m3u8
Imedi TV,https://tv.cdn.xsg.ge/imedihd/index.m3u8
Rustavi 2,https://sktv-forwarders.7m.pl/get.php?x=Rustavi2
Mtavari Arkhi,https://bozztv.com/36bay2/mtavariarxi/playlist.m3u8
Formula,https://c4635.cdn.xsg.ge/c4635/TVFormula/index.m3u8
Pos TV,https://live.postv.media/stream/index.m3u8
Euronews Georgia Ⓖ,https://live2.tvg.ge/eng/EURONEWSGEORGIA/playlist.m3u8
Das Erste Ⓖ,https://daserste-live.ard-mcdn.de/daserste/live/hls/de/master.m3u8
ZDF Ⓖ,http://zdf-hls-15.akamaized.net/hls/live/2016498/de/veryhigh/master.m3u8
3sat Ⓖ,https://zdf-hls-18.akamaized.net/hls/live/2016501/dach/veryhigh/master.m3u8
ARD Alpha Ⓖ,https://mcdn.br.de/br/fs/ard_alpha/hls/de/master.m3u8
ARTE Ⓖ,https://artesimulcast.akamaized.net/hls/live/2030993/artelive_de/index.m3u8
DELUXE MUSIC,https://sdn-global-live-streaming-packager-cache.3qsdn.com/13456/13456_264_live.m3u8
DELUXE MUSIC DANCE BY KONTOR,https://sdn-global-live-streaming-packager-cache.3qsdn.com/64733/64733_264_live.m3u8
DELUXE MUSIC RAP,https://sdn-global-live-streaming-packager-cache.3qsdn.com/65183/65183_264_live.m3u8
SCHLAGER DELUXE,https://sdn-global-live-streaming-packager-cache.3qsdn.com/26658/26658_264_live.m3u8
Euronews Deutsch Ⓨ,https://www.youtube.com/euronewsde/live
KiKa Ⓖ,https://kikageohls.akamaized.net/hls/live/2022693/livetvkika_de/master.m3u8
ONE Ⓖ,https://mcdn-one.ard.de/ardone/hls/master.m3u8
Phoenix Ⓖ,https://zdf-hls-19.akamaized.net/hls/live/2016502/de/veryhigh/master.m3u8
Tagesschau24,https://tagesschau.akamaized.net/hls/live/2020115/tagesschau/tagesschau_1/master.m3u8
Welt,https://w-live2weltcms.akamaized.net/hls/live/2041019/Welt-LivePGM/index.m3u8
ZDFinfo Ⓖ,https://zdf-hls-17.akamaized.net/hls/live/2016500/de/veryhigh/master.m3u8
ZDFneo Ⓖ,https://zdf-hls-16.akamaized.net/hls/live/2016499/de/veryhigh/master.m3u8
BR Nord Ⓖ,https://mcdn.br.de/br/fs/bfs_nord/hls/de/master.m3u8
BR Süd Ⓖ,https://brcdn.vo.llnwd.net/br/fs/bfs_sued/hls/de/master.m3u8
HR Ⓖ,https://hrhls.akamaized.net/hls/live/2024525/hrhls/master.m3u8
MDR Sachsen Ⓖ,https://mdrtvsnhls.akamaized.net/hls/live/2016928/mdrtvsn/master.m3u8
MDR Sachsen-Anhalt Ⓖ,https://mdrtvsahls.akamaized.net/hls/live/2016879/mdrtvsa/master.m3u8
MDR Thüringen Ⓖ,https://mdrtvthhls.akamaized.net/hls/live/2016880/mdrtvth/master.m3u8
NDR Hamburg Ⓖ,https://mcdn.ndr.de/ndr/hls/ndr_fs/ndr_hh/master.m3u8
NDR Mecklenburg-Vorpommern Ⓖ,https://mcdn.ndr.de/ndr/hls/ndr_fs/ndr_mv/master.m3u8
NDR Niedersachsen Ⓖ,https://mcdn.ndr.de/ndr/hls/ndr_fs/ndr_nds/master.m3u8
NDR Schleswig-Holstein Ⓖ,https://mcdn.ndr.de/ndr/hls/ndr_fs/ndr_sh/master.m3u8
Radio Bremen Ⓖ,https://rbhlslive.akamaized.net/hls/live/2020435/rbfs/master.m3u8
RBB Berlin Ⓖ,https://rbb-hls-berlin.akamaized.net/hls/live/2017824/rbb_berlin/master.m3u8
RBB Brandenburg Ⓖ,https://rbb-hls-brandenburg.akamaized.net/hls/live/2017825/rbb_brandenburg/master.m3u8
SR Ⓖ,https://srfs.akamaized.net/hls/live/689649/srfsgeo/index.m3u8
SWR Baden-Württemberg Ⓖ,https://swrbwd-hls.akamaized.net/hls/live/2018672/swrbwd/master.m3u8
SWR Rheinland-Pfalz Ⓖ,https://swrrpd-hls.akamaized.net/hls/live/2018676/swrrpd/master.m3u8
WDR Ⓖ,https://wdrfs247.akamaized.net/hls/live/681509/wdr_msl4_fs247/index.m3u8
NDR International,https://ndrint.akamaized.net/hls/live/2020766/ndr_int/index.m3u8
ERT 1 Ⓖ,https://ert-ucdn.broadpeak-aas.com/bpk-tv/ERT1/default/index.mpd
ERT 2 Ⓖ,https://ert-live.siliconweb.com/bpk-tv/ERT2/default/index.mpd
ERT 3 Ⓖ,https://ert-ucdn.broadpeak-aas.com/bpk-tv/ERT3/default/index.mpd
ERT News,https://ertflix.ascdn.broadpeak.io/ertlive/ertnews/default/index.m3u8
ERT World,https://ert-ucdn.broadpeak-aas.com/bpk-tv/ERTWorld/default/index.mpd
ERT Sports 1,https://ert-ucdn.broadpeak-aas.com/bpk-tv/ERTSports1/default/index.mpd
ERT Sports 2,https://ert-ucdn.broadpeak-aas.com/bpk-tv/ERTSports2/default/index.mpd
ERT Sports 3,https://ert-ucdn.broadpeak-aas.com/bpk-tv/ERTSports3/default/index.mpd
ERT Sports 4,https://ert-ucdn.broadpeak-aas.com/bpk-tv/ERTSports4/default/index.mpd
ERT Kids Ⓖ,https://ert-ucdn.broadpeak-aas.com/bpk-tv/ERTKids/default/index.mpd
Vouli TV,https://diavlos-cache.cnt.grnet.gr/parltv/webtv-1b.sdp/playlist.m3u8
RIK Sat,https://l3.cloudskep.com/cybcsat/abr/playlist.m3u8
Mega News,https://c98db5952cb54b358365984178fb898a.msvdn.net/live/S99841657/NU0xOarAMJ5X/playlist.m3u8
ANT1,https://mcdn.antennaplus.gr/live/media0/Ant1/HLS/Ant1.m3u8
Star,https://livestar.siliconweb.com/starvod/star4/star4.m3u8
Star International,https://livestar.siliconweb.com/starvod/star_int/star_int.m3u8
AlphaTV,https://alphatvlive2.siliconweb.com/alphatvlive/live_abr/playlist.m3u8
Skai TV,http://skai-live.siliconweb.com/media/cambria4/index.m3u8
Open TV,https://liveopen.siliconweb.com/openTvLive/liveopen/playlist.m3u8
MAK TV,https://mcdn.antennaplus.gr/live/media0/MAK/HLS/MAK.m3u8
Action24,https://actionlive.siliconweb.com/actionabr/actiontv/playlist.m3u8
Alert,https://itv.streams.ovh/ALEERT/ALEERT/playlist.m3u8
ART,https://rumble.com/live-hls-dvr/73h8c2/playlist.m3u8
Blue Sky,https://cdn5.smart-tv-data.com/bluesky/bluesky-live/playlist.m3u8
High TV,https://live.streams.ovh/hightv/hightv/playlist.m3u8
Kontra,https://kontralive.siliconweb.com/live/kontratv/playlist.m3u8
Naftemporiki TV,https://telmaco.ascdn.broadpeak.io/nafteboriki/default/index.m3u8
One Channel,https://onechannel.siliconweb.com/one/stream/chunks_dvr.m3u8
4E,http://eu2.tv4e.gr:1935/live/myStream.sdp/playlist.m3u8
DION,https://rtmp.win:3650/live/diontvlive.m3u8
Egnatia,https://video.streams.ovh:1936/egnatiatv/egnatiatv/index.m3u
Euro,https://live20.bozztv.com/akamaissh101/ssh101/eurotvlive/playlist.m3u8
Gnomi,https://live.streams.ovh:8081/gnomitv/index.m3u8
Pella,https://video.streams.ovh:1936/pellatv/pellatv/playlist.m3u8
Pontos,https://rtmp.win:3842/live/recme1live.m3u8
TV 100,https://panel.gwebstream.eu:19360/tv100skg/tv100skg.m3u8
Vergina,https://verginanews.gr:8443/hls_live/stream1.m3u8
Best TV,https://besttv.siliconweb.com/bestTV/live_abr/playlist.m3u8
Hlektra,https://live20.bozztv.com/giatv/giatv-hlektratv/hlektratv/playlist.m3u8
Ionian Channel,https://stream.ioniantv.gr/ionian/live_abr/playlist.m3u8
Lepanto,https://fr.crystalweb.net:1936/lepantotv/lepantotv/playlist.m3u8
Lychnos,https://thor.mental-media.gr:19360/imp/imp.m3u8
Mesogeios TV,https://rtmp.win:3793/live/mesogeiostvlive.m3u8
Epsilon,https://neon.streams.gr:8081/epsilontv/index.m3u8
Star Central Greece,https://telmaco-cdn.akamaized.net/starcgr/default/dash/LAMIAStar-video=3000000.dash
91NRG,http://tv.nrg91.gr:1935/onweb/live/master.m3u8
Thessalia,https://thessaliachannel.gr:3339/live/thesstvlive.m3u8
TRT,https://av.hellasnet.tv/rst/trt/index.m3u8
Acheloos,https://acheloostv.streamings.gr/live/stream/index.m3u8
ART TV,https://rtmp.win:3696/live/arttvgrlive.m3u8
Corfu,https://itv.streams.ovh:1936/corfuchannel/corfuchannel/playlist.m3u8
Epirus TV 1,https://rtmp.win:3929/live/epiruslive.m3u8
Start,https://live.cast-control.eu/StartMedia/StartMedia/playlist.m3u8
Center TV,https://eu1.streams.gr:8081/centertv/index.m3u8
Delta Evros,http://81.171.10.42:1935/liveD/DStream.sdp/chunklist_w819085920.m3u8
Thraki Net TV,https://cdn.onestreaming.com/thrakinettv/thrakinettv/playlist.m3u8
Creta,http://live.streams.ovh:1935/tvcreta/tvcreta/playlist.m3u8
Kriti 1,https://livetv.streams.ovh:8081/kriti/index.m3u8
Kriti TV,https://cretetvlive.siliconweb.com/cretetv/liveabr/playlist.m3u8
NEA,https://live.neatv.gr:8888/hls/neatv_high/index.m3u8
TeleKriti,https://neon.streams.gr:8081/telekriti/index.m3u8
Samiaki TV,http://live.cast-control.eu:1935/samiaki/samiaki/playlist.m3u8
Syros TV1,https://eco.streams.ovh:1936/syrostv1/syrostv1/playlist.m3u8
Η Φωνή της Ελλάδας,https://ertmmd.akamaized.net/ertradio/voiceofgreece/default/index.mpd
KNR1 Ⓨ Ⓖ,https://www.youtube.com/@KNRgreenland/live
KNR2 Ⓨ,https://www.youtube.com/@nutaarsiassat/live
RTHK TV 31,https://rthktv31-live.akamaized.net/hls/live/2036818/RTHKTV31/master.m3u8
RTHK TV 32,https://rthktv32-live.akamaized.net/hls/live/2036819/RTHKTV32/master.m3u8
HOY TV Ⓖ,https://hoytv-live-stream.hoy.tv/ch78/index-fhd.m3u8
TVB News Channel,https://tvp22.sky4k.top/index1.php
TVB Finance (Sports & Information Channel),https://tvp22.sky4k.top/index2.php
M1 Hiradó Ⓨ,https://www.youtube.com/@M1-Hirado/live
RTL Klub,https://cdn.mediaklikk.org:443/rtl/00wMyEjM5UTM
TV2,https://cdn.mediaklikk.org:443/tv2/00wMyEjM4UTM
ATV,http://streamservers.atv.hu:80/atvlive/atvstream_2_aac/playlist.m3u8
Hír TV,https://onlinestream.live/play.m3u?id=4740&ext=.m3u
Fix TV,https://fixhd.tv:8082/fix/1080i/playlist.m3u8
EWTN TV,https://hls.iptvservice.eu/hls/ewtn-hd.m3u8
Apostol TV,https://live.apostoltv.hu/live/playlist.m3u8
MUSICPlus,http://s02.diazol.hu:10192/stream.m3u8
Radio 1 Ⓨ,https://www.youtube.com/watch?v=I8dnZoF1nOE
Oxygen Music,https://oxygenmusic.hu:2443/hls/oxygenmusic.m3u8
Dance TV,https://m1b2.worldcast.tv/dancetelevisionone/2/dancetelevisionone.m3u8
Izaura TV,http://78.109.104.240:8000/play/a0ch/index.m3u8?HasBahCa.m3u8=
Euronews Hungarian Ⓨ,https://www.youtube.com/channel/UC4Ct8gIf9f0n4mdyGsFiZRA/live
Parlamenti közvetítés,https://plenaris.parlament.hu:446/edgelive/smil:mkogyplen.smil/playlist.m3u8
Parlamenti TAB közvetítés,https://tab.parlament.hu:446/edgelive/smil:mkogytab.smil/playlist.m3u8
Balaton TV,https://stream.iptvservice.eu/hls/balatontv.m3u8
Budakalász,https://stream.streaming4u.hu/TVBudakalasz/tracks-v1a1/mono.m3u8
Hatoscsatorna,rtmp://lpmedia.hu:1935/Hatoscsatorna/livestream
Komlos TV,https://stream.streaming4u.hu/KomlosTV/tracks-v1a1/mono.m3u8
Ózdi Városi TV,https://stream.unrealhosting.hu:443/hls/ozdtv/live.m3u8
Pannon RTV,https://stream.unrealhosting.hu:443/hls/pannonrtv/live.m3u8
TV7 Békéscsaba,https://stream.y5.hu/stream/stream_bekescsaba/stream.m3u8
VTV Füzesabony,https://stream.unrealhosting.hu:443/hls/ftv/live.m3u8
Hegyvidék TV,https://tv.hegyvidek.hu/hvtv/hvstream.m3u8
16TV,https://cloudfront44.lexanetwork.com:1344/freerelay/16tv.sdp/playlist.m3u8
CityTV (Belváros Lipótváros),https://citytv.hu/playlist.m3u8
FehérvárTV,https://cloudfront44.lexanetwork.com:1344/freerelay/fehervartv.sdp/playlist.m3u8?key=%2A%2A%2A
AlföldTV,https://cloudfront41.lexanetwork.com:1344/relay01/livestream006.sdp/playlist.m3u8
Gyöngyös TV,https://cloudfront41.lexanetwork.com:1344/relay02/livestream005.sdp/playlist.m3u8?key=%2A%2A%2A
Halom TV,rtmp://212.92.13.108/live/livestream1
Kapos TV,https://cloudfront63.lexanetwork.com:1344/relay01/livestream004.sdp/playlist.m3u8
Kecskemét TV,https://eurobioinvest.hu:444/live/ktv.m3u8
Lóverseny közvetítés,https://cloudfront41.lexanetwork.com:1344/xrelay/loverseny2.sdp/playlist.m3u8
Zalaegerszeg TV,https://cloudfront44.lexanetwork.com:1344/freerelay/zegtv.sdp/playlist.m3u8
Zugló TV,https://cloudfront44.lexanetwork.com:1344/freerelay/zuglotv.sdp/playlist.m3u8
Tisza TV,https://www.tiszatv.hu/onlinetv/tiszatv_1.m3u8
DTV,http://cloudfront44.lexanetwork.com:1732/hlsrelay003/hls/livestream.sdp.m3u8
Bajai TV,https://cloudfront41.lexanetwork.com:1344/relay01/livestream002.sdp/playlist.m3u8
Vásárhelyi Televízió,https://stream.vasarhelyitelevizio.hu/stream/stream.m3u8
TV Eger,http://stream.tveger.hu:8010/live.m3u8
Putnok Városi TV,http://78.47.126.198:5080/LiveApp/streams/902003217052313577741820.m3u8?token=%2A%2A%2A
Miskolc TV,https://video.mhzrt.hu/live/mitv/playlist.m3u8
Oroszlányi Városi Televízió,https://cloudfront44.lexanetwork.com:1344/relay01/broadcast002.sdp/playlist.m3u8
Berente TV,https://stream.streaming4u.hu/BerenteTV/index.m3u8
Budapest Európa TV,https://cloudfront44.lexanetwork.com:1344/freerelay/bpetv.sdp/playlist.m3u8
Héviz TV,https://cloudfront44.lexanetwork.com:1344/relay03/livestream003.sdp/playlist.m3u8
Jászsági Térségi TV,https://cloudfront44.lexanetwork.com:1344/relay01/broadcast007.sdp/playlist.m3u8
Kanizsa TV,https://cloudfront44.lexanetwork.com:1344/freerelay/kanizsavtv.sdp/playlist.m3u8
Líceum TV,http://193.225.32.62:8890/live.m3u8
M2 / Petőfi TV,https://c201-node61-cdn.connectmedia.hu/110102/7184521041cf54cee9c6548e8d0ba377/64117799/index.m3u8
M4 Sport,https://c401-node62-cdn.connectmedia.hu/110110/5dd8dc6d853c9b7f94db85646ed44326/641177e3/index.m3u8
M5 Hungary,http://152.66.115.226:33390/bysid/201
Duna TV,http://152.66.115.226:33391/bysid/102
Duna World / M4+ Sport,http://152.66.115.226:33391/bysid/103
RÚV,https://ruv-web-live.akamaized.net/streymi/ruverl/ruverl.m3u8
RÚV 2,https://ruvlive.akamaized.net/out/v1/2ff7673de40f419fa5164498fae89089/index.m3u8
Alþingi,https://althingi-live.secure.footprint.net/althingi/live/index.m3u8
NDTV India,https://ndtvindiaelemarchana.akamaized.net/hls/live/2003679/ndtvindia/master.m3u8
ABP News,https://d2l4ar6y3mrs4k.cloudfront.net/live-streaming/abpnews-livetv/master.m3u8
ABP Ananda,https://d2l4ar6y3mrs4k.cloudfront.net/live-streaming/ananda-livetv/master.m3u8
DD National Ⓨ,https://www.youtube.com/doordarshan/live
DD News Ⓨ,https://www.youtube.com/c/ddnews/live
DD India Ⓨ,https://www.youtube.com/DDIndia/live
DD Bharati Ⓨ,https://www.youtube.com/@ddbharati/live
DD Kisan Ⓨ,https://www.youtube.com/@DDKisan/live
DD Urdu Ⓨ,https://www.youtube.com/@DDUrdu/live
India Today Ⓨ,https://www.youtube.com/watch?v=sYZtOFzM78M
Aaj Tak Ⓨ,https://www.youtube.com/watch?v=Nq2wYlWFucg
India TV Ⓨ,https://www.youtube.com/watch?v=e1FIApIafWE
TV9 Bharatvarsh Ⓨ,https://www.youtube.com/watch?v=nSpwwcHVp80
Republic Bharat Ⓨ,https://www.youtube.com/watch?v=3DbTO_AMhhc
NDTV Profit,https://ndtvprofit.akamaized.net/hls/live/2107404/ndtvprofit/master_1.m3u8
CNBC Indonesia,https://live.cnbcindonesia.com/livecnbc/smil:cnbctv.smil/chunklist.m3u8
CNN Indonesia,http://live.cnnindonesia.com/livecnn/smil:cnntv.smil/playlist.m3u8
BeritaSatu,https://b1news.beritasatumedia.com/Beritasatu/B1News_1280x720.m3u8
Al-Alam News Network Ⓢ,https://live2.alalam.ir/alalam.m3u8
Press TV,https://cdnlive.presstv.ir/cdnlive/smil:cdnlive.smil/playlist.m3u8
Press TV French,https://live1.presstv.ir/live/presstvfr/index.m3u8
IranPress Ⓢ,https://live1.presstv.ir/live/iranpress/index.m3u8
Al-Hurra Iraq,https://mbnvvideoingest-i.akamaihd.net/hls/live/1004674/MBNV_ALHURRA_IRAQ/playlist.m3u8
Al-Hurra,https://mbnvvideoingest-i.akamaihd.net/hls/live/1004673/MBNV_ALHURRA_MAIN/playlist.m3u8
Al-Iraqiya,https://cdn.catiacast.video/abr/8d2ffb0aba244e8d9101a9488a7daa05/playlist.m3u8
Al-Rafidain,https://cdg8.edge.technocdn.com/arrafidaintv/abr_live/playlist.m3u8
Al-Rasheed,https://media1.livaat.com/AL-RASHEED-HD/tracks-v1a1/playlist.m3u8
Al-Sharqiya News,https://5d94523502c2d.streamlock.net/alsharqiyalive/mystream/playlist.m3u8
Al-Sharqiya,https://5d94523502c2d.streamlock.net/home/mystream/playlist.m3u8
Dijlah Tarab,https://ghaasiflu.online/tarab/tracks-v1a1/playlist.m3u8
Dijlah TV,https://ghaasiflu.online/Dijlah/tracks-v1a1/playlist.m3u8
iNEWS,https://svs.itworkscdn.net/inewsiqlive/inewsiq.smil/playlist.m3u8
Iraq Future Ⓢ,https://streaming.viewmedia.tv/viewsatstream40/viewsatstream40.smil/playlist.m3u8
Turkmeneli TV,https://137840.global.ssl.fastly.net/edge/live_6b7c6e205afb11ebb010f5a331abaf98/playlist.m3u8
Zagros TV,https://5a3ed7a72ed4b.streamlock.net/zagrostv/SMIL:myStream.smil/playlist.m3u8
Alabbassia TV,https://stream.alabbassia.com/live/alabbassia/index.m3u8
TG4,https://dx4452e0qv6r9.cloudfront.net/tg4_vod_national.m3u8
Houses of the Oireachtas Channel,https://d33zah5htxvoxb.cloudfront.net/el/live/oirtv/hls.m3u8
Today FM,https://stream.audioxi.com/TDAAC
98FM,https://stream.audioxi.com/98
FM104,https://wg.cdn.tibus.net/fm104MP3128
Radio Nova,https://stream.audioxi.com/NOVA
Spin 103.8,https://stream.audioxi.com/SP
Newstalk,https://stream.audioxi.com/NT
Dublin's Q102,https://wg.cdn.tibus.net/q102MP3128
Classic Hits,https://stream.audioxi.com/CLASSIC
Sunshine 106.8,https://live-bauerie.sharp-stream.com/SUN
9 канал Ⓨ,https://www.youtube.com/@israel9tv/live
כאן 11,https://kan11.media.kan.org.il/hls/live/2024514/2024514/master.m3u8
ערוץ 13,https://d2xg1g9o5vns8m.cloudfront.net/out/v1/0855d703f7d5436fae6a9c7ce8ca5075/index.m3u8
ערוץ 14,https://now14.g-mana.live/media/91517161-44ab-4e46-af70-e9fe26117d2e/mainManifest.m3u8
The Shopping Channel,https://shoppingil-rewriter.vidnt.com/index.m3u8
مكان 33,https://makan.media.kan.org.il/hls/live/2024680/2024680/master.m3u8
כאן חינוכית,https://kan23.media.kan.org.il/hls/live/2024691/2024691/master.m3u8
Knesset,https://contact.gostreaming.tv/Knesset/myStream/playlist.m3u8
Rai 1 Ⓖ,https://mediapolis.rai.it/relinker/relinkerServlet.htm?cont=2606803&output=7&forceUserAgent=rainet%2F4.0.5
Rai 2 Ⓖ,https://mediapolis.rai.it/relinker/relinkerServlet.htm?cont=308718&output=7&forceUserAgent=rainet%2F4.0.5
Rai 3 Ⓖ,https://mediapolis.rai.it/relinker/relinkerServlet.htm?cont=308709&output=7&forceUserAgent=rainet%2F4.0.5
Rete 4 Ⓖ,https://live02-seg.msf.cdn.mediaset.net/live/ch-r4/r4-clr.isml/index.m3u8
Canale 5 Ⓖ,https://live02-seg.msf.cdn.mediaset.net/live/ch-c5/c5-clr.isml/index.m3u8
Italia 1 Ⓖ,https://live02-seg.msf.cdn.mediaset.net/live/ch-i1/i1-clr.isml/index.m3u8
La7,https://d1chghleocc9sm.cloudfront.net/v1/master/3722c60a815c199d9c0ef36c5b73da68a62b09d1/cc-evfku205gqrtf/Live.m3u8
TV8 Ⓖ,https://hlslive-web-gcdn-skycdn-it.akamaized.net/TACT/11223/tv8web/master.m3u8?hdnts=st%3D1764666351~exp%3D1829466206~acl%3D%2F%2A~hmac%3Db0e9165b6c55027903ad103c8219f363d8765eb300c0d9a339e9767fc3509556
Nove,https://streaming.aurora.enhanced.live/live/mpc/enl0eG1mLmVncmVzcy5mZDJ2eHI=/out/v1/IT_SIMULCAST/NOVE/CMAF/index.m3u8
20 Mediaset Ⓖ,https://live02-seg.msf.cdn.mediaset.net/live/ch-lb/lb-clr.isml/index.m3u8
Rai 4 Ⓖ,https://mediapolis.rai.it/relinker/relinkerServlet.htm?cont=746966&output=7&forceUserAgent=rainet%2F4.0.5
Iris Ⓖ,https://live02-seg.msf.cdn.mediaset.net/live/ch-ki/ki-clr.isml/index.m3u8
Rai 5 Ⓖ,https://mediapolis.rai.it/relinker/relinkerServlet.htm?cont=395276&output=7&forceUserAgent=rainet%2F4.0.5
Rai Movie Ⓖ,https://mediapolis.rai.it/relinker/relinkerServlet.htm?cont=747002&output=7&forceUserAgent=rainet%2F4.0.5
Rai Premium Ⓖ,https://mediapolis.rai.it/relinker/relinkerServlet.htm?cont=746992&output=7&forceUserAgent=rainet%2F4.0.5
Cielo Ⓖ,https://hlslive-web-gcdn-skycdn-it.akamaized.net/TACT/11219/cieloweb/master.m3u8?hdnts=st%3D1764666351~exp%3D1829466206~acl%3D%2F%2A~hmac%3Db0e9165b6c55027903ad103c8219f363d8765eb300c0d9a339e9767fc3509556
27 Twentyseven Ⓖ,https://live02-seg.msf.cdn.mediaset.net/live/ch-ts/ts-clr.isml/index.m3u8
TV 2000,https://hls-live-tv2000.akamaized.net/hls/live/2028510/tv2000/master.m3u8
La7 Cinema,https://viamotionhsi.netplus.ch/live/eds/la7d/browser-HLS8/la7d.m3u8
La 5 Ⓖ,https://live02-seg.msf.cdn.mediaset.net/live/ch-ka/ka-clr.isml/index.m3u8
Real Time,https://streaming.aurora.enhanced.live/live/mpc/enl0eG1mLmVncmVzcy5mZDJ2eHI=/out/v1/IT_SIMULCAST/REALTIME/CMAF/index.m3u8
QVC,https://qrg.akamaized.net/hls/live/2017383/lsqvc1it/master.m3u8
Food Network,https://streaming.aurora.enhanced.live/live/mpc/enl0eG1mLmVncmVzcy5mZDJ2eHI=/out/v1/IT_SIMULCAST/FOODNETWORK/CMAF/index.m3u8
Cine34   Ⓖ,https://live02-seg.msf.cdn.mediaset.net/live/ch-b6/b6-clr.isml/index.m3u8
Focus Ⓖ,https://live02-seg.msf.cdn.mediaset.net/live/ch-fu/fu-clr.isml/index.m3u8
RTL 102.5,https://dd782ed59e2a4e86aabf6fc508674b59.msvdn.net/live/S97044836/tbbP8T1ZRPBL/playlist.m3u8
Discovery Channel,https://streaming.aurora.enhanced.live/live/mpc/enl0eG1mLmVncmVzcy5mZDJ2eHI=/out/v1/IT_SIMULCAST/DISCOVERYCHANNEL/CMAF/index.m3u8
Giallo,https://streaming.aurora.enhanced.live/live/mpc/enl0eG1mLmVncmVzcy5mZDJ2eHI=/out/v1/IT_SIMULCAST/GIALLO/CMAF/index.m3u8
Top Crime   Ⓖ,https://live02-seg.msf.cdn.mediaset.net/live/ch-lt/lt-clr.isml/index.m3u8
BOING   Ⓖ,https://live02-seg.msf.cdn.mediaset.net/live/ch-kb/kb-clr.isml/index.m3u8
K2,https://d1pmpe0hs35ka5.cloudfront.net/v1/master/3722c60a815c199d9c0ef36c5b73da68a62b09d1/cc-39hsskpppgf72/K2_IT.m3u8
Rai Gulp Ⓖ,https://mediapolis.rai.it/relinker/relinkerServlet.htm?cont=746953&output=7&forceUserAgent=rainet%2F4.0.5
Rai YoYo Ⓖ,https://mediapolis.rai.it/relinker/relinkerServlet.htm?cont=746899&output=7&forceUserAgent=rainet%2F4.0.5
Frisbee,https://d6m7lubks416z.cloudfront.net/v1/master/3722c60a815c199d9c0ef36c5b73da68a62b09d1/cc-zmbstsedxme9s/Frisbee_IT.m3u8
Cartoonito Ⓖ,https://live02-seg.msf.cdn.mediaset.net/live/ch-la/la-clr.isml/index.m3u8
Super!,https://495c5a85d9074f29acffeaea9e0215eb.msvdn.net/super/super_main/super_main_hbbtv/playlist.m3u8
Rai News 24 Ⓖ,https://mediapolis.rai.it/relinker/relinkerServlet.htm?cont=1&output=7&forceUserAgent=rainet%2F4.0.5
Italia 2 Ⓖ,https://live02-seg.msf.cdn.mediaset.net/live/ch-i2/i2-clr.isml/index.m3u8
Sky TG24 Ⓖ,https://hlslive-web-gcdn-skycdn-it.akamaized.net/TACT/12221/web/master.m3u8?hdnts=st%3D1764666351~exp%3D1829466206~acl%3D%2F%2A~hmac%3Db0e9165b6c55027903ad103c8219f363d8765eb300c0d9a339e9767fc3509556
TGCOM 24 Ⓖ,https://live02-seg.msf.cdn.mediaset.net/live/ch-kf/kf-clr.isml/index.m3u8
DMAX,https://streaming.aurora.enhanced.live/live/mpc/enl0eG1mLmVncmVzcy5mZDJ2eHI=/out/v1/IT_SIMULCAST/DMAX/CMAF/index.m3u8
Rai Storia Ⓖ,https://mediapolis.rai.it/relinker/relinkerServlet.htm?cont=746990&output=7&forceUserAgent=rainet%2F4.0.5
Mediaset Extra Ⓖ,https://live02-seg.msf.cdn.mediaset.net/live/ch-kq/kq-clr.isml/index.m3u8
HGTV – Home & Garden Tv,https://streaming.aurora.enhanced.live/live/mpc/enl0eG1mLmVncmVzcy5mZDJ2eHI=/out/v1/IT_SIMULCAST/HGTV/CMAF/index.m3u8
Rai Scuola Ⓖ,https://mediapolis.rai.it/relinker/relinkerServlet.htm?cont=747011&output=7&forceUserAgent=rainet%2F4.0.5
Rai Sport Ⓖ,https://mediapolis.rai.it/relinker/relinkerServlet.htm?cont=358025&output=7&forceUserAgent=rainet%2F4.0.5
Turbo,https://streaming.aurora.enhanced.live/live/mpc/enl0eG1mLmVncmVzcy5mZDJ2eHI=/out/v1/IT_SIMULCAST/TURBO/CMAF/index.m3u8
Sportitalia Plus,https://sportsitalia-samsungitaly.amagi.tv/playlist.m3u8
Travel TV,https://streaming.softwarecreation.it/GoldTvSat/GoldTvSat/playlist.m3u8
Donna TV Ⓢ,https://5a1178b42cc03.streamlock.net/donnatv/donnatv/playlist.m3u8
SuperTennis,https://live-embed.supertennix.hiway.media/restreamer/supertennix_client/gpu-a-c0-16/restreamer/outgest/aa3673f1-e178-44a9-a947-ef41db73211a/manifest.m3u8
Alma TV,https://streaming.softwarecreation.it/AlmaTv/AlmaTv/playlist.m3u8
Radio 105 TV Ⓖ,https://live02-seg.msr.cdn.mediaset.net/live/ch-ec/ec-clr.isml/index.m3u8
R101 TV Ⓖ,https://live02-seg.msr.cdn.mediaset.net/live/ch-er/er-clr.isml/index.m3u8
Deejay TV,https://4c4b867c89244861ac216426883d1ad0.msvdn.net/live/S85984808/sMO0tz9Sr2Rk/playlist.m3u8
RadioItaliaTV,https://radioitaliatv.akamaized.net/hls/live/2093117/RadioitaliaTV/master.m3u8
Radio KISS KISS TV,https://kk.fluid.stream/KKMulti/smil:KissKissTV.smil/playlist.m3u8
Rai Radio 2 Visual Radio,https://mediapolis.rai.it/relinker/relinkerServlet.htm?cont=5674080&output=7&forceUserAgent=rainet%2F4.0.5
RTL 102.5 Traffic,https://dd782ed59e2a4e86aabf6fc508674b59.msvdn.net/live/S38122967/2lyQRIAAGgRR/playlist.m3u8
MAN-GA,https://c65b9e710bde44819015af98e72cd7ab.msvdn.net/live/S93572876/aILSQPYFY3pF/playlist.m3u
Radio24-IlSole24OreTV,https://ilsole24ore-radiovisual.akamaized.net/hls/live/2035302/persidera/master.m3u8
BeJoy.Kids,https://64b16f23efbee.streamlock.net/bejoy/bejoy/playlist.m3u8
Gambero Rosso,https://2018f6355a15442ebb37007fa4f6c064.msvdn.net/live/S7530969/XWerenuxbSdW/playlist.m3u8
RadioFreccia,https://dd782ed59e2a4e86aabf6fc508674b59.msvdn.net/live/S3160845/0tuSetc8UFkF/playlist.m3u8
RDS Social TV,https://stream.rdstv.radio/index.m3u8
Radio ZETA,https://dd782ed59e2a4e86aabf6fc508674b59.msvdn.net/live/S9346184/XEx1LqlYbNic/playlist.m3u8
Radio TV Serie A con RDS,https://stream.radioseriea.com/50773f0d0070476a8612d9984c6059d8/index.m3u8
Sportitalia SOLOCALCIO,https://di-g7ij0rwh.vo.lswcdn.net/sportitalia/sisolocalcio.smil/playlist.m3u8
BIKE Channel,https://stream.prod-01.milano.nxmedge.net/argocdn/bikechannel/video.m3u8
Radio Montecarlo TV Ⓖ,https://live02-seg.msr.cdn.mediaset.net/live/ch-bb/bb-clr.isml/index.m3u8
Virgin Radio TV Ⓖ,https://live02-seg.msr.cdn.mediaset.net/live/ch-ew/ew-clr.isml/index.m3u8
Senato TV,https://senato-live.morescreens.com/SENATO_1_001/playlist.m3u8
Camera dei Deputati Ⓢ,https://video-ar.radioradicale.it/diretta/camera2/playlist.m3u8
Rai 4K Ⓖ,https://raievent10-elem-live.akamaized.net/hls/live/619189/raievent10/raievent10/playlist.m3u8
UniNettuno University TV Ⓖ,https://stream6-rai-it.akamaized.net/live/uninettuno/playlist.m3u8
111 Tv,https://5db313b643fd8.streamlock.net/111/111/playlist.m3u8
12 Tv Parma,https://5929b138b139d.streamlock.net/12TVParma/livestream/playlist.m3u8
4 You Tv,https://streamsrv2.nets-sr.com:19360/4youtv/4youtv.m3u8
Abc Tv,https://diretta.arcapuglia.it:8080/live/abctv/index.m3u8
AB Channel,https://tsw.streamingwebtv24.it:1936/abchanneltv/abchanneltv/playlist.m3u8
Alpauno,https://5f22d76e220e1.streamlock.net/alpaunotv/alpaunotv/playlist.m3u8
Alto Adige Tv,https://5f204aff97bee.streamlock.net/AltoAdigeTV/livestream/playlist.m3u8
Antenna 2 Bergamo,https://58f12ffd2447a.streamlock.net/Antenna2/livestream/playlist.m3u8
Antenna 3 Massa,https://media2021.rtvweb.com/antenna3massa/a3/playlist.m3u8
Antenna 3 Veneto Nord Est,https://59d7d6f47d7fc.streamlock.net/antennatreveneto/antennatreveneto.stream/playlist.m3u8
Antenna Sicilia,https://antennasicilialive.cdn.netrw.it/antennasicilialive/hls/ccr/antennasicilia/master.m3u8
Antenna Sud,https://live.antennasudwebtv.it:9443/hls/vod.m3u8
Antenna Sud Extra,https://live.antennasudwebtv.it:9443/hls/vod92.m3u8
Aristanis SuperTv,https://video2.azotosolutions.com:1936/supertvoristano/supertvoristano/playlist.m3u8
Arte Network Orler,https://tsw.streamingwebtv24.it:1936/artenetwork/artenetwork/playlist.m3u8
Aurora Arte,https://59d7d6f47d7fc.streamlock.net/auroraarte/auroraarte/playlist.m3u8
Azzurra Tv Vco,https://59d7d6f47d7fc.streamlock.net/azzurratv/azzurratv/playlist.m3u8
Basilicata 1 Tv,http://77.68.40.210:8888/hls/basilicata1.m3u8
Bergamo Tv,https://db142859fd5541b09de25d6507f1f2d3.msvdn.net/live/S17501676/oIxAsgEEA46M/playlist.m3u8?DVR=
BOM Channel,https://5f22d76e220e1.streamlock.net/canale6/canale6/playlist.m3u8
ByoBlu,https://09bd1346f7a44cc9ac230cc1cb22ca4f.msvdn.net/live/S39249178/EnTK3KeeN1Eg/playlist.m3u8
Cafe Tv 24,https://srvx1.selftv.video/cafe/live/playlist.m3u8
Calabria Uno Tv,https://635320cd397eb.streamlock.net/live/ngrp:calabriaunolive_all/playlist.m3u8
Calabria tv,https://64b16f23efbee.streamlock.net/calabriatv-clone/calabriatv-clone/playlist.m3u8
Canale 10,https://nrvideo1.newradio.it:1936/desxcerbht/desxcerbht/playlist.m3u8
Canale 2,https://59d7d6f47d7fc.streamlock.net/canale2/canale2/playlist.m3u8
Canale 21,https://0ff9dd7fe9b64bc08a5fc4ed525454c3.msvdn.net/live/S38994111/B7j0ql4XaZtE/playlist.m3u8
Canale 21 Extra,https://0ff9dd7fe9b64bc08a5fc4ed525454c3.msvdn.net/live/S42170132/sT6C3LFaD1iA/playlist.m3u8
Canale 7,http://wms.shared.streamshow.it:80/canale7/canale7/playlist.m3u8
Canale 74 Sicilia,https://stream.cp.ets-sistemi.it:1936/canale74/canale74/playlist.m3u8
Canale 8 Campania,https://59d7d6f47d7fc.streamlock.net/canale8/canale8/playlist.m3u8
Canale Italia,https://ovp-live.akamaized.net/ac115_live/canale1.smil/playlist.m3u8
Carina Tv,https://samson.streamerr.co:8081/carinatv/index.m3u8
Casa Italia 53,https://ovp-live.akamaized.net/ac115_live/canale3.smil/playlist.m3u8
Casa Sanremo Tv,https://router.xdevel.com/video0s975911-633/stream/playlist_dvr.m3u8
Castrovillari Tv,http://msh0062.stream.seeweb.it/live/flv:stream00.sdp/playlist.m3u8
Cittaceleste Tv,https://sportitaliaamd.akamaized.net/live/Cittaceleste/hls/A990687F506536598442FC5CD12C97CB78873FBA/index.m3u8
Company Tv,https://company.fluid.stream/CompanyTV/smil:Company_ALL.smil/playlist.m3u8
Cremona 1,https://cdn2.streamshow.it/cloud-cremona1/cremona1/playlist.m3u8
Cusano Italia Tv,https://router.xdevel.com/video0s975363-69/stream/playlist.m3u8
Cusano News 7,https://router.xdevel.com/video1s975363-1596/stream/playlist.m3u8
Delta Tv,http://hbbtv-server.zivoli.it:8080/hls/deltatv/deltatv/index.m3u8
Deluxe 139,https://59d7d6f47d7fc.streamlock.net/pierstyle/pierstyle/playlist.m3u8
Di.Tv 80,https://5f22d76e220e1.streamlock.net/ditv80/ditv80/playlist.m3u8
Di.Tv 92,https://media2021.rtvweb.com/di_tv_92/live/playlist.m3u8
Digital Tv7 Benevento,http://streaming.senecadot.com/live/flv:tv7.sdp/playlist.m3u8
Donna Shopping Tv,https://5f22d76e220e1.streamlock.net/fascinotv/fascinotv/playlist.m3u8
E'live Brescia Tv,https://59d7d6f47d7fc.streamlock.net/elivebresciatv/elivebresciatv/playlist.m3u8
Easy Tv Canale 190,https://diretta.arcapuglia.it:8080/live/easytv/index.m3u8
Entella Tv,https://5f22d76e220e1.streamlock.net:443/EntellaTV/EntellaTV/playlist.m3u8
EQUtv,https://ippicabetflag-live.morescreens.com/IPPICA_1_003/304p.m3u8
Equos Tv,https://dacastmmd.mmdlive.lldns.net/dacastmmd/2824fb123d5e44b797232c7abf8195da/playlist.m3u8
Espansione Tv,https://srvx1.selftv.video/espansione/smil:live.smil/playlist.m3u8
Esperia Tv,https://59d7d6f47d7fc.streamlock.net/esperiatv/esperiatv/playlist.m3u8
Etna Espresso Channel,https://5db313b643fd8.streamlock.net/Etnachannelponte/Etnachannelponte/playlist.m3u8
è Tv Marche,https://live.ipstream.it/etvmarche/etvmarche.stream/playlist.m3u8
è Tv Rete7,https://live.ipstream.it/etv/etv.stream/playlist.m3u8
è Tv Umbria,https://live.ipstream.it/etvumbria/etvumbria.stream/playlist.m3u8
Euro Tv,https://5f22d76e220e1.streamlock.net/eurotv/eurotv/playlist.m3u8
Extra Tv,https://rst2.saiuzwebnetwork.it:8081/extratvlive/index.m3u8
FM Tv Marche,https://bbtv.intvstream.net:3988/hybrid/play.m3u8
Fano Tv,https://diretta.arcapuglia.it:8080/live/fanotv/index.m3u8
Fascino Tv,https://5f22d76e220e1.streamlock.net/canale157/canale157/playlist.m3u8
GRP Televisione,https://webstream.multistream.it/memfs/a3195c96-f884-4c74-924f-2648814fc0b5.m3u8
GarganoTv,https://cdn80-ger.azotosolutions.com:8443/cdnedge3/smil:live3.smil/playlist.m3u8
Giornale Radio Tv,https://5f204aff97bee.streamlock.net/GR_tv/livestream/playlist.m3u8
Giovanni Paolo Tv,https://media2021.rtvweb.com/giovannipaolotv/web/chunklist_w663456797.m3u8
Globo Tv,https://nrvideo1.newradio.it:1936/awrgaebshj/awrgaebshj/playlist.m3u8
Globus Television,https://cdn.cubws.com/live/globus.m3u8
Gold Tv,https://streaming.softwarecreation.it/GoldTv/GoldTv/playlist.m3u8
GO-TV Channel,https://6zklxkbbdw9b-hls-live.mariatvcdn.it/msmotor/2f759512164fc6fe4acbed6a5648993a.sdp/playlist.m3u8
GS Channel,https://rst.saiuzwebnetwork.it:8081/retereggio/index.m3u8
Icaro Tv Rimini,https://59d7d6f47d7fc.streamlock.net/icarotv/icarotv/playlist.m3u8
Idea Plus,https://rst.saiuzwebnetwork.it:19360/teleidea/teleidea.m3u8
il61,https://5a1178b42cc03.streamlock.net/travel/travel/playlist.m3u8
Italia 2 Tv,https://59d7d6f47d7fc.streamlock.net/italia2/italia2/playlist.m3u8
Italia 7,https://streaming.softwarecreation.it/Italia7/Italia7/playlist.m3u8
Italia 8 Prestige,https://5f22d76e220e1.streamlock.net/italia8prestige/italia8prestige/playlist.m3u8
Italia Channel,https://stream1.aswifi.it/italiachannel/stream/index.m3u8
Iunior Tv,https://5f22d76e220e1.streamlock.net/iuniortv/iuniortv/playlist.m3u8
L'Altro Corriere Tv,https://stream.cp.ets-sistemi.it:1936/laltrocorriere-tv/laltrocorriere-tv/playlist.m3u8
La Nuova Tv,https://5dcabf026b188.streamlock.net/lanuovatvbas/livestream/playlist.m3u8
La Tenda Tv,https://2-fss-1.streamhoster.com/pl_148/206202-2980948-1/playlist.m3u8
La tr3 Marsala,https://tsw.streamingwebtv24.it:1936/eslife1/eslife1/playlist.m3u8
LaC News 24,https://f5842579ff984c1c98d63b8d789673eb.msvdn.net/live/S27391994/HVvPMzy/playlist.m3u8
LaC Tv Calabria,https://f5842579ff984c1c98d63b8d789673eb.msvdn.net/live/S47282891/JWjL3xqPf4bX/playlist.m3u8
Lab Tv,https://customer-yzibk50951uq418a.cloudflarestream.com/a58893dee4b9922a75e41b4ec4243f84/manifest/video.m3u8
Lazio Tv,https://streaming.softwarecreation.it/LazioTv/LazioTv/playlist.m3u8
Le Cronache Lucane Tv,http://stucazz.com:8888/hls/cronache.m3u8
Lira Tv,https://a928c0678d284da5b383f29ecc5dfeec.msvdn.net/live/S57315730/8kTBWibNteJA/playlist.m3u8
Lombardia Tv,https://5db313b643fd8.streamlock.net/lmbiatv/lmbiatv/playlist.m3u8
Love in Venice,http://59d7d6f47d7fc.streamlock.net/loveinvenice/loveinvenice/playlist.m3u8
Lucania Tv,https://cdn15.streamshow.it/cloud-lucaniatv/lucaniatv/playlist.m3u8
Made in BO,https://srvx1.selftv.video/dmchannel/live/playlist.m3u8
Maria Vision,https://1601580044.rsc.cdn77.org/live/_jcn_/amls:CHANNEL_2/playlist.m3u8
Matrix Tv,https://5f22d76e220e1.streamlock.net/GrandeItalia/GrandeItalia/playlist.m3u8
Mediterranea Tv,https://stream1.aswifi.it/mediterraneatv/live/index.m3u8
Medjugorje Italia Tv,https://5f22d76e220e1.streamlock.net/medjugorjeitaliatv/medjugorjeitaliatv/playlist.m3u8
Medjugorje Tv Puglia,https://diretta.arcapuglia.it:8080/live/medjugorietv/index.m3u8
Minformo Tv,https://5db313b643fd8.streamlock.net:443/MinformoTV/MinformoTV/playlist.m3u8
Motori Tv,https://5f22d76e220e1.streamlock.net/servizio01/servizio01/playlist.m3u8
NTI Canale 271,https://www.ntimedia.it/video/S0B/S0B_master.m3u8
News24 City,https://dc3.telesveva.com:4433/news24.mp4
Nuova TV Nazionale,https://stream4.xdevel.com/video0s975955-782/stream/playlist.m3u8
Nuova Tv 1,https://nuovatv.net:8443/tv/stream.m3u8
Nuova Tv 2,https://nuovatv.net:8443/tv2/stream.m3u8
Nuvola Tv,https://stream.nuvola.tv:8181/memfs/4aaa6328-1879-4ebf-b18a-498146d0c61c.m3u8
Odeon 24,https://streaming.softwarecreation.it/Odeon/Odeon/manifest.m3u8
Ofanto Tv,https://videostream.isgm.it:3276/live/tvofantolive.m3u8
Onda Novara Tv,https://585b674743bbb.streamlock.net/9006/9006/playlist.m3u8
Onda Tv Sicilia,https://5926fc9c7c5b2.streamlock.net/9040/9040/playlist.m3u8
Onda Web Radio,http://178.33.224.197:1935/ondaradioweb/ondaradioweb/playlist.m3u8
Ora Tv,https://5db313b643fd8.streamlock.net/OraTv/OraTv/playlist.m3u8
Orler Tv,https://w1.mediastreaming.it/orlertv/livestream/playlist.m3u8
Otto Channel,https://ottop-live-meride.akamaized.net/hls/live/2039996/ch1/playlist.m3u8
Padre Pio Tv,https://600f07e114306.streamlock.net/PadrePioTV/livestream/playlist.m3u8
Paradise Tv,https://tsw.streamingwebtv24.it:1936/paradisetv/paradisetv/playlist.m3u8
Parole di Vita,https://64b16f23efbee.streamlock.net/paroledivita/paroledivita/playlist.m3u8
Partenope Tv,https://diretta.arcapuglia.it:8080/live/partenope/index.m3u8
Peer Tv Alto Adige,https://iptv.peer.biz/live/peertv-it.m3u8
Peer TV Südtirol,https://iptv.peer.biz/live/peertv.m3u8
Pop Tv,https://stream1.aswifi.it/poptelevision/live/index.m3u8
Prima Tv Napoli,https://57068da1deb21.streamlock.net/primatvnapoli/primatvnapoli/playlist.m3u8
Prima Tv Sicilia,https://5db313b643fd8.streamlock.net/PrimaTV/PrimaTV/playlist.m3u8
PrimaFREE,https://5f22d76e220e1.streamlock.net/primafree/primafree/playlist.m3u8
Primantenna Torino,https://5f22d76e220e1.streamlock.net/primantenna14/primantenna14/playlist.m3u8
Primocanale,https://msh0203.stream.seeweb.it/live/flv:stream2.sdp/playlist.m3u8
Promovideo Tv,https://media2021.rtvweb.com/promovideo_web/promovideo/playlist.m3u8
Quarto Canale Flegreo,http://live.mariatvcdn.com/dialogos/171e41deedf405f10c7dd6311387fb43.sdp/playlist.m3u8
Radio 3M InBlu,https://stream.mariatvcdn.com/telemistrettaradio/900bfcc0f9012ea272584fd5ff5281b8.sdp/playlist.m3u8
Radio 51 Tv,https://59d7d6f47d7fc.streamlock.net/canale51/canale51/chunklist_w1193883900.m3u8
Radio Birikina Tv,https://tvd-bk.fluid.stream/RadioBirikinaTV/livestream/chunklist_w84398277.m3u8
Radio Bruno Tv,https://router.xdevel.com/video0s975758-473/stream/playlist.m3u8
Radio Ibiza,https://str48.fluid.stream/RadioIbizaTV/livestream/playlist.m3u8
Radio Immagine Tv,https://media.velcom.it:8081/RadioImmagineTV/index.fmp4.m3u8
Radio Italia Cina Tv,https://585b674743bbb.streamlock.net/9054/9054/playlist.m3u8
Radio Libertà,https://router.xdevel.com/video0s975360-67/stream/playlist_dvr.m3u8
Radio m2o Tv,https://4c4b867c89244861ac216426883d1ad0.msvdn.net/live/S62628868/uhdWBlkC1AoO/playlist.m3u8
Radio Monte Kronio Tv (R.M.K.),https://648026e87a75e.streamlock.net/rmktv/rmktv/playlist.m3u8
Radio Norba Tv,https://router.xdevel.com/video0s975885-462/stream/playlist_dvr.m3u8
Radio Piter Pan Tv,https://tvd-piter.fluid.stream/RadioPiterpanTV/livestream/chunklist_w1866496033.m3u8
Radio Radio Tv,https://200912.global.ssl.fastly.net/646b335e2291a2022444bb7c/live_22f84390fe1411ed919df3da85a483cc/rewind-14400.m3u8
Radio Radiosa Tv,https://stream7.zivoli.it/radiosatv/radiosatv/playlist.m3u8
Radio Roma,https://585b674743bbb.streamlock.net/9044/9044/playlist.m3u8
Radio Roma Television,https://5926fc9c7c5b2.streamlock.net/rtfeunawfu/rtfeunawfu/playlist.m3u8
Ran Friul,https://5f22d76e220e1.streamlock.net/RanFriul/RanFriul/playlist.m3u8
RDE Tv,https://rst2.saiuzwebnetwork.it:8081/rdetrieste/index.m3u8
Reggio Tv,https://cdn10.streamshow.it/cloud-reggiotv/reggiotv/playlist.m3u8
Rei Tv,https://5f22d76e220e1.streamlock.net/reitv/reitv/playlist.m3u8
Rete 55,https://live1.giocabet.tv/stream/6/index.m3u8
Rete 8 Vga,https://604e46ac2bdee.streamlock.net:1936/rete8_1/rete8_1/playlist.m3u8
Rete 8,https://64b16f23efbee.streamlock.net/rete8/rete8/playlist.m3u8
Rete 8 Sport,https://64b16f23efbee.streamlock.net/rete8sport/rete8sport/playlist.m3u8
Rete Biella Tv,https://sb.top-ix.org/retebiella/streaming/playlist.m3u8
Rete Mia,https://5db313b643fd8.streamlock.net/rete/rete/playlist.m3u8
Rete Oro Tv,https://5926fc9c7c5b2.streamlock.net/9094/9094/playlist.m3u8
Rete Sole,https://5926fc9c7c5b2.streamlock.net/9332/9332/playlist.m3u8
Rete Tv Italia,https://57068da1deb21.streamlock.net/retetvitalia/retetvitalia/playlist.m3u8
Rete Veneta,http://wms.shared.streamshow.it/reteveneta/reteveneta/playlist.m3u8
Roma Tv 82,https://streaming.softwarecreation.it/RomaCH71/RomaCH71/playlist.m3u8
Rossini Tv,https://stream.rossinitv.it/memfs/3bca4ad7-adfc-4610-ac0e-e826743ddc57.m3u8
RTC Quarta Rete,https://msh0232.stream.seeweb.it/live/stream00.sdp/playlist.m3u8
RTC Telecalabria,https://w1.mediastreaming.it/calabriachannel/livestream/playlist.m3u8
RTI Calabria,https://stream.ets-sistemi.it:8081/rticalabria/index.m3u8
RTL 102.5 + Plus,https://streamcdng14-dd782ed59e2a4e86aabf6fc508674b59.msvdn.net/live/S82929343/cAcsSu4Wecc5/chunklist_b5256000.m3u8
RTM Manduria,https://5f22d76e220e1.streamlock.net/rtm/rtm/playlist.m3u8
RTR99 Tv,https://5e73cf528f404.streamlock.net/RTR99TV/livestream/playlist.m3u8
Rtp Tv,http://flash2.xdevel.com/rtptv/rtptv/playlist.m3u8
Rttr,https://5f204aff97bee.streamlock.net/RTTRlive/livestream/playlist.m3u8
Rtv 38 Toscana,https://845d8509d2cb4f249dd0b2ae5755b6c2.msvdn.net/rtv38/rtv38_live_main/mainabr/playlist_dvr.m3u8
SL 48 Tv,http://media.velcom.it:1935/sl48/sl48/playlist.m3u8
ST Europe Channel,https://5f22d76e220e1.streamlock.net/steuropetv/steuropetv/playlist.m3u8
Sardegna 1,https://7e1cc2454f2242afabe05cc0a2f483cd.msvdn.net/live/S30721796/ZS3Xu8mn5f0J/playlist.m3u8
Set Tv Cilento,https://stream1.aswifi.it/settv/live/index.m3u8
Sesta Rete,https://stream10.xdevel.com/video0s977089-1792/stream/playlist.m3u8
Sicilia 24 Tv,https://5f22d76e220e1.streamlock.net/sicilia24/sicilia24/playlist.m3u8
Sicilia Tv,https://stream9.xdevel.com/video0s976441-1226/stream/playlist.m3u8
Sienatv,https://router.xdevel.com/video0s976727-1441/stream/playlist.m3u8
Sophia Tv,https://bild-und-ton.stream/sophiatv-it/smil:sophia-tv-it.smil/playlist.m3u8
Stiletv,https://proxy.media.convergenze.it/stiletv/streams/oQOFd7JglHjO1631525551097.m3u8
Super J Tv,https://59d39900ebfb8.streamlock.net/SuperJtv/SuperJtv/playlist.m3u8
Super Six,https://5db313b643fd8.streamlock.net/SUPERSIXLombardia/SUPERSIXLombardia/playlist.m3u8
Supertv,http://wms.shared.streamshow.it:1935/supertv/supertv/live.m3u8
T9,https://streaming.softwarecreation.it/tnove/tnove/playlist.m3u8
TRC Santeramo,https://stream7.livinlive.it/trc/trc/playlist.m3u8
TRL Tele Radio Leo,https://5db313b643fd8.streamlock.net/TRL/TRL/playlist.m3u8
TSD Tv Arezzo(Tele San Domenico),https://stream.mariatvcdn.com/tsd/7c59373bfdb38201b9215ff86f0ce6af.sdp/playlist.m3u8
TVL (TV Libera Pistoia),http://live.mariatvcdn.com/mariatvcdn/70564e1c6884c007c76f0c128d679eed.sdp/mono.m3u8
Tcf Tv,https://stream10.xdevel.com/video1s977294-1864/stream/playlist.m3u8
Tci,https://tbn-jw.cdn.vustreams.com/live/tci/live.isml/2b7d53c5-b504-4d26-b25f-a70deb8d0faf.m3u8
Teatro Tv,https://m.iostream.it/hls/teatrotv/teatrotv.m3u8
Tele A,https://lostream.it/hls/telea/video.m3u8
Tele Abruzzo Tv,http://uk4.streamingpulse.com:1935/TeleabruzzoTV/TeleabruzzoTV/playlist.m3u8
Tele Acras,https://5db313b643fd8.streamlock.net/teleacras/teleacras/playlist.m3u8
Tele Arena,https://5e73cf528f404.streamlock.net/TeleArena/TeleArena.stream/playlist.m3u8
Tele Bari,https://w1.mediastreaming.it/telebari/livestream/playlist.m3u8
Tele Belluno,https://live.mariatvcdn.com/telebelluno/a3b80388da9801906adf885282e73bc3.sdp/mono.m3u8
Tele Boario,https://stream7.xdevel.com/video0s976425-1244/stream/playlist_dvr.m3u8
Tele Bruzzano,https://playerssl.telemia.tv/fileadmin/hls/Telebruzzano/telebruzzano_mediachunks.m3u8
Tele Chiara,http://fms.tvavicenza.it:1935/telechiara/diretta/playlist.m3u8
Telecolor,https://1aadf145546f475282c5b4e658c0ac4b.msvdn.net/live/324149/hlbAWtl/playlist.m3u8
Telecolor Sicilia,https://antennasicilialive.cdn.netrw.it/antennasicilialive/hls/ccr/telecolor/master.m3u8
Tele Cupole,https://nrvideo1.newradio.it/euhsbdamnx/euhsbdamnx/playlist.m3u8
Tele Estense,https://5e73cf528f404.streamlock.net/TeleEstense/livestream/playlist.m3u8
Tele Foggia,https://59d7d6f47d7fc.streamlock.net/telefoggia/telefoggia/playlist.m3u8
Tele Friuli,https://5757bf2aa08e42248fb9b9d620f5d900.msvdn.net/live/S11646715/pE3ax0lT0rBd/playlist.m3u8
Tele Ischia,https://rst.saiuzwebnetwork.it:8081/teleischia/index.m3u8
Tele Jonio,http://59d7d6f47d7fc.streamlock.net/telejonio/telejonio/playlist.m3u8
Tele Liberta' HD,https://streaming.liberta.it/hls/liberta.m3u8
Tele Liguria Sud,https://64b16f23efbee.streamlock.net/teleliguriasud/teleliguriasud/playlist.m3u8
Tele Mantova,https://5ce9406b73c33.streamlock.net/TeleMantova/livestream/playlist.m3u8
Tele Mia,https://playerssl.telemia.tv/fileadmin/hls/TelemiaHD/telemia85_mediachunks.m3u8
Tele Mia Extra,https://playerssl.telemia.tv/fileadmin/hls/TelemiaExtra/telemiaextra_mediachunks.m3u8
Tele Mistretta,https://live.mariatvcdn.com/telemistretta/8fbcd205ada81b295ee6c211c3a80dde.sdp/playlist.m3u8
Tele Molise,http://185.202.128.1:1935/Telemolise4K/Telemolise4K/playlist.m3u8
Tele Nord Genova,https://64b16f23efbee.streamlock.net/telenord/telenord/playlist.m3u8
Tele Nostra,https://13574-8.b.cdn12.com/hls/f099fa8883.ulive/_c/master.m3u8
Tele Occidente,https://stream9.xdevel.com/video0s976532-1292/stream/playlist.m3u8
Tele Oltre,http://1se1.troydesign.eu/np_teleoltre/_definst_/channel1_np_teleoltre/playlist.m3u8?ext=.m3u8
Tele One,https://648026e87a75e.streamlock.net/teleone/teleone/playlist.m3u8
Tele Pace Trento,https://5a1178b42cc03.streamlock.net/telepacetrento/telepacetrento/playlist.m3u8
Tele Pavia,http://wms.shared.streamshow.it:1935/telepavia/telepavia/live.m3u8
Tele Pegaso,https://flash2.xdevel.com/telepegasocanale812/telepegasocanale812/playlist.m3u8
Tele Piadena,https://stream3.xdevel.com/video0s975441-151/stream/playlist_dvr.m3u8
Tele Pordenone,https://video.wifi4all.it/telepn/telepn.m3u8
Tele Quattro Trieste,http://wms.shared.streamshow.it/telequattro/telequattro/playlist.m3u8
Tele Radio Ercolano,https://rst.saiuzwebnetwork.it:19360/teleradioercolano-1/teleradioercolano-1.m3u8
Tele Radio Pace 1,https://jk3lz2bwlw79-hls-live.mariatvcdn.it/teleradiopace1/efcc8fc46cab26315ce3f5845d76008f.sdp/playlist.m3u8
Tele Radio Pace 2,https://zkpywrbgdbeg-hls-live.mariatvcdn.it/teleradiopace2/254c9b5c52a73a94ef0f6169cbd05dc2.sdp/playlist.m3u8
Tele Radio Pace 3,https://932y4273djv8-hls-live.mariatvcdn.it/teleradiopace3/d2274c22e9ee09eb2eda01ed0496f8f5.sdp/playlist.m3u8
Tele Radio Pace 4,https://j78dpr7nyq5r-hls-live.mariatvcdn.it/teleradiopace4/13d74f2cfe921bfbc262697203d47d8f.sdp/playlist.m3u8
Tele Radio Orte,https://flash2.xdevel.com/ortetv/ortetv/index.m3u8
Tele Radio Sciacca,https://5db313b643fd8.streamlock.net/teleradiosciaccatv/teleradiosciaccatv/playlist.m3u8
Tele Sirio,https://www.telesirio.it/live/stream.m3u8
Tele Spazio Messina,https://rtm.cyberspazio.cloud:5443/LiveApp/streams/049229794390395765037801.m3u8
Tele Sud Puglia,https://64b16f23efbee.streamlock.net/telesud/telesud/playlist.m3u8
Tele Tricolore,https://59d7d6f47d7fc.streamlock.net/rs2/rs2/playlist.m3u8
Tele Tutto,https://600f07e114306.streamlock.net/TT_TELETUTTO/smil:TT.smil/playlist.m3u8
Tele Tutto 2,https://600f07e114306.streamlock.net/TT2_TELETUTTO/livestream/playlist.m3u8
Tele Tutto 24,https://600f07e114306.streamlock.net/TT24_TELETUTTO/livestream/playlist.m3u8
Tele Venezia,https://59d7d6f47d7fc.streamlock.net/televenezia/televenezia/playlist.m3u8
Tele Video Agrigento (T.V.A.),https://59d7d6f47d7fc.streamlock.net/tva/tva/playlist.m3u8
Tele8 Tv,https://57068da1deb21.streamlock.net/teletv8/teletv8/playlist.m3u8
TeleAmbiente,https://5f22d76e220e1.streamlock.net/teleambiente2024/teleambiente2024/playlist.m3u8
Telecampione,https://5f22d76e220e1.streamlock.net/telecampione/telecampione/playlist.m3u8
Telecittà Padova,https://tango.wifi4all.it/telecitta/telecitta.m3u8
Telecity Lombardia,https://64b16f23efbee.streamlock.net/telecitylombardia/telecitylombardia/playlist.m3u8
Telecity Piemonte,https://64b16f23efbee.streamlock.net/telecitypiemonte/telecitypiemonte/playlist.m3u8
Telecity Valle D'Aosta,https://64b16f23efbee.streamlock.net/telecityvda/telecityvda/playlist.m3u8
TeleCostaSmeralda,https://7e1cc2454f2242afabe05cc0a2f483cd.msvdn.net/tcs_live/tcs/tcs/playlist.m3u8
Telegenova,https://64b16f23efbee.streamlock.net/telegenova/telegenova/playlist.m3u8
Teleiblea,https://5f22d76e220e1.streamlock.net/teleiblea/teleiblea/playlist.m3u8
Teleitalia 41,https://streaming.softwarecreation.it/teleitalia/teleitalia/playlist.m3u8
Telejato,https://telejato.liberotratto.com/hls/stream.m3u8
Teleleonessa,http://wms.shared.streamshow.it:1935/teleleonessa/teleleonessa/live.m3u8
TeleMajg,https://59d7d6f47d7fc.streamlock.net/telemajg/telemajg/playlist.m3u8
Telenova,https://64b16f23efbee.streamlock.net/telenova/telenova/playlist.m3u8
Telerama,https://58d921499d3d3.streamlock.net/TeleRama/livestream/playlist.m3u8
TeleRegione,https://streaming.softwarecreation.it/TR118/TR118/playlist.m3u8
TeleRegione Color,https://live.antennasudwebtv.it:9443/hls/vodtele.m3u8
TeleRegione Live,https://5f22d76e220e1.streamlock.net/galluralive/galluralive/playlist.m3u8
TeleRent 7Gold,https://router.xdevel.com/video0s86-21/stream/playlist.m3u8
Telereporter,https://5f22d76e220e1.streamlock.net/telereporter/telereporter/playlist.m3u8
Teleromagna,https://livetr.teleromagna.it/teleromagna/live/playlist.m3u8
Teleromagna 24,https://livetr.teleromagna.it/mia/live/playlist.m3u8
TeleRomaDue,https://57068da1deb21.streamlock.net/teletibur/teletibur/playlist.m3u8
Telesud Trapani,https://64b16f23efbee.streamlock.net/telesudtrapani/telesudtrapani/playlist.m3u8
Telesveva,https://dc3.telesveva.com:4433/cmaf/livetv/index.mpd
Teleuniverso,https://stream.ets-sistemi.it:19360/teleuniverso/teleuniverso.m3u8
Televallo Trapani,https://64b16f23efbee.streamlock.net/televallo/televallo/playlist.m3u8
TG Norba 24,https://router.xdevel.com/video0s976570-1326/stream/playlist_dvr.m3u8
TLT Molise,https://5f22d76e220e1.streamlock.net/tltmolise/tltmolise/playlist.m3u8
Top Calcio 24,https://sportitaliaamd.akamaized.net/live/Telelombardia/hls/1CCCD0BCA2F9C979BC0632230F8E31EAEA41562B/index.m3u8
Tremedia Tv,https://stream4.xdevel.com/video0s976062-1263/stream/playlist_dvr.m3u8
Trentino Tv,https://5e73cf528f404.streamlock.net/TrentinoTV/livestream/playlist.m3u8
Tuscia Sabina 2000Tv,http://ts2000tv.streaming.nextware.it:8081/ts2000tv/ts2000tv/chunks.m3u8
Tv 12,https://59d7d6f47d7fc.streamlock.net/tv12/tv12/playlist.m3u8
Tv Campi Flegrei,https://tv.radiosaiuz.com:3836/live/campiflegreilive.m3u8
Tv Luna Napoli,https://diretta.arcapuglia.it:8080/live/teleluna/index.m3u8
Tv Prato,https://live.mariatvcdn.com/tvprato/2db0dd5674586686a867ec52c3aa8e06.sdp/mono.m3u8
Tv Qui Modena,https://59d7d6f47d7fc.streamlock.net/tvqui/tvqui/playlist.m3u8
Tv Uno,http://ftp.tiscali.it/francescovernata/TVUNO/monoscopioTvUNOint-1.wmv
Tv Yes,https://stream1.aswifi.it/radioyes/live/index.m3u8
Tva Vicenza,http://fms.tvavicenza.it:1935/live/diretta_1/playlist.m3u8
Tvr Xenon,https://cdn107-ita.azotosolutions.com:8443/cdnedge4/smil:live4.smil/playlist.m3u8
Tvrs Tv,https://cdn8.streamshow.it/cloud-tvrs/tvrs/playlist.m3u8
Umbria+ TRT,https://diretta.teleterni.it:8080//show/show.m3u8
Umbria Tv,https://umbriatv.stream.rubidia.it:8083/live/umbriatv/playlist.m3u8
Uno Tv,https://stream1.aswifi.it/unotv/live/index.m3u8
Uno4 Tv,https://cdn.uno4.it/index.m3u8
Vera Tv,http://wms.shared.streamshow.it/veratv/veratv/playlist.m3u8
VB33,https://live.ipstream.it/vb33/vb33.stream/playlist.m3u8
Video Calabria,https://a8a02dd9a49a4fc9810743615c65ab73.msvdn.net/live/S76734991/i6NeNqLYaspb/playlist.m3u8
Video Mediterraneo,https://bfbe5f347ac4424faf719dda285bc39e.msvdn.net/live/S54897858/4gWO7tTzpK3N/playlist.m3u8
Video Nola,https://videonola.aswifi.it/videonolaabr/live.m3u8
Video Regione Sicilia,https://57214cb172d84f8cb311b91513952b03.msvdn.net/live/S40896499/ZuaLjACsWIL4/playlist.m3u8
Video Star Tv Sicilia,https://stream9.xdevel.com/video0s976556-1321/stream/playlist.m3u8
Video Touring Tv,https://streamingvideo.auranex.cloud/memfs/70baacad-47c6-41a6-aee0-86530c31e080.m3u8
Videolina,http://livestreaming.videolina.it/live/Videolina/playlist.m3u8
Videonovara,https://ed04.top-ix.org/avtvlive/videonovara/streaming/playlist.m3u8
Videotelecarnia,https://rst2.saiuzwebnetwork.it:8081/vtccarnia/index.m3u8
Vintage Radio Tv,https://5f22d76e220e1.streamlock.net/vintageradiotv/vintageradiotv/playlist.m3u8
Vuemme Tv,https://5db313b643fd8.streamlock.net/Vuemme/Vuemme/playlist.m3u8
Webcom Tv,https://www.webcomiptv.it/mistserver/passionelotto/index.m3u8
WLTV,https://5db313b643fd8.streamlock.net/WLTV/WLTV/playlist.m3u8
Yvii Tv,https://stream.wired-shop.com/hls/yviitv.m3u8
Zerouno Tv Music,https://5f22d76e220e1.streamlock.net/zerounotvmusic/zerounotvmusic/playlist.m3u8
Zerouno Tv News,https://5f22d76e220e1.streamlock.net/01news/01news/playlist.m3u8
Radio Colonna Tv Ⓨ,https://www.youtube.com/radiocolonna/live
TRM h24 Ⓨ,https://www.youtube.com/user/trmh24/live
Euronews Italian Ⓨ,https://www.youtube.com/user/euronewsit/live
Teleroma 56 Ⓣ,https://www.twitch.tv/teleroma_56
TeleRadioStereo Ⓣ,https://www.twitch.tv/teleradiostereo
NHK総合 (東京),https://stream01.willfonk.com/live_playlist.m3u8?cid=BS291&r=FHD&ccode=JP&m=d0%3A20%3A20%3A04%3A35%3Acc&t=0d6938cb3dcf4b79848bc1753a59daf1
NHK Eテレ（東京）,https://stream01.willfonk.com/live_playlist.m3u8?cid=BS292&r=FHD&ccode=JP&m=d0%3A20%3A20%3A04%3A35%3Acc&t=0d6938cb3dcf4b79848bc1753a59daf1
日本テレビ,https://stream01.willfonk.com/live_playlist.m3u8?cid=BS294&r=FHD&ccode=JP&m=d0%3A20%3A20%3A04%3A35%3Acc&t=0d6938cb3dcf4b79848bc1753a59daf1
テレビ朝日,https://stream01.willfonk.com/live_playlist.m3u8?cid=BS295&r=FHD&ccode=JP&m=d0%3A20%3A20%3A04%3A35%3Acc&t=0d6938cb3dcf4b79848bc1753a59daf1
TBSテレビ,https://stream01.willfonk.com/live_playlist.m3u8?cid=BS296&r=FHD&ccode=JP&m=d0%3A20%3A20%3A04%3A35%3Acc&t=0d6938cb3dcf4b79848bc1753a59daf1
テレビ東京,https://stream01.willfonk.com/live_playlist.m3u8?cid=BS297&r=FHD&ccode=JP&m=d0%3A20%3A20%3A04%3A35%3Acc&t=0d6938cb3dcf4b79848bc1753a59daf1
フジテレビ,https://stream01.willfonk.com/live_playlist.m3u8?cid=BS298&r=FHD&ccode=JP&m=d0%3A20%3A20%3A04%3A35%3Acc&t=0d6938cb3dcf4b79848bc1753a59daf1
NHK BS,https://stream01.willfonk.com/live_playlist.m3u8?cid=BS101&r=FHD&ccode=JP&m=d0%3A20%3A20%3A04%3A35%3Acc&t=0d6938cb3dcf4b79848bc1753a59daf1
NHK BSP4K,https://stream01.willfonk.com/live_playlist.m3u8?cid=BS103&r=FHD&ccode=JP&m=d0%3A20%3A20%3A04%3A35%3Acc&t=0d6938cb3dcf4b79848bc1753a59daf1
BS日テレ,https://stream01.willfonk.com/live_playlist.m3u8?cid=BS141&r=FHD&ccode=JP&m=d0%3A20%3A20%3A04%3A35%3Acc&t=0d6938cb3dcf4b79848bc1753a59daf1
BS朝日,https://stream01.willfonk.com/live_playlist.m3u8?cid=BS151&r=FHD&ccode=JP&m=d0%3A20%3A20%3A04%3A35%3Acc&t=0d6938cb3dcf4b79848bc1753a59daf1
BS-TBS,https://stream01.willfonk.com/live_playlist.m3u8?cid=BS161&r=FHD&ccode=JP&m=d0%3A20%3A20%3A04%3A35%3Acc&t=0d6938cb3dcf4b79848bc1753a59daf1
BSテレ東,https://stream01.willfonk.com/live_playlist.m3u8?cid=BS171&r=FHD&ccode=JP&m=d0%3A20%3A20%3A04%3A35%3Acc&t=0d6938cb3dcf4b79848bc1753a59daf1
BSフジ,https://stream01.willfonk.com/live_playlist.m3u8?cid=BS181&r=FHD&ccode=JP&m=d0%3A20%3A20%3A04%3A35%3Acc&t=0d6938cb3dcf4b79848bc1753a59daf1
WOWOWプライム,https://stream01.willfonk.com/live_playlist.m3u8?cid=BS191&r=FHD&ccode=JP&m=d0%3A20%3A20%3A04%3A35%3Acc&t=0d6938cb3dcf4b79848bc1753a59daf1
WOWOWライブ,https://stream01.willfonk.com/live_playlist.m3u8?cid=BS192&r=FHD&ccode=JP&m=d0%3A20%3A20%3A04%3A35%3Acc&t=0d6938cb3dcf4b79848bc1753a59daf1
WOWOWシネマ,https://stream01.willfonk.com/live_playlist.m3u8?cid=BS193&r=FHD&ccode=JP&m=d0%3A20%3A20%3A04%3A35%3Acc&t=0d6938cb3dcf4b79848bc1753a59daf1
BS10,https://stream01.willfonk.com/live_playlist.m3u8?cid=BS263&r=FHD&ccode=JP&m=d0%3A20%3A20%3A04%3A35%3Acc&t=0d6938cb3dcf4b79848bc1753a59daf1
BS10スターチャンネル,https://stream01.willfonk.com/live_playlist.m3u8?cid=BS200&r=FHD&ccode=JP&m=d0%3A20%3A20%3A04%3A35%3Acc&t=0d6938cb3dcf4b79848bc1753a59daf1
アニマックス,https://stream01.willfonk.com/live_playlist.m3u8?cid=BS236&r=FHD&ccode=JP&m=d0%3A20%3A20%3A04%3A35%3Acc&t=0d6938cb3dcf4b79848bc1753a59daf1
J SPORTS 1,https://stream01.willfonk.com/live_playlist.m3u8?cid=BS242&r=FHD&ccode=JP&m=d0%3A20%3A20%3A04%3A35%3Acc&t=0d6938cb3dcf4b79848bc1753a59daf1
J SPORTS 2,https://stream01.willfonk.com/live_playlist.m3u8?cid=BS243&r=FHD&ccode=JP&m=d0%3A20%3A20%3A04%3A35%3Acc&t=0d6938cb3dcf4b79848bc1753a59daf1
J SPORTS 3,https://stream01.willfonk.com/live_playlist.m3u8?cid=BS244&r=FHD&ccode=JP&m=d0%3A20%3A20%3A04%3A35%3Acc&t=0d6938cb3dcf4b79848bc1753a59daf1
J SPORTS 4,https://stream01.willfonk.com/live_playlist.m3u8?cid=BS245&r=FHD&ccode=JP&m=d0%3A20%3A20%3A04%3A35%3Acc&t=0d6938cb3dcf4b79848bc1753a59daf1
釣りビジョン,https://stream01.willfonk.com/live_playlist.m3u8?cid=BS251&r=FHD&ccode=JP&m=d0%3A20%3A20%3A04%3A35%3Acc&t=0d6938cb3dcf4b79848bc1753a59daf1
日本映画専門チャンネル,https://stream01.willfonk.com/live_playlist.m3u8?cid=BS255&r=FHD&ccode=JP&m=d0%3A20%3A20%3A04%3A35%3Acc&t=0d6938cb3dcf4b79848bc1753a59daf1
ショップチャンネル,https://stream3.shopch.jp/HLS/master.m3u8
QVC,https://cdn-live1.qvc.jp/iPhone/1501/1501.m3u8
東映チャンネル,https://stream01.willfonk.com/live_playlist.m3u8?cid=CS218&r=FHD&ccode=JP&m=d0%3A20%3A20%3A04%3A35%3Acc&t=0d6938cb3dcf4b79848bc1753a59daf1
チャンネルNECO,https://stream01.willfonk.com/live_playlist.m3u8?cid=CS223&r=FHD&ccode=JP&m=d0%3A20%3A20%3A04%3A35%3Acc&t=0d6938cb3dcf4b79848bc1753a59daf1
ムービープラス,https://stream01.willfonk.com/live_playlist.m3u8?cid=CS240&r=FHD&ccode=JP&m=d0%3A20%3A20%3A04%3A35%3Acc&t=0d6938cb3dcf4b79848bc1753a59daf1
GAORA,https://stream01.willfonk.com/live_playlist.m3u8?cid=CS254&r=FHD&ccode=JP&m=d0%3A20%3A20%3A04%3A35%3Acc&t=0d6938cb3dcf4b79848bc1753a59daf1
日テレジータス,https://stream01.willfonk.com/live_playlist.m3u8?cid=CS257&r=FHD&ccode=JP&m=d0%3A20%3A20%3A04%3A35%3Acc&t=0d6938cb3dcf4b79848bc1753a59daf1
ゴルフネットワーク,https://stream01.willfonk.com/live_playlist.m3u8?cid=CS262&r=FHD&ccode=JP&m=d0%3A20%3A20%3A04%3A35%3Acc&t=0d6938cb3dcf4b79848bc1753a59daf1
時代劇専門チャンネル,https://stream01.willfonk.com/live_playlist.m3u8?cid=CS292&r=FHD&ccode=JP&m=d0%3A20%3A20%3A04%3A35%3Acc&t=0d6938cb3dcf4b79848bc1753a59daf1
ファミリー劇場,https://stream01.willfonk.com/live_playlist.m3u8?cid=CS293&r=FHD&ccode=JP&m=d0%3A20%3A20%3A04%3A35%3Acc&t=0d6938cb3dcf4b79848bc1753a59daf1
ホームドラマチャンネル,https://stream01.willfonk.com/live_playlist.m3u8?cid=CS294&r=FHD&ccode=JP&m=d0%3A20%3A20%3A04%3A35%3Acc&t=0d6938cb3dcf4b79848bc1753a59daf1
チャンネル銀河,https://stream01.willfonk.com/live_playlist.m3u8?cid=CS305&r=FHD&ccode=JP&m=d0%3A20%3A20%3A04%3A35%3Acc&t=0d6938cb3dcf4b79848bc1753a59daf1
スーパー！ドラマTV,https://stream01.willfonk.com/live_playlist.m3u8?cid=CS310&r=FHD&ccode=JP&m=d0%3A20%3A20%3A04%3A35%3Acc&t=0d6938cb3dcf4b79848bc1753a59daf1
アクションチャンネル,https://stream01.willfonk.com/live_playlist.m3u8?cid=CS311&r=FHD&ccode=JP&m=d0%3A20%3A20%3A04%3A35%3Acc&t=0d6938cb3dcf4b79848bc1753a59daf1
Dlife,https://stream01.willfonk.com/live_playlist.m3u8?cid=CS312&r=FHD&ccode=JP&m=d0%3A20%3A20%3A04%3A35%3Acc&t=0d6938cb3dcf4b79848bc1753a59daf1
LaLa TV,https://stream01.willfonk.com/live_playlist.m3u8?cid=CS314&r=FHD&ccode=JP&m=d0%3A20%3A20%3A04%3A35%3Acc&t=0d6938cb3dcf4b79848bc1753a59daf1
Mnet,https://stream01.willfonk.com/live_playlist.m3u8?cid=BS241&r=FHD&ccode=JP&m=d0%3A20%3A20%3A04%3A35%3Acc&t=0d6938cb3dcf4b79848bc1753a59daf1
Music ON TV!（エムオン）,https://stream01.willfonk.com/live_playlist.m3u8?cid=CS325&r=FHD&ccode=JP&m=d0%3A20%3A20%3A04%3A35%3Acc&t=0d6938cb3dcf4b79848bc1753a59daf1
歌謡ポップスチャンネル,https://stream01.willfonk.com/live_playlist.m3u8?cid=CS329&r=FHD&ccode=JP&m=d0%3A20%3A20%3A04%3A35%3Acc&t=0d6938cb3dcf4b79848bc1753a59daf1
キッズステーション,https://stream01.willfonk.com/live_playlist.m3u8?cid=CS330&r=FHD&ccode=JP&m=d0%3A20%3A20%3A04%3A35%3Acc&t=0d6938cb3dcf4b79848bc1753a59daf1
日テレNEWS24,https://stream01.willfonk.com/live_playlist.m3u8?cid=CS349&r=FHD&ccode=JP&m=d0%3A20%3A20%3A04%3A35%3Acc&t=0d6938cb3dcf4b79848bc1753a59daf1
囲碁・将棋チャンネル,https://stream01.willfonk.com/live_playlist.m3u8?cid=CS363&r=FHD&ccode=JP&m=d0%3A20%3A20%3A04%3A35%3Acc&t=0d6938cb3dcf4b79848bc1753a59daf1
GSTV,https://gstv-tnz-gsmediastreaming.preview-jpea.channel.media.azure.net/dfd06b62-e9d1-4a7f-bcbb-89d2ecbc82ee/preview.ism/manifest(format=mpd-time-csf,audio-only=false)
NHK WORLD JAPAN,https://master.nhkworld.jp/nhkworld-tv/playlist/live.m3u8
ウェザーニュースLiVE,https://rch01e-alive-hls.akamaized.net/38fb45b25cdb05a1/out/v1/4e907bfabc684a1dae10df8431a84d21/index.m3u8
TOKYO MX チャンネル,https://cdn-uw2-prod.tsv2.amagi.tv/linear/amg01287-rakutentvjapan-tokyomx-cmaf-rakutenjp/playlist.m3u8
KTN NEWS TV,https://www.standardmedia.co.ke/ktnnews/live
Citizen TV,https://citizentv.co.ke/live
NTV Kenya,https://nation.africa/kenya/tv/live
KTN Home,https://www.standardmedia.co.ke/ktnhome/live
K24 TV,https://k24tv.co.ke/live
KBS 1TV,http://mytv.dothome.co.kr/ch/public/1.php
KBS 2TV,http://ye23.vip/z7z8/2021/kbs2020.php?id=2
KBS News D,http://ye23.vip/z7z8/2021/kbs2020.php?id=4
EBS 1 Ⓢ,https://ebsonair.ebs.co.kr/ebs1familypc/familypc1m/playlist.m3u8
EBS 2 Ⓢ,https://ebsonair.ebs.co.kr/ebs2familypc/familypc1m/playlist.m3u8
MBC TV,http://123.254.72.24:1935/tvlive/livestream2/playlist.m3u8
SBS TV,https://allanf181.github.io/adaptive-streams/streams/kr/SBSTV.m3u8
KNN TV,http://211.220.195.200:1935/live/mp4:KnnTV.sdp/playlist.m3u8
KBC TV,http://119.200.131.11:1935/KBCTV/tv/playlist.m3u8
TJB TV,http://1.245.74.5:1935/live/tv/.m3u8
UBC TV,http://59.23.231.102:1935/live/UBCstream/playlist.m3u8
JTV TV,https://61ff3340258d2.streamlock.net/jtv_live/myStream/playlist.m3u8
CJB TV,http://1.222.207.80:1935/live/cjbtv/playlist.m3u8
JIBS TV,http://123.140.197.22/stream/1/play.m3u8
OBS TV,https://allanf181.github.io/adaptive-streams/streams/kr/OBSGyeonginTV.m3u8
Arirang,http://amdlive.ctnd.com.edgesuite.net/arirang_1ch/smil:arirang_1ch.smil/playlist.m3u8
EBS Kids Ⓢ,https://ebsonair.ebs.co.kr/ebsufamilypc/familypc1m/playlist.m3u8
EBS Plus 1 Ⓢ,https://ebsonair.ebs.co.kr/plus1familypc/familypc1m/playlist.m3u8
EBS Plus 2 Ⓢ,https://ebsonair.ebs.co.kr/plus2familypc/familypc1m/playlist.m3u8
EBS English Ⓢ,https://ebsonair.ebs.co.kr/plus3familypc/familypc1m/playlist.m3u8
KBS Drama,http://ye23.vip/z7z8/2021/kbs2020.php?id=5
KBS Joy,http://ye23.vip/z7z8/2021/kbs2020.php?id=6
KBS Kids,http://ye23.vip/z7z8/2021/kbs2020.php?id=9
KBS Life,http://ye23.vip/z7z8/2021/kbs2020.php?id=7
KBS Story,http://ye23.vip/z7z8/2021/kbs2020.php?id=8
KBS World,http://ye23.vip/z7z8/2021/kbs2020.php?id=3
KBS Korea Ⓨ,https://www.youtube.com/c/kbsworldtv/live
All the K-Pop Ⓨ,https://www.youtube.com/c/ALLTHEKPOP/live
RTK 1,https://ub1doy938d.gjirafa.net/live/Gfsqdsr7FewrYClU3ACEGZvCHktt2wse/zykxzq.m3u8
RTK 2,https://ub1doy938d.gjirafa.net/live/Gfsqdsr7FewrYClU3ACEGZvCHktt2wse/zykxz0.m3u8
RTK 3,https://ub1doy938d.gjirafa.net/live/Gfsqdsr7FewrYClU3ACEGZvCHktt2wse/zykxzk.m3u8
RTK 4,https://ub1doy938d.gjirafa.net/live/Gfsqdsr7FewrYClU3ACEGZvCHktt2wse/zykxgt.m3u8
ReTV,https://retv2132.bstrm.net/slive/_definst_/retv_retv_channel_5k7_42787_default_891_hls.smil/playlist.m3u8
TV Jūrmala,https://air.star.lv/TV_Jurmala_multistream/index.m3u8
Vidusdaugavas Televīzija,https://straume.vdtv.lv/vdtv2/index.m3u8
LTV1,https://ltvlive3167.bstrm.net/slive/_definst_/ltvlive_dzsv1_8wg_43518_default_1710_hls.smil/playlist.m3u8
LTV7 Ⓖ,https://ltvlive3167.bstrm.net/slive/_definst_/ltvlive_event_3_pg2_44004_default_2306_hls.smil/playlist.m3u8
LRT TV,https://stream-syncwords.lrt.lt/out/v1/channel-group-lrt-portal-prod-01/channel-lrt-portal-prod-01/endpoint-lrt-portal-prod-01/index.m3u8
LRT Lituanica,https://stream-live.lrt.lt/lituanica/master.m3u8
Lietuvos Rytas TV,https://live.lietuvosryto.tv/live/hls/eteris.m3u8
Delfi TV,https://s1.dcdn.lt/live/televizija/playlist.m3u8
RTL Télé Lëtzebuerg,https://live-edge.rtl.lu/channel1/smil:channel1/playlist.m3u8
RTL Zwee,https://live-edge.rtl.lu/channel2/smil:channel2/playlist.m3u8
Chamber TV,https://media02.webtvlive.eu/chd-edge/_definst_/smil:chamber_tv_hd.smil/playlist.m3u8
TDM Ou Mun,https://live4.tdm.com.mo/ch1/ch1.live/playlist.m3u8
Canal Macau,https://live4.tdm.com.mo/ch2/ch2.live/playlist.m3u8
TDM Sport,https://live4.tdm.com.mo/ch4/sport_ch4.live/playlist.m3u8
TDM Information,https://live4.tdm.com.mo/ch5/info_ch5.live/playlist.m3u8
TDM Entertainment,https://live4.tdm.com.mo/ch6/hd_ch6.live/playlist.m3u8
TDM Ou Mun-Macau,https://live4.tdm.com.mo/ch3/ch3.live/playlist.m3u8
ONE TV,https://2-fss-2.streamhoster.com/pl_124/201830-1293592-1/playlist.m3u8
Smash TV,http://a3.smashmalta.com/hls/smash/smash.m3u8
Alcarria TV,http://cls.alcarria.tv/live/alcarriatv-livestream.m3u8
Hipodromo de las Americas,http://wms30.tecnoxia.com/soelvi/abr_soelvi/playlist.m3u8
MVM NoticiasⓈ,http://dcunilive21-lh.akamaihd.net/i/dclive_1@59479/index_1_av-p.m3u8
RCG 3 Saltillo,http://wowzacontrol.com:1936/stream56/stream56/playlist.m3u8
TeleFormula,https://wms60.tecnoxia.com/radiof/abr_radioftele/playlist.m3u8
NRT 4 Monclova,https://59e88b197fb16.streamlock.net:4443/live/canal4/playlist.m3u8
Las Estrellas,https://linear-416.frequency.stream/416/hls/master/playlist.m3u8
Moldova 1,https://www.tvkaista.net/stream-forwarder/get.php?x=Moldova1
Moldova 2,https://www.tvkaista.net/stream-forwarder/get.php?x=Moldova2
Publika TV,https://livebeta.publika.md/LIVE/P/6810.m3u8
Vocea Basarabiei,https://storage.voceabasarabiei.md/hls/vocea_basarabiei.m3u8
Canal 2 Ⓖ,https://livebeta.publika.md/LIVE/2/index.m3u8
Canal 3 Ⓖ,https://livebeta.publika.md/LIVE/3/index.m3u8
Prime Ⓖ,https://livebeta.publika.md/LIVE/1/600.m3u8
TVR Moldova Ⓖ,https://mn-nl.mncdn.com/tvrmoldova_new/smil:tvrmoldova_new.smil/chunklist_b6096000.m3u8
Sor TV,http://188.237.212.16:8888/live/cameraFeed.m3u8
Bălți TV,https://hls.btv.md/hls/live2.m3u8
TV Monaco,https://production-fast-mcrtv.content.okast.tv/channels/2116dc08-1959-465d-857f-3619daefb66b/b702b2b9-aebd-436c-be69-2118f56f3d86/2027/media.m3u8
MonacoInfo,https://webtvmonacoinfo.mc/live/prod_720/index.m3u8
TVCG 1 Ⓖ,https://rtcg-live-open-geo.morescreens.com/RTCG_1_001/playlist.m3u8
TVCG 2 Ⓖ,https://rtcg-live-open-geo.morescreens.com/RTCG_1_002/playlist.m3u8
TVCG 3 Ⓖ,https://rtcg-live-open-geo.morescreens.com/RTCG_1_003/playlist.m3u8
TVCG MNE,https://rtcg-live-open.morescreens.com/RTCG_1_004/playlist.m3u8
NPO 1 Ⓖ,http://resolver.streaming.api.nos.nl/livestream?url=%2Flive%2Fnpo%2Ftvlive%2Fnpo1%2Fnpo1.isml%2F.m3u8
NPO 2 Ⓖ,http://resolver.streaming.api.nos.nl/livestream?url=%2Flive%2Fnpo%2Ftvlive%2Fnpo2%2Fnpo2.isml%2F.m3u8
NPO 3 Ⓖ,http://resolver.streaming.api.nos.nl/livestream?url=%2Flive%2Fnpo%2Ftvlive%2Fnpo3%2Fnpo3.isml%2F.m3u8
Omrop Fryslân,https://d3pvma9xb2775h.cloudfront.net/live/omropfryslan/f8f68bd5/playlist.m3u8
RTV Noord,https://media.rtvnoord.nl/live/rtvnoord/tv/playlist.m3u8
RTV Drenthe,https://cdn.rtvdrenthe.nl/live/rtvdrenthe/tv/1080p/prog_index.m3u8
RTV Oost,https://d34cg2bnc08ruf.cloudfront.net/live/rtvoost/tv/index.m3u8
Omroep Gelderland,https://d2od87akyl46nm.cloudfront.net/live/omroepgelderland/tvgelderland-hls/index.m3u8
RTV Utrecht,http://media.rtvutrecht.nl/live/rtvutrecht/rtvutrecht/index.m3u8
Omroep Flevoland Ⓢ,https://d5ms27yy6exnf.cloudfront.net/live/omroepflevoland/tv/index.m3u8
NH Nieuws,https://rrr.sz.xlcdn.com/?account=nhnieuws&file=live&type=live&service=wowza&protocol=https&output=playlist.m3u8
RTV Rijnmond,https://dcur8bjarl5c2.cloudfront.net/live/rijnmond/tv/index.m3u8
Omroep West,https://d1axml5ozykh3g.cloudfront.net/live/omroepwest/tv/index.m3u8
Omroep Zeeland,http://d3isaxd2t6q8zm.cloudfront.net/live/omroepzeeland/tv/index.m3u8
Omroep Brabant,http://d3slqp9xhts6qb.cloudfront.net/live/omroepbrabant/tv/index.m3u8
L1 Ⓢ,http://d34pj260kw1xmk.cloudfront.net/live/l1/tv/index.m3u8
KCTV,https://tv.nknews.org/tvdash/stream.mpd
MRT1 Ⓖ,https://vod-c57.interspace.com:443/channel_abr/42/playlist.m3u8?wmsAuthSign=%2A%2A%2A
MRT2 Ⓖ,https://vod-c57.interspace.com:443/channel_abr/43/playlist.m3u8?wmsAuthSign=%2A%2A%2A
MRT Sobraniski kanal Ⓖ,https://vod-c57.interspace.com:443/channel_abr/44/playlist.m3u8?wmsAuthSign=%2A%2A%2A
MRT3 Ⓖ,https://vod-c57.interspace.com:443/channel_abr/658323455489957/playlist.m3u8?wmsAuthSign=%2A%2A%2A
MRT4 Ⓖ,https://vod-c57.interspace.com:443/channel_abr/712108910819540/playlist.m3u8?wmsAuthSign=%2A%2A%2A
MRT5 Ⓖ,https://vod-c57.interspace.com:443/channel_abr/553171400681132/playlist.m3u8?wmsAuthSign=%2A%2A%2A
MRT Sat,https://vod-c57.interspace.com:443/channel_abr/45/playlist.m3u8?wmsAuthSign=%2A%2A%2A
MRT 2 Sat,https://vod-c57.interspace.com:443/channel_abr/46/playlist.m3u8?wmsAuthSign=%2A%2A%2A
TV 21 Ⓢ Ⓖ,https://t2.tvmak.com/tv/TV21MK.m3u8?QScgsh2FfM=
Телевизија Здравкин,http://zdravkin.hugo.mk:1935/live/zdravkin/playlist.m3u8
Орбис,http://tvorbis.hugo.mk:1935/live/orbistv/index.m3u8
M»Net,http://ares.mnet.mk/hls/mnet.m3u8
Канал 8,http://kanal8.hugo.mk:1935/live/kanal8/index.m3u8
ТВ СВЕТ,http://tvsvet.hugo.mk:1936/live/tvsvet/stream/3.m3u8
M»Net Sport,http://ares.mnet.mk/hls/mnet-sport.m3u8
M»Net Info,http://ares.mnet.mk/hls/mnet-info.m3u8
TV 24 Ⓖ,https://hls.telekabel.com.mk:1936/live/11/playlist.m3u8
ТВ НОВА 12,http://151.236.247.171:8080/nova/index.m3u8
Вардар тв,https://streaming.iptv.mk/fcvardar/index.fmp4.m3u8
ЗОНА М1 ТВ,https://zonam1.ddns.net/hls/stream1.m3u8
Наша ТВ,https://stream.nasatv.com.mk/hls/nasatv_live.m3u8
Cool TV,https://stream.nasatv.com.mk/cooltv/hls/cooltv_live.m3u8
Folk TV,https://stream.nasatv.com.mk/folktv/hls/folktv_live.m3u8
Jazz TV,https://stream.nasatv.com.mk/jazztv/hls/jazztv_live.m3u8
Love TV,https://stream.nasatv.com.mk/lovetv/hls/lovetv_live.m3u8
Rock TV,https://stream.nasatv.com.mk/rocktv/hls/rocktv_live.m3u8
Стар Фолк,https://live.muzickatv.mk/live/StarMusic.m3u8
Sky Folk,https://skyfolk.mk/live.m3u8
Хуго 2,http://fta.hugo.mk:1935/live/tvhugo/stream/2.m3u8
Folk Club TV,http://tv1.intv.mk:1935/live2/folkklub/index.m3u8
INTV,http://tv1.intv.mk:1935/live/intv/index.m3u8
Macedonian Documentary Channel,https://giganet.mk/hls/macdoc.m3u8
Вистел,https://live.vtv.mk/live/vtv/chunks.m3u8
Стар Плус,https://live.muzickatv.mk/live/StarMusic2.m3u8
NRK1 Ⓖ,https://nrk-nrk1.akamaized.net/21/0/hls/nrk_1/playlist.m3u8
NRK2 Ⓖ,https://nrk-nrk2.akamaized.net/22/0/hls/nrk_2/playlist.m3u8
NRK3 Ⓖ,https://nrk-nrk3.akamaized.net/23/0/hls/nrk_3/playlist.m3u8
NRK Super Ⓖ,https://nrk-nrksuper.akamaized.net/23/0/hls/nrk_super/playlist.m3u8
TV 2 Sport 1,https://ws31-hls-live.akamaized.net/out/u/1416253.m3u8
TV 2 Nyheter,https://ws15-hls-live.akamaized.net/out/u/1153546.m3u8
Frikanalen,https://frikanalen.no/stream/index.m3u8
Kanal 10 Norge,https://player-api.new.livestream.com/accounts/29308686/events/10787545/broadcasts/235454817.secure.m3u8
Unicanal,http://45.55.127.106/live/unicanal.m3u8
Trece,https://stream.rpc.com.py/live/trece_src.m3u8
ABC TV,https://d2e809bgs49c6y.cloudfront.net/live/d87c2b7b-9ecf-4e6e-b63b-b32772bd7851/live.isml/d87c2b7b-9ecf-4e6e-b63b-b32772bd7851.m3u8
Panamericana TV,https://cdnhd.iblups.com/hls/ptv2.m3u8
ATV+ Noticias,https://dysmuyxh5vstv.cloudfront.net/hls/atv2.m3u8
Karibeña TV,https://cu.onliv3.com/livevd/user1.m3u8
Top Latino TV,https://5cefcbf58ba2e.streamlock.net:543/tltvweb/latintv.stream/playlist.m3u8
TVP1,https://www.tvkaista.net/stream-forwarder/get.php?x=TVP1
TVP2,https://strims.top/tv/tvp2.m3u8
TVP3 Warszawa,https://www.tvkaista.net/stream-forwarder/get.php?x=TVP3Warszawa
TVP Polonia,https://www.tvkaista.net/stream-forwarder/get.php?x=TVPPolonia
Alfa TVP,https://www.tvkaista.net/stream-forwarder/get.php?x=AlfaTVP
TVP Info,https://www.tvkaista.net/stream-forwarder/get.php?x=TVPInfo
Belsat,http://149.5.17.34:20041/play/a076
TVP World,https://www.tvkaista.net/stream-forwarder/get.php?x=TVPWorld
TVP ABC 2,https://www.tvkaista.net/stream-forwarder/get.php?x=TVPABC2
TVP Historia 2,https://www.tvkaista.net/stream-forwarder/get.php?x=TVPHistoria2
TVP Kultura 2,https://www.tvkaista.net/stream-forwarder/get.php?x=TVPKultura2
4fun.tv Ⓢ,https://stream.4fun.tv:8888/hls/4f_high/index.m3u8
TV Republika,https://redir.cache.orange.pl/jupiter/o1-cl7/ssl/live/tvrepublika/live.m3u8
RTP1,https://streaming-live.rtp.pt/liverepeater/smil:rtp1HD.smil/playlist.m3u8
RTP2 Ⓖ,https://streaming-live.rtp.pt/liverepeater/rtp2HD.smil/playlist.m3u8
RTP3,https://streaming-live.rtp.pt/livetvhlsDVR/rtpnHDdvr.smil/playlist.m3u8?DVR=
SIC,https://d1zx6l1dn8vaj5.cloudfront.net/out/v1/b89cc37caa6d418eb423cf092a2ef970/index.m3u8
TVI,https://d36mxwpltmym4d.cloudfront.net/playlist.m3u8
RTP Açores,https://streaming-live.rtp.pt/liverepeater/smil:rtpacoresHD.smil/playlist.m3u8
RTP Madeira Ⓢ,https://streaming-live.rtp.pt/liverepeater/smil:rtpmadeira.smil/playlist.m3u8
RTP notícias,https://streaming-live.rtp.pt/liverepeater/smil:rtpnHD.smil/playlist.m3u8
RTP Mundo,https://streaming-live.rtp.pt/liverepeater/smil:rtpi.smil/playlist.m3u8
Porto Canal Ⓢ,https://streamer-a01.videos.sapo.pt/live/portocanal/playlist.m3u8
ADtv Ⓢ,https://playout172.livextend.cloud/liveiframe/_definst_/ngrp:liveartvabr_abr/playlist.m3u8
CNN Portugal,https://sktv-forwarders.7m.pl/get.php?x=CNN_Portugal
RTP África,https://streaming-live.rtp.pt/liverepeater/smil:rtpafrica.smil/playlist.m3u8
Porto Canal Ⓢ,https://streamer-a01.videos.sapo.pt/live/portocanal/playlist.m3u8
CNN Portugal,https://sktv-forwarders.7m.pl/get.php?x=CNN_Portugal
Euronews em Português Ⓨ,https://www.youtube.com/euronewspt/live
Qatar Television,https://qatartv.akamaized.net/hls/live/20000609/qtv1/master.m3u8
Qatar Television 2,https://qatartv.akamaized.net/hls/live/20000611/qtv2/master.m3u8
Qatar Television The Holy Quran,https://qatartv.akamaized.net/hls/live/20000612/qtvquran/master1080p.m3u8
Al Rayyan,https://alrayyancdn.vidgyor.com/pub-noalrayy3pwz0l/liveabr/playlist_dvr.m3u8
Al Rayyan Old TV,https://alrayyancdn.vidgyor.com/pub-nooldraybinbdh/liveabr/playlist_dvr.m3u8
Al Jazeera Mubasher,https://live-hls-web-ajm.getaj.net/AJM/index.m3u8
Al Jazeera 2,https://live-hls-web-aja2-gcp.thehlive.com/AJA2/index.m3u8
Al Araby TV,https://live.kwikmotion.com/alaraby1live/alaraby_abr/playlist.m3u8
TVR 1 Ⓖ,https://mn-nl.mncdn.com/tvr1_hd_live/smil:tvr1_hd_live.smil/playlist.m3u8
TVR 2 Ⓖ,https://mn-nl.mncdn.com/tvr2_test/smil:tvr2_test.smil/playlist.m3u8
TVR 3 Ⓖ,https://mn-nl.mncdn.com/tvr3_test/smil:tvr3_test.smil/playlist.m3u8
TVR Info Ⓖ,https://mn-nl.mncdn.com/tvrinfo/tvrinfo_mjuypp/playlist.m3u8
TVR International Ⓖ,https://mn-nl.mncdn.com/tvri_test/smil:tvri_test.smil/playlist.m3u8
Pro TV,https://cmero-ott-live.ssl.cdn.cra.cz/channels/cme-ro-voyo-news/playlist.m3u8?offsetSeconds=0&url=0
Prima TV,https://stream1.1616.ro:1945/prima/livestream/playlist.m3u8
România TV Ⓖ,https://livestream.romaniatv.net/clients/romaniatv/playlist.m3u8
Telestar1,http://89.47.97.15/telestar/telestar.m3u8
Euronews România Ⓨ,https://www.youtube.com/euronewsro/live
TVR Cluj Ⓖ,https://mn-nl.mncdn.com/tvrcluj_new/smil:tvrcluj_new.smil/index.m3u8
TVR Craiova Ⓖ,https://mn-nl.mncdn.com/tvrcraiova_new/smil:tvrcraiova_new.smil/index.m3u8
TVR Iași Ⓖ,https://mn-nl.mncdn.com/tvriasi_new/smil:tvriasi_new.smil/index.m3u8
TVR Timișoara Ⓖ,https://mn-nl.mncdn.com/tvrtimisoara_new/smil:tvrtimisoara_new.smil/index.m3u8
TVR Tîrgu-Mureș Ⓖ,https://mn-nl.mncdn.com/tvrtgmures_new/smil:tvrtgmures_new.smil/index.m3u8
Первый канал,https://edge1.1internet.tv/dash-live2/streams/1tv-dvr/1tvdash.mpd
Россия 1,https://player.smotrim.ru/iframe/stream/live_id/2961
Матч ТВ Ⓢ,https://streaming.televizor-24-tochka.ru/live/6.m3u8
НТВ Ⓢ,http://ott-cdn.ucom.am/s17/index.m3u8
Пятый канал Ⓢ,https://streaming.televizor-24-tochka.ru/live/8.m3u8
Россия-Культура Ⓢ,https://player.smotrim.ru/iframe/stream/live_id/19201
Россия-24 Ⓢ,https://player.smotrim.ru/iframe/stream/live_id/21
Карусель Ⓢ,https://streaming102.interskytech.com/live/232.m3u8
ОТР Ⓢ,https://streaming.televizor-24-tochka.ru/live/12.m3u8
ТВ Центр Ⓢ,http://ott-cdn.ucom.am/s54/index.m3u8
Рен ТВ Ⓢ,https://streaming.televizor-24-tochka.ru/live/14.m3u8
Спас Ⓢ,https://spas.mediacdn.ru/cdn/spas/playlist.m3u8
СТС Ⓢ,http://ott-cdn.ucom.am/s52/04.m3u8
Домашний Ⓢ,http://ott-cdn.ucom.am/s88/index.m3u8
ТВ-3 Ⓢ,https://streaming.televizor-24-tochka.ru/live/18.m3u8
Пятница! Ⓢ,https://streaming.televizor-24-tochka.ru/live/19.m3u8
Звезда,https://tvchannelstream1.tvzvezda.ru/cdn/tvzvezda/playlist.m3u8
Мир,http://hls.mirtv.cdnvideo.ru/mirtv-parampublish/mirtv_2500/playlist.m3u8
ТНТ Ⓢ,http://ott-cdn.ucom.am/s19/index.m3u8
Муз-ТВ Ⓢ,https://streaming102.interskytech.com/live/618.m3u8
РБК,http://92.50.128.180/utv/1358/index.m3u8
RT Д Русский Ⓖ,https://hls.rt.com/hls/rtdru.m3u8
CGTN Pусский,https://news.cgtn.com/resource/live/russian/cgtn-r.m3u8
Euronews по-русски Ⓨ,https://www.youtube.com/euronewsru/live
РТР-Планета Ⓢ,https://player.smotrim.ru/iframe/stream/live_id/63251
Арктика 24 Ⓥ,https://vk.com/video-213370539_456239018
Архыз 24,https://live.mediacdn.ru/sr1/arhis24/playlist_hdhigh.m3u8
Астрахан 24,https://streaming.astrakhan.ru/astrakhan24/playlist.m3u8
Башкортостан 24,https://vgtrkregion-reg.cdnvideo.ru/vgtrk/ufa/russia1-hd/index.m3u8
Белгород 24,http://belnovosti.cdn.easyhoster.ru:8080/stream.m3u8
Ветта 24,http://serv24.vintera.tv:8081/vetta/vetta_office/playlist.m3u8
Волгоград 24 Ⓢ,https://vgtrkregion-reg.cdnvideo.ru/vgtrk/volgograd/russia1-hd/index.m3u8
Запад 24,https://vgtrkregion-reg.cdnvideo.ru/vgtrk/kaliningrad/russia1-hd/index.m3u8
Катунь 24 Ⓞ,https://ok.ru/video/1166706155179
Крым 24,https://cdn.1tvcrimea.ru/24tvcrimea.m3u8
Кубань 24 Ⓞ,https://ok.ru/video/4157442498242
Луганск 24,https://tv.gtrklnr.ru/hls/Lugansk24.m3u8
Мир Белогорья,http://mirbelogorya.ru:8080/mirbelogorya/index.m3u8
Москва 24,https://player.smotrim.ru/iframe/stream/live_id/1661
Нижний Новгород 24,https://live-vestinn.cdnvideo.ru/vestinn/nn24-khl/playlist.m3u8
Самара 24,https://vgtrkregion.cdnvideo.ru/vgtrk/samara/regionHD/playlist.m3u8
Саратов 24,https://saratov24.tv/online/playlist.php
Сибирь 24,https://vgtrkregion-reg.cdnvideo.ru/vgtrk/novosibirsk/russia1-hd/index.m3u8
Тольятти 24,https://tvtogliatti24.ru/hls/live1080/index.m3u8
Урал 24,https://vgtrkregion-reg.cdnvideo.ru/vgtrk/chelyabinsk/russia1-hd/index.m3u8
Якутия 24,https://live-saha.cdnvideo.ru/saha2/yak24rtmp_live.smil/playlist.m3u8
360 Новости,https://live-vgtrksmotrim.cdnvideo.ru/vgtrksmotrim/smotrim-live-03-srt.smil/playlist.m3u8
Вести ФМ,https://player.smotrim.ru/iframe/stream/live_id/52035
Небеса ТВ7 Ⓢ,https://vod.tv7.fi/tv7-ru/tv7-ru.smil/playlist.m3u8
Север,https://live.mediacdn.ru/sr1/sever/playlist.m3u8
Смотрим: Мелодрамы,https://live-vgtrksmotrim.cdnvideo.ru/vgtrksmotrim/smotrim-live-02.smil/playlist.m3u8
Смотрим: Тайны,https://live-vgtrksmotrim.cdnvideo.ru/vgtrksmotrim/smotrim-live-07.smil/playlist.m3u8
Смотрим: Честный Детектив,https://live-vgtrksmotrim.cdnvideo.ru/vgtrksmotrim/smotrim-live-01.smil/playlist.m3u8
Соловьёв Live,https://player.smotrim.ru/iframe/stream/live_id/63338
Ю Ⓢ,https://strm.yandex.ru/kal/utv/utv0.m3u8
Матч! Планета Ⓢ,http://212.0.211.102:9999/play/a00b/index.m3u8
San Marino Rtv,https://d2hrvno5bw6tg2.cloudfront.net/smrtv-ch01/_definst_/smil:ch-01.smil/chunklist_b2192000_slita.m3u8
San Marino Rtv Sport,https://d2hrvno5bw6tg2.cloudfront.net/smrtv-ch02/_definst_/smil:ch-02.smil/chunklist_b1692000_slita.m3u8
Al Saudiya,https://shd-gcp-live.edgenextcdn.net/live/bitmovin-saudi-tv/2ad66056b51fd8c1b624854623112e43/index.m3u8
SBC Saudi Arabia,https://shd-gcp-live.edgenextcdn.net/live/bitmovin-sbc/90e09c0c28db26435799b4a14892a167/index.m3u8
Al Ekhbariya,https://shd-gcp-live.edgenextcdn.net/live/bitmovin-al-ekhbaria/297b3ef1cd0633ad9cfba7473a686a06/index.m3u8
Al Saudiya Alaan,https://shd-gcp-live.edgenextcdn.net/live/bitmovin-ksa-now/71ed3aa814c643306c0a8bc4fcc7d17f/index.m3u8
Al Quran Al Kareem TV,https://al-ekhbaria-prod-dub.shahid.net/out/v1/9885cab0a3ec4008b53bae57a27ca76b/index.m3u8
Rotana Cinema KSA,https://bcovlive-a.akamaihd.net/9527a892aeaf43019fd9eeb77ad1516e/eu-central-1/6057955906001/playlist.m3u8
Rotana Classic,https://bcovlive-a.akamaihd.net/0debf5648e584e5fb795c3611c5c0252/eu-central-1/6057955906001/playlist.m3u8
RTS 1,https://webtvstream.bhtelecom.ba/rts1.m3u8
RTS 2,https://webtvstream.bhtelecom.ba/rts2.m3u8
Red TV,https://edge8.pink.rs/redtv/index.m3u8
Kurir TV,https://static.am.mediaoutcast.com/storage/nQJnjJkO/nQJnjJkO/stream/O68x4o8g/720p/720p.m3u8
Informer TV,https://edge-rs-03.maksnet.tv/informertv-secure/web/playlist.m3u8
RTV 1,rtmp://212.200.230.50:1935/RTV/rtv1
RTV 2,rtmp://212.200.230.50:1935/RTV/rtv2
Markíza,https://sktv.mxnticek.eu/new/stream.php?ch=Markiza
Doma,https://sktv.mxnticek.eu/new/stream.php?ch=Doma
Dajto,https://sktv.mxnticek.eu/new/stream.php?ch=Dajto
Krimi,https://sktv.mxnticek.eu/new/stream.php?ch=Krimi
Klasik,https://sktv.mxnticek.eu/new/stream.php?ch=Klasik
Markíza TN Live,https://sktv.mxnticek.eu/new/stream.php?ch=Mark%C3%ADza+TN+Live
JOJ,https://sktv.mxnticek.eu/new/stream.php?ch=JOJ
JOJ Plus,https://sktv.mxnticek.eu/new/stream.php?ch=JOJ+Plus
Wau,https://sktv.mxnticek.eu/new/stream.php?ch=Wau
JOJ 24,https://sktv.mxnticek.eu/new/stream.php?ch=JOJ+24
JOJ Šport,https://sktv.mxnticek.eu/new/stream.php?ch=JOJ+%C5%A0port
Jojko,https://sktv.mxnticek.eu/new/stream.php?ch=Jojko
Jednotka,https://sktv.mxnticek.eu/new/stream.php?ch=Jednotka
Dvojka,https://sktv.mxnticek.eu/new/stream.php?ch=Dvojka
STVR :24,https://sktv.mxnticek.eu/new/stream.php?ch=STVR+%3A24
Šport,https://sktv.mxnticek.eu/new/stream.php?ch=%C5%A0port
STVR :O,https://sktv.mxnticek.eu/new/stream.php?ch=STVR+%3AO
NR SR,https://sktv.mxnticek.eu/new/stream.php?ch=NR+SR
STVR Live,https://sktv.mxnticek.eu/new/stream.php?ch=STVR+Live
TA3,https://sktv.mxnticek.eu/new/stream.php?ch=TA3
TV SLO 1,https://www.tvkaista.net/stream-forwarder/get.php?x=TVSLO1
TV SLO 2,https://www.tvkaista.net/stream-forwarder/get.php?x=TVSLO2
TV SLO 3,https://www.tvkaista.net/stream-forwarder/get.php?x=TVSLO3
TV Koper/Capodistria,https://www.tvkaista.net/stream-forwarder/get.php?x=TVKC
TV Maribor,https://www.tvkaista.net/stream-forwarder/get.php?x=TVMaribor
MMC TV,https://www.tvkaista.net/stream-forwarder/get.php?x=MMCTV
Nova 24 TV Ⓨ,https://www.youtube.com/@Nova24TVSlovenija/live
Folx Slovenija,https://cdne.folxplay.tv/folx-trz/streams/ch-5/master.m3u8
Dacwa TV Ⓢ,https://ap02.iqplay.tv:8082/iqb8002/d13w1/playlist.m3u8
MM Somali TV Ⓢ,https://cdn.mediavisionuk.com:9000/MMTV/index.m3u8
Puntland TV Ⓢ,http://cdn.mediavisionuae.com:1935/live/putlandtv2.stream/playlist.m3u8
Saab TV Ⓢ,https://ap02.iqplay.tv:8082/iqb8002/s03btv/playlist.m3u8
SBC Somalia Ⓢ,http://cdn.mediavisionuae.com:1935/live/sbctv.stream/playlist.m3u8
SNTV Daljir Ⓢ,https://ap02.iqplay.tv:8082/iqb8002/s2tve/playlist.m3u8
Somali Cable TV Ⓢ,https://ap02.iqplay.tv:8082/iqb8002/somc131/playlist.m3u8
Somali National TV Ⓢ,https://ap02.iqplay.tv:8082/iqb8002/s4ne/playlist.m3u8
La 1,https://dh6vo1bovy43s.cloudfront.net/v1/master/3722c60a815c199d9c0ef36c5b73da68a62b09d1/cc-x3gcl32l5ffq2/La_1_ES.m3u8
La 2,https://di2qeq48iv8ps.cloudfront.net/v1/master/3722c60a815c199d9c0ef36c5b73da68a62b09d1/cc-o8u23e6v7vptv/La_2_ES.m3u8
Antena 3,http://185.189.225.150:85/Antena3HD/index.m3u8
Cuatro,http://185.189.225.150:85/CuatroHD/index.m3u8
Telecinco,http://185.189.225.150:85/TeleCincoHD/index.m3u8
La Sexta,http://185.189.225.150:85/LaSexta/index.m3u8
24h,https://d3pfmk89wc0vm9.cloudfront.net/v1/master/3722c60a815c199d9c0ef36c5b73da68a62b09d1/cc-nlow3qkp9tmdm/24H_ES.m3u8
tdp,https://rtvelivestream.akamaized.net/rtvesec/tdp/tdp_main.m3u8
clan,https://rtvelivestream.akamaized.net/rtvesec/clan/clan_main_dvr.m3u8
TVE Internacional Europe-Asia,https://rtvelivestream.akamaized.net/rtvesec/int/tvei_eu_main_dvr.m3u8
Neox Ⓢ,http://185.189.225.150:85/neox/index.m3u8
Nova Ⓢ,http://185.189.225.150:85/nova/index.m3u8
Mega Ⓢ,http://185.189.225.150:85/mega/index.m3u8
Atreseries Ⓢ,http://181.78.109.48:8000/play/a00l/index.m3u8
FDF,http://185.189.225.150:85/fdf/index.m3u8
Divinity Ⓖ,https://directos.divinity.es/orilinear04/live/linear04/main/main.isml/main-audio_spa=128000-video=1500000.m3u8
Energy Ⓖ,https://directos.energytv.es/orilinear03/live/linear03/main/main.isml/main-audio_spa=128000-video=1500000.m3u8
Boing,http://185.189.225.150:85/boing/index.m3u8
Be Mad Ⓖ,https://directos.bemad.es/orilinear02/live/linear02/main/main.isml/main-audio_spa=128000-video=1500000.m3u8
Paramount Network,http://185.189.225.150:85/Paramount/index.m3u8
RNE para todos,https://rtvelivestream.akamaized.net/rtvesec/rne/rne_para_todos_main.m3u8
euronews,https://euronews-live-spa-es.fast.rakuten.tv/v1/master/0547f18649bd788bec7b67b746e47670f558b6b2/production-LiveChannel-6571/bitok/eyJzdGlkIjoiMDA0YjY0NTMtYjY2MC00ZTZkLTlkNzEtMTk3YTM3ZDZhZWIxIiwibWt0IjoiZXMiLCJjaCI6NjU3MSwicHRmIjoxfQ==/26034/euronews-es.m3u8
El País,https://d2xqbi89ghm9hh.cloudfront.net/v1/master/3722c60a815c199d9c0ef36c5b73da68a62b09d1/cc-79fx3huimw4xc-ssai-prd/fast-channel-el-pais.m3u8
Negocios,https://streaming013.gestec-video.com/hls/negociostv.m3u8
Squirrel,https://tsw.streamingwebtv24.it:1936/inteccdn1/inteccdn1/playlist.m3u8
BOM Cine,https://tsw.streamingwebtv24.it:1936/inteccdn3/inteccdn3/playlist.m3u8
Telemadrid,https://telemadrid-23-secure2.akamaized.net/master.m3u8
La Otra,https://laotra-1-23-secure2.akamaized.net/master.m3u8
Canal Sur Andalucía,https://d35x6iaiw8f75z.cloudfront.net/v1/master/3722c60a815c199d9c0ef36c5b73da68a62b09d1/cc-kbwsl0jk1bvoo/canal_sur_andalucia_es.m3u8
La 8 Mediterráneo,https://streaming004.gestec-video.com/hls/8TV.m3u8
Televisión Canaria Ⓨ,https://www.youtube.com/user/TelevisionCanaria/live
IB3 Global Ⓨ,https://www.youtube.com/c/ib3/live
Canal Extremadura,https://cdnapisec.kaltura.com/p/5581662/sp/558166200/playManifest/entryId/1_1u7ssdy3/protocol/https/format/applehttp/flavorIds/1_8xbndriw/a.m3u8
Aragón TV Ⓢ,https://cartv.streaming.aranova.es/hls/live/aragontv_canal1.m3u8
ETB1,https://multimedia.eitb.eus/live-content/etb1hd-hls/master.m3u8
ETB2,https://multimedia.eitb.eus/live-content/etb2hd-hls/master.m3u8
TV3,http://185.189.225.150:85/tv3/index.m3u8
TV3Cat Ⓖ,https://directes3-tv-int.3catdirectes.cat/live-content/tvi-hls/master.m3u8
3/24,https://directes-tv-int.3catdirectes.cat/live-origin/canal324-hls/master.m3u8
Bon Dia,https://directes-tv-int.3catdirectes.cat/live-content/bondia-hls/master.m3u8
SX3 Ⓖ,https://directes-tv-cat.3catdirectes.cat/live-content/super3-hls/master.m3u8
El 33 Ⓖ,https://directes-tv-cat.3catdirectes.cat/live-origin/c33-super3-hls/master.m3u8
Esport3 Ⓖ,https://directes-tv-es.3catdirectes.cat/live-origin/esport3-hls/master.m3u8
Canal TE24,https://ingest1-video.streaming-pro.com/esportsteABR/etestream/playlist.m3u8
À Punt TV,https://bcovlive-a.akamaihd.net/8499d938ef904e39b58a4adec2ddeada/eu-west-1/6057955885001/playlist_dvr.m3u8
7 Región de Murcia Ⓢ,https://rtv-murcia-live.globalmest.com/principal/smil:principal.smil/playlist.m3u8
Canal 4 Tenerife,https://videoserver.tmcreativos.com:19360/ccxwhsfcnq/ccxwhsfcnq.m3u8
Televisión Melilla,https://tvmelilla-hls-rm-lw.flumotion.com/playlist.m3u8
La 1 (Catalunya),https://rtvelivestream-clnx.rtve.es/rtvesec/cat/la1_cat_main_dvr.m3u8
La 1 (Canarias),https://rtvelivestream-clnx.rtve.es/rtvesec/can/la1_can_main_720.m3u8
La 2 (Catalunya),https://rtvelivestream.akamaized.net/rtvesec/cat/la2_cat_main_dvr.m3u8
La 2 (Canarias),https://ztnr.rtve.es/ztnr/5468585.m3u8
HQM Arabic,https://livelist01.yowi.tv/lista/39596c72840d27b213caf4e58c39599a6f2ed203/master.m3u8
HQM Baladas,https://livelist01.yowi.tv/lista/5d7d2c21e0ec7a8a99fd1fdbc52cbdc0782f77fc/master.m3u8
HQM Blues,https://livelist01.yowi.tv/lista/81c601f370e44dc566113fd752204be5f5f53b61/master.m3u8
HQM Chill Out,https://livelist01.yowi.tv/lista/183a351ddb0e57af6d735256226e6033c32219ab/master.m3u8
HQM Classic,https://livelist01.yowi.tv/lista/f04129475945936b248aa723de56519ea2ff10fc/master.m3u8
HQM Dance,https://livelist01.yowi.tv/lista/57cf2f51b07ff21988a7a6f0270a66d41086d4a4/master.m3u8
HQM Folk,https://livelist01.yowi.tv/lista/9f5310c179e8e840188d183be235f755b18cf703/master.m3u8
HQM Gym,https://livelist01.yowi.tv/lista/abb87f329d0ed03072b1930e9636a53e8076c8d5/master.m3u8
HQM Hip Hop,https://livelist01.yowi.tv/lista/8327abc87895df4c76db1155435fdca6a3607bbd/master.m3u8
HQM Hits,https://livelist01.yowi.tv/lista/5e2db2017a8fd03f73b40ede363d1a586db4e9a6/master.m3u8
HQM Jazz,https://livelist01.yowi.tv/lista/f204aa5b3f0691e69851b54b7746ef09ede26f6a/master.m3u8
HQM Kids,https://livelist01.yowi.tv/lista/e4bc12dafe33c3ceb3e382e3acc0ec2c012cf7fd/master.m3u8
HQM Latin,https://livelist01.yowi.tv/lista/9a4da7871ec57b4b63ed49597a13d09869172be0/master.m3u8
HQM Pop,https://livelist01.yowi.tv/lista/eb2fa68a058a701fa5bd2c80f6c8a6075896f71d/master.m3u8
HQM Relax,https://livelist01.yowi.tv/lista/dc1b71c6fda2e687050facaa7242062cbf5a7f2a/master.m3u8
HQM Remember,https://livelist01.yowi.tv/lista/57c98e2e295a0b69b52dc5f84edc4b1b68783ba2/master.m3u8
HQM Rock,https://livelist01.yowi.tv/lista/0d6c7ccfac89946bfd41ae34c527e8d94734065c/master.m3u8
HQM Spanish,https://livelist01.yowi.tv/lista/8635ae40f8d1a32eccd63d1f58b55662c9c98f9f/master.m3u8
SVT 1 Ⓖ,https://ed2.cdn.svt.se/ed7/d1/c/se/svt1/manifest.mpd?defaultSubLang=1
SVT 2 Ⓖ,https://ed2.cdn.svt.se/ed7/d1/c/se/svt2/manifest.mpd?defaultSubLang=1
ATG Live Ⓢ,https://httpcache0-00688-cacheliveedge0.dna.qbrick.com/00688-cacheliveedge0/out/u/atg_sdi_1_free.m3u8
Expressen TV,https://cdn0-03837-liveedge0.dna.ip-only.net/03837-liveedge0/smil:03837-tx2/playlist.m3u8
Kanal 10 Sverige,https://rrr.sz.xlcdn.com/?account=cn_kanal10media&file=live_transcoded&type=live&service=wowza&protocol=https&output=playlist.m3u8
SVT 24 Ⓖ,https://ed2.cdn.svt.se/ed7/d1/c/se/svtb/manifest.mpd?defaultSubLang=1
Kunskapskanalen Ⓖ,https://ed2.cdn.svt.se/ed7/d1/c/se/svtk/manifest.mpd?defaultSubLang=1
Di TV,https://cdn0-03837-liveedge0.dna.ip-only.net/03837-liveedge0/smil:03837-tx4/playlist.m3u8
Öppna Kanalen Stockholm Ⓢ,https://edg03-prd-se-ixn.solidtango.com/edge/451iw2h/playlist.m3u8
Öppna Kanalen Malmö Ⓢ,https://edg01-prd-de-ixn.solidtango.com/edge/_8ynhbua3_/8ynhbua3/manifest.m3u8
Västmanlands TV,https://edg01-prd-se-dcs.solidtango.com/edge/lo9yf4l5/playlist.m3u8
Sundskanalen,https://stream.sundskanalen.se/live/view/index.m3u8
Öppna Kanalen Skövde,https://edg01-prd-de-ixn.solidtango.com/edge/_c6697zkv_/c6697zkv/manifest.m3u8
Lokal-TV Uddevalla / Fyrbodal-TV Ⓨ,https://www.youtube.com/@LtvuSeTube/live
Aryen TV,https://aryen.tv/live/tv/playlist.m3u8
Suryoyo Sat,https://player-api.new.livestream.com/accounts/10187302/events/6785118/broadcasts/237816618.secure.m3u8
SRF 1,http://51.91.73.99:25461/sweden/PM66f7Y43H/25849
TVO,https://cdnapisec.kaltura.com/p/1719221/sp/171922100/playManifest/entryId/1_t5h46v64/format/applehttp/protocol/https/a.m3u8
RTS Un,http://hotiptv.site:8080/zkby2013/1d469e6d9e42/67585
TVM 3,http://livevideo.infomaniak.com/streaming/livecast/tvm3/playlist.m3u8
RSI La 1,http://190.2.155.162/RSI1/index.m3u8
RSI La 2,http://190.2.155.162/RSI2/index.m3u8
Teleticino,https://vstream-cdn.ch/hls/teleticino_720p/index.m3u8
CTV News Channel (中視新聞台) Ⓨ,https://www.youtube.com/watch?v=TCnaIE_SAtM
PTS Taigi (公視台語台) Ⓨ Ⓖ,https://www.youtube.com/watch?v=6KlRR_DGhmI
TaiwanPlus Ⓨ,https://www.youtube.com/watch?v=dZp87qnWelE
民視無線台,http://seb.sason.top/ptv/ftv.php?id=ms
FTV One (民視第一台),http://seb.sason.top/ptv/ftv.php?id=dy
FTV News (民視新聞台) Ⓨ,https://www.youtube.com/watch?v=ylYJSBUgaMA
FTV Taiwan (民視台灣台),http://seb.sason.top/ptv/ftv.php?id=tw
TTV Main Channel (臺灣電視台) Ⓨ Ⓖ,https://www.youtube.com/watch?v=uDqQo8a7Xmk
TTV News (台視新聞台) Ⓨ,https://www.youtube.com/watch?v=xL0ch83RAK8
Congress Channel 1 Ⓨ,https://www.youtube.com/watch?v=4HysYHJ6GkY
Congress Channel 2 Ⓨ,https://www.youtube.com/watch?v=RAP4h3q6_Sg
CNC3,https://sktv-forwarders.7m.pl/get.php?x=CNC3
gayelle,https://sktv-forwarders.7m.pl/get.php?x=gayelle
Synergy TV,https://sktv-forwarders.7m.pl/get.php?x=Synergy_TV
TTT,https://sktv-forwarders.7m.pl/get.php?x=TTT
IBN,https://sktv-forwarders.7m.pl/get.php?x=IBN
Trinity TV,https://sktv-forwarders.7m.pl/get.php?x=Trinity_TV
TRT 1,https://tv-trt1.medya.trt.com.tr/master.m3u8
TRT 2 Ⓖ,https://tv-trt2.medya.trt.com.tr/master.m3u8
TRT Haber,https://tv-trthaber.medya.trt.com.tr/master.m3u8
TRT Spor Ⓖ,https://tv-trtspor1.medya.trt.com.tr/master.m3u8
TRT Spor 2 Ⓖ,https://tv-trtspor2.medya.trt.com.tr/master.m3u8
TRT Çocuk,https://tv-trtcocuk.medya.trt.com.tr/master.m3u8
TRT Müzik,https://tv-trtmuzik.medya.trt.com.tr/master.m3u8
TRT Belgesel,https://tv-trtbelgesel.medya.trt.com.tr/master.m3u8
TRT Avaz,https://tv-trtavaz.medya.trt.com.tr/master.m3u8
TRT Kurdî,https://tv-trtkurdi.medya.trt.com.tr/master.m3u8
TRT Arabi,https://tv-trtarabi.medya.trt.com.tr/master.m3u8
TRT World,https://tv-trtworld.medya.trt.com.tr/master.m3u8
TRT Türk,https://tv-trtturk.medya.trt.com.tr/master.m3u8
TRT EBA Ilkokul,https://tv-e-okul00.medya.trt.com.tr/master.m3u8
TRT EBA Ortaokul,https://tv-e-okul01.medya.trt.com.tr/master.m3u8
TRT EBA Lise,https://tv-e-okul02.medya.trt.com.tr/master.m3u8
BBC One Ⓖ,https://vs-hls-pushb-uk-live.akamaized.net/x=4/i=urn:bbc:pips:service:bbc_one_yorks/iptv_hd_abr_v1.m3u8
BBC Two Ⓖ,https://vs-hls-push-uk-live.akamaized.net/x=4/i=urn:bbc:pips:service:bbc_two_hd/iptv_hd_abr_v1.m3u8
Channel 4 Ⓢ,http://176.65.146.105:8011/play/a07w/index.m3u8
S4C Ⓖ,https://live-uk.s4c-cdn.co.uk/out/v1/a0134f1fd5a2461b9422b574566d4442/live_uk.m3u8
BBC Alba Ⓖ,https://vs-hls-pushb-uk-live.akamaized.net/x=4/i=urn:bbc:pips:service:bbc_alba/iptv_hd_abr_v1.m3u8
BBC Four Ⓖ,https://vs-hls-pushb-uk-live.akamaized.net/x=4/i=urn:bbc:pips:service:bbc_four_hd/iptv_hd_abr_v1.m3u8
BBC Scotland Ⓢ Ⓖ,https://vs-hls-pushb-uk-live.akamaized.net/x=4/i=urn:bbc:pips:service:bbc_scotland_hd/pc_hd_abr_v2.m3u8
E4 Ⓢ,http://176.65.146.105:8011/play/E4HD/index.m3u8
Film4 Ⓢ,http://176.65.146.105:8011/play/FILM4SD/index.m3u8
QVC UK Ⓢ,https://qvcuk-live.akamaized.net/hls/live/2097112/qvc/3/3.m3u8
TJC,https://cdn-shop-lc-01.akamaized.net/Content/HLS_HLS/Live/channel(TJCOTT)/index.m3u8
BBC Three Ⓖ,https://vs-hls-pushb-uk-live.akamaized.net/x=4/i=urn:bbc:pips:service:bbc_three_hd/iptv_hd_abr_v1.m3u8
GemsTV Ⓢ,http://57d6b85685bb8.streamlock.net:1935/abrgemporiaukgfx/livestream_360p/index.m3u8
4seven Ⓢ,http://176.65.146.170:8013/play/a06p/index.m3u8
Ideal World,https://ythls.armelin.one/channel/UCJbgGTpBWuC87VFIKTTO4RQ.m3u8
Blaze Ⓖ,https://live.blaze.tv/live7/blaze/bitrate1.isml/live.m3u8
Jewellery Maker,https://lo2-1.gemporia.com/abrjewellerymaker/smil:livestream.smil/playlist.m3u8
Hobby Maker,https://lo2-1.gemporia.com/abrhobbymakerukgfx/smil:livestreamFullHD.smil/playlist.m3u8
EarthXTV,https://ov.ottera.tv/live/master.m3u8?channel=earth_et
PBS America,https://pbs-samsunguk.amagi.tv/playlist.m3u8
Create & Craft,https://live-hochanda.simplestreamcdn.com/live2/hochanda/bitrate1.isml/live.m3u8
CBBC Ⓖ,https://vs-hls-pushb-uk-live.akamaized.net/x=4/i=urn:bbc:pips:service:cbbc_hd/t=3840/v=pv14/b=5070016/main.m3u8
CBeebies Ⓖ,https://vs-hls-pushb-uk-live.akamaized.net/x=4/i=urn:bbc:pips:service:cbeebies_hd/t=3840/v=pv14/b=5070016/main.m3u8
BBC Parliament Ⓢ Ⓖ,https://vs-hls-pushb-uk-live.akamaized.net/x=4/i=urn:bbc:pips:service:bbc_parliament/pc_hd_abr_v2.m3u8
Sky News,https://linear021-gb-hls1-prd-ak.cdn.skycdp.com/Content/HLS_001_hd/Live/channel(skynews)/index_mob.m3u8
GB News,https://live-gbnews.simplestreamcdn.com/live5/gbnews/bitrate1.isml/manifest.m3u8
TalkTV,https://live-talktv-ssai.simplestreamcdn.com/v1/master/82267e84b9e5053b3fd0ade12cb1a146df74169a/talktv-live/index.m3u8
Arise News,https://liveedge-arisenews.visioncdn.com/live-hls/arisenews/arisenews/arisenews_web/master.m3u8
France 24,https://ythls.armelin.one/channel/UCQfwfsi5VrQ8yKZ-UWmAEFg.m3u8
Bloomberg TV,https://bloomberg.com/media-manifest/streams/eu.m3u8
NHK World Japan,https://nhkwlive-ojp.akamaized.net/hls/live/2003459/nhkwlive-ojp-en/index_4M.m3u8
Arirang World,http://amdlive.ctnd.com.edgesuite.net/arirang_1ch/smil:arirang_1ch.smil/chunklist_b2256000_sleng.m3u8
TRT World,https://api.trtworld.com/livestream/v1/WcM3Oa2LHD9iUjWDSRUI335NkMWVTUV351H56dqC/master.m3u8
SportyStuff TV,https://cdn.rtmp1.vodhosting.com/hls/SportyStuffTV.m3u8
4Music Ⓖ,https://csm-e-boxplus.tls1.yospace.com/csm/extlive/boxplus01,boxhits-alldev.m3u8?spotxc1=195996&spotxc2=190878&yo.up=https%3A%2F%2Fboxtv.secure.footprint.net%2Fboxhits%2F
The Box Ⓖ,https://csm-e-boxplus.tls1.yospace.com/csm/extlive/boxplus01,thebox-alldev.m3u8?yo.up=https%3A%2F%2Fboxtv.secure.footprint.net%2Fthebox%2F
KISS Ⓖ,https://csm-e-boxplus.tls1.yospace.com/csm/extlive/boxplus01,kiss-alldev.m3u8?spotxc1=195996&spotxc2=190878&yo.up=https%3A%2F%2Fboxtv.secure.footprint.net%2Fkiss%2F
Magic Ⓖ,https://csm-e-boxplus.tls1.yospace.com/csm/extlive/boxplus01,magic-alldev.m3u8?yo.up=https%3A%2F%2Fboxtv.secure.footprint.net%2Fmagic%2F&spotxc1=195996&spotxc2=190878
Kerrang!,https://csm-e-boxplus.tls1.yospace.com/csm/extlive/boxplus01,kerrang-alldev.m3u8?yo.up=http%3A%2F%2Fboxtv-origin-elb.cds1.yospace.com%2Fuploads%2Fkerrang%2F
QVC Beauty Ⓢ,https://qvcuk-live.akamaized.net/hls/live/2097112/qby/3/3.m3u8
QVC Extra Ⓢ,https://qvcuk-live.akamaized.net/hls/live/2097112/qex/3/3.m3u8
QVC Style Ⓢ,https://qvcuk-live.akamaized.net/hls/live/2097112/qst/3/3.m3u8
Now 70s,https://lightning-now70s-samsungnz.amagi.tv/playlist.m3u8
Now 80s,https://lightning-now80s-samsunguk.amagi.tv/playlist.m3u8
Now Rock,https://lightning-now90s-samsungnz.amagi.tv/playlist.m3u8
BBC World News Ⓢ,http://ott-cdn.ucom.am/s24/index.m3u8
BBC Radio 1,http://as-hls-ww-live.akamaized.net/pool_904/live/ww/bbc_radio_one/bbc_radio_one.isml/bbc_radio_one-audio%3d96000.norewind.m3u8
BBC Radio 2,http://as-hls-ww-live.akamaized.net/pool_904/live/ww/bbc_radio_two/bbc_radio_two.isml/bbc_radio_two-audio%3d96000.norewind.m3u8
BBC Radio 3,http://as-hls-ww-live.akamaized.net/pool_904/live/ww/bbc_radio_three/bbc_radio_three.isml/bbc_radio_three-audio%3d96000.norewind.m3u8
BBC Radio 4,http://as-hls-ww-live.akamaized.net/pool_904/live/ww/bbc_radio_fourfm/bbc_radio_fourfm.isml/bbc_radio_fourfm-audio%3d96000.norewind.m3u8
BBC Radio 5 Live,http://as-hls-ww-live.akamaized.net/pool_904/live/ww/bbc_radio_five_live/bbc_radio_five_live.isml/bbc_radio_five_live-audio%3d96000.norewind.m3u8
BBC Radio 6 Music,http://as-hls-ww-live.akamaized.net/pool_904/live/ww/bbc_6music/bbc_6music.isml/bbc_6music-audio%3d96000.norewind.m3u8
BBC Radio 1Xtra,http://as-hls-ww-live.akamaized.net/pool_904/live/ww/bbc_1xtra/bbc_1xtra.isml/bbc_1xtra-audio%3d96000.norewind.m3u8
BBC Radio 4 Extra,http://as-hls-ww-live.akamaized.net/pool_904/live/ww/bbc_radio_four_extra/bbc_radio_four_extra.isml/bbc_radio_four_extra-audio%3d96000.norewind.m3u8
BBC Radio 5 Sports Extra,http://as-hls-uk-live.akamaized.net/pool_904/live/uk/bbc_radio_five_live_sports_extra/bbc_radio_five_live_sports_extra.isml/bbc_radio_five_live_sports_extra-audio%3d96000.norewind.m3u8
BBC Asian Network,http://as-hls-ww-live.akamaized.net/pool_904/live/ww/bbc_asian_network/bbc_asian_network.isml/bbc_asian_network-audio%3d96000.norewind.m3u8
BBC World Service,http://a.files.bbci.co.uk/media/live/manifesto/audio/simulcast/hls/nonuk/sbr_low/ak/bbc_world_service.m3u8
Pershyi,https://ext.cdn.nashnet.tv/228.0.2.45/index.m3u8
1+1 Ukraina Ⓢ,http://212.79.122.11:5014/udp/239.255.6.49:1234
1+1 Marafon,https://m3u8.ott.blue/watch/45/index.m3u8?geo=auto&token=%2A%2A%2A
Suspilne Kultura,https://ext.cdn.nashnet.tv/228.0.0.141/index.m3u8
Suspilne Sport,http://cdnua05.hls.tv/934/hls/8743361621b245838bee193c9ec28322/4856/stream.m3u8
ICTV2,http://cdnua05.hls.tv/919/hls/8743361621b245838bee193c9ec28322/4835/stream.m3u8
ICTV Serialy,http://cdnua05.hls.tv/624/hls/f62d71219200da4130d13b21d23fb23c/4896/stream.m3u8
Inter,http://212.79.122.11:5014/udp/239.255.6.25:1234
UNIAN TV,https://m3u8.ott.blue/watch/236/index.m3u8?geo=auto&token=%2A%2A%2A
Bigudi Ⓢ,http://212.79.122.11:5014/udp/239.255.6.13:1234
Армія ТБ,https://m3u8.ott.blue/watch/7572/index.m3u8?geo=auto&token=%2A%2A%2A
Novyi Kanal,http://212.79.122.11:5014/udp/239.255.6.38:1234
TET Ⓢ,http://212.79.122.11:5014/udp/239.255.6.11:1234
2+2 Ⓢ,http://212.79.122.11:5014/udp/239.255.6.14:1234
M1,http://212.79.122.11:5014/udp/239.255.6.28:1234
M2,https://live.m2.tv/hls3/stream.m3u8
NTN,https://edge3.iptv.macc.com.ua/img/ntn_3/index.m3u8
Mega,http://212.79.122.11:5014/udp/239.255.6.40:1234
ПлюсПлюс Ⓢ,http://212.79.122.11:5014/udp/239.255.6.12:1234
Ми — Україна Ⓢ,http://212.79.122.11:5014/udp/239.255.6.7:1234
Оце ТБ,http://212.79.122.11:5014/udp/239.255.6.4:1234
K1,http://212.79.122.11:5014/udp/239.255.6.41:1234
XSport Ⓢ,http://cdnua05.hls.tv/946/hls/8743361621b245838bee193c9ec28322/3999/stream.m3u8
Enter-Film,http://212.79.122.11:5014/udp/239.255.6.31:1234
Піксель TV,http://212.79.122.11:5014/udp/239.255.6.30:1234
5 Kanal,https://776067.live.tvstitch.com/stream.m3u8?m=aHR0cHM6Ly9jZG4uZHl2eWFwcC5jb20vNS1jaGFubmVsL3ZpZGVvLm0zdTg%2FdG9rZW49ZXlKaGJHY2lPaUpJVXpJMU5pSXNJblI1Y0NJNklrcFhWQ0o5LmV5SnBjQ0k2SWpKaE1EWTZOVGt3TWpveE0yTXdPakE2WlRobFlqbzJNRGM0T2pSa01qcG1OV01pTENKMWMyVnlYMkZuWlc1MElqb2lUVzk2YVd4c1lWd3ZOUzR3SUNoWGFXNWtiM2R6SUU1VUlERXdMakE3SUZkcGJqWTBPeUI0TmpRN0lISjJPakV6Tmk0d0tTQkhaV05yYjF3dk1qQXhNREF4TURFZ1JtbHlaV1p2ZUZ3dk1UTTJMakFpTENKbGVIQWlPakUzTkRFNE1UUTVPVEI5Lkllb2JDR0NtVDVOd1pKSjdzNEhLaVIzb01IZVhpQ2dnZVp5WjZ6YWxodGM%3D&channel=1&u=b048004d-9363-4406-9b23-cb12b731d6e4&gdpr_consent=%7Bgdpr_consent%7D&givn=%7Bgivn%7D
Суспільне Київ,https://ext.cdn.nashnet.tv/228.0.0.41/index.m3u8
Суспільне Дніпро,http://cdnua05.hls.tv/648/hls/f62d71219200da4130d13b21d23fb23c/4786/stream.m3u8
Суспільне Житомир Ⓢ,http://cdnua05.hls.tv/647/hls/f62d71219200da4130d13b21d23fb23c/4787/stream.m3u8
Суспільне Одеса Ⓢ,http://cdnua05.hls.tv/653/hls/f62d71219200da4130d13b21d23fb23c/4833/stream.m3u8
Суспільне Суми Ⓢ,http://cdnua05.hls.tv/630/hls/f62d71219200da4130d13b21d23fb23c/4798/stream.m3u8
Суспільне Хмельницький Ⓢ,http://cdnua05.hls.tv/632/hls/f62d71219200da4130d13b21d23fb23c/4800/stream.m3u8
Суспільне Чернівці Ⓢ,http://cdnua05.hls.tv/643/hls/f62d71219200da4130d13b21d23fb23c/4790/stream.m3u8
Суспільне Kropyvnytskyi,http://cdnua05.hls.tv/650/hls/f62d71219200da4130d13b21d23fb23c/4788/stream.m3u8
Суспільне Луцьк,http://193.107.168.98:7006/play/508/index.m3u8
Суспільне Крим,https://ext.cdn.nashnet.tv/228.0.0.71/index.m3u8
Суспільне Тернопіль,http://cdnua05.hls.tv/647/hls/f62d71219200da4130d13b21d23fb23c/4789/stream.m3u8
Суспільне Чернігів,http://cdnua05.hls.tv/645/hls/f62d71219200da4130d13b21d23fb23c/4791/stream.m3u8
FREEДOM,http://95.67.106.242/mobile-app/main/freedom/master.m3u8
24 Kanal,http://streamvideol1.luxnet.ua/news24/smil:news24.stream.smil/playlist.m3u8
ДІМ,http://212.79.122.11:5014/udp/239.255.6.18:1234
Дніпро TV,http://vcdn1.produck.company:1935/out/dtv/playlist.m3u8
ГІТ,https://stream.uagit.tv/gittv.m3u8
Telekanal RAI,https://stream.rai.ua/rai/stream.m3u8
Тернопіль 1,https://ott.columbus.te.ua/ternopil1/index.m3u8
CK 1,http://cdn10.live-tv.od.ua:8081/sk1zt/sk1zt-abr/playlist.m3u8
Pervyy gorodskoy Odessa,https://live.1tv.od.ua/stream1/channel1/playlist.m3u8
Київ 24,https://ext.cdn.nashnet.tv/228.0.0.15/index.m3u8
ITV,http://cdn10.live-tv.od.ua:8081/itvrv/abr/playlist.m3u8
NTK TV,http://stream.ntktv.ua/s/ntk/ntk.m3u8
TVA,https://hls.cdn.ua/tva.ua_live/livestream/chunklist_.m3u8
TV7+,https://tv7plus.com/hls/tv7_site.m3u8
Cartoon Network Arabic,https://shls-cartoon-net-prod-dub.shahid.net/out/v1/dc4aa87372374325a66be458f29eab0f/index.m3u8
Al Arabiya Business,https://live.alarabiya.net/alarabiapublish/aswaaq.smil/playlist.m3u8
MBC 1,https://mbc1-enc.edgenextcdn.net/out/v1/0965e4d7deae49179172426cbfb3bc5e/index.m3u8
MBC 2 Ⓢ,http://37.122.156.107:4000/play/a07g/index.m3u8
MBC 3,https://shls-mbc3-prod-dub.shahid.net/out/v1/d5bbe570e1514d3d9a142657d33d85e6/index.m3u8
MBC 4,https://mbc4-prod-dub-ak.akamaized.net/out/v1/c08681f81775496ab4afa2bac7ae7638/index.m3u8
MBC 5,https://shls-mbc5-prod-dub.shahid.net/out/v1/2720564b6a4641658fdfb6884b160da2/index.m3u8
MBC Action Ⓢ,http://37.122.156.107:4000/play/a07h/index.m3u8
MBC Bollywood,https://shls-mbcbollywood-prod-dub.shahid.net/out/v1/a79c9d7ef2a64a54a64d5c4567b3462a/index.m3u8
MBC Drama,https://mbc1-enc.edgenextcdn.net/out/v1/b0b3a0e6750d4408bb86d703d5feffd1/index.m3u8
MBC Max Ⓢ,http://37.122.156.107:4000/play/a07i/index.m3u8
MBC Persia,https://shls-mbcpersia-prod-dub.shahid.net/out/v1/bdc7cd0d990e4c54808632a52c396946/index.m3u8
Wanasah,https://shls-wanasah-prod-dub.shahid.net/out/v1/c84ef3128e564b74a6a796e8b6287de6/index.m3u8
Sky News Arabia,https://stream.skynewsarabia.com/hls/sna.m3u8
Baynounah TV,https://vo-live.cdb.cdn.orange.com/Content/Channel/Baynounah/HLS/index.m3u8
Ajman TV,https://dacastmmd.mmdlive.lldns.net/dacastmmd/8eb0e912b49142d7a01d779c9374aba9/index.m3u8
Al Aan TV,https://shls-live-ak.akamaized.net/out/v1/dfbdea4c1bf149629764e58c6ff314c8/index.m3u8
Abu Dhabi TV,http://admdn2.cdn.mangomolo.com/adtv/smil:adtv.stream.smil/chunklist.m3u8
Abu Dhabi Sports 1,https://vo-live.cdb.cdn.orange.com/Content/Channel/AbuDhabiSportsChannel1/HLS/index.m3u8
Abu Dhabi Sports 2,https://vo-live.cdb.cdn.orange.com/Content/Channel/AbuDhabiSportsChannel2/HLS/index.m3u8
National Geographic Abu Dhabi,https://admdn2.cdn.mangomolo.com/nagtv/smil:nagtv.stream.smil/playlist.m3u8
Ajman TV,https://dacastmmd.mmdlive.lldns.net/dacastmmd/8eb0e912b49142d7a01d779c9374aba9/index.m3u8
Dubai TV,https://dmisxthvll.cdn.mgmlcdn.com/dubaitvht/smil:dubaitv.stream.smil/playlist.m3u8
Dubai One,https://dminnvll.cdn.mangomolo.com/dubaione/smil:dubaione.stream.smil/playlist.m3u8
Dubai Sports 1,https://dmitnthfr.cdn.mgmlcdn.com/dubaisports/smil:dubaisports.stream.smil/chunklist.m3u8
Dubai Sports 2,https://dmitwlvvll.cdn.mangomolo.com/dubaisportshd/smil:dubaisportshd.smil/index.m3u8
Dubai Sports 3,https://dmitwlvvll.cdn.mangomolo.com/dubaisportshd5/smil:dubaisportshd5.smil/index.m3u8
Dubai Racing 1,https://dmisvthvll.cdn.mgmlcdn.com/events/smil:events.stream.smil/playlist.m3u8
Dubai Racing 2,https://dmithrvll.cdn.mangomolo.com/dubairacing/smil:dubairacing.smil/playlist.m3u8
Dubai Racing 3,https://dmithrvll.cdn.mangomolo.com/dubaimubasher/smil:dubaimubasher.smil/playlist.m3u8
Dubai Zaman,https://dmiffthvll.cdn.mangomolo.com/dubaizaman/smil:dubaizaman.stream.smil/playlist.m3u8
Sama Dubai,https://dmieigthvll.cdn.mgmlcdn.com/samadubaiht/smil:samadubai.stream.smil/playlist.m3u8
Noor Dubai,https://dmiffthvll.cdn.mangomolo.com/noordubaitv/smil:noordubaitv.smil/playlist.m3u8
Sharjah TV,https://svs.itworkscdn.net/smc1live/smc1.smil/playlist.m3u8
Sharjah Sports,https://svs.itworkscdn.net/smc4sportslive/smc4.smil/playlist.m3u8
Al Wousta,https://svs.itworkscdn.net/alwoustalive/alwoustatv.smil/playlist.m3u8
Buzzr Ⓖ,https://buzzrota-ono.amagi.tv/playlist1080.m3u8
Retro TV,https://bcovlive-a.akamaihd.net/5e531be3ed6c41229b2af2d9bffba88d/us-east-1/6183977686001/profile_1/chunklist.m3u8
Stadium,https://bcovlive-a.akamaihd.net/e64d564b9275484f85981d8c146fb915/us-east-1/5994000126001/profile_1/976f34cf5a614518b7b539cbf9812080/chunklist_ssaiV.m3u8
Biz TV,https://thegateway.app/BizTV/BizTV-Tones/chunks.m3u8?nimblesessionid=94690008
Heartland,https://bcovlive-a.akamaihd.net/1ad942d15d9643bea6d199b729e79e48/us-east-1/6183977686001/profile_1/chunklist.m3u8
Rev'n,https://bcovlive-a.akamaihd.net/a71236fdda1747999843bd3d55bdd6fa/us-east-1/6183977686001/profile_1/chunklist.m3u8
CNN,https://tve-live-lln.warnermediacdn.com/hls/live/586495/cnngo/cnn_slate/VIDEO_0_3564000.m3u8
CNBC Ⓨ,https://www.youtube.com/c/CNBC/live
Bloomberg,https://bloomberg.com/media-manifest/streams/us.m3u8
ABC News,https://content.uplynk.com/channel/3324f2467c414329b3b0cc5cd987b6be.m3u8
CBS News,https://cbsnews.akamaized.net/hls/live/2020607/cbsnlineup_8/master.m3u8
NBC News,http://dai2.xumo.com/xumocdn/p=roku/amagi_hls_data_xumo1212A-xumo-nbcnewsnow/CDN/playlist.m3u8
Reuters TV,https://reuters-reutersnow-1-eu.rakuten.wurl.tv/playlist.m3u8
NASA TV Public,https://ntv1.akamaized.net/hls/live/2014075/NASA-NTV1-HLS/master_2000.m3u8
NASA TV Media,https://ntv2.akamaized.net/hls/live/2013923/NASA-NTV2-HLS/master.m3u8
BBC Food,https://service-stitcher.clusters.pluto.tv/v1/stitch/embed/hls/channel/5fb5844bf5514d0007945bda/master.m3u8?deviceId=channel&deviceModel=web&deviceVersion=1.0&appVersion=1.0&deviceType=rokuChannel&deviceMake=rokuChannel&deviceDNT=1&advertisingId=channel&embedPartner=rokuChannel&appName=rokuchannel&is_lat=1&bmodel=bm1&content=channel&platform=web&tags=ROKU_CONTENT_TAGS&coppa=false&content_type=livefeed&rdid=channel&genre=ROKU_ADS_CONTENT_GENRE&content_rating=ROKU_ADS_CONTENT_RATING&studio_id=viacom&channel_id=channel
BBC Home,https://service-stitcher.clusters.pluto.tv/v1/stitch/embed/hls/channel/5fb5836fe745b600070fc743/master.m3u8?deviceId=channel&deviceModel=web&deviceVersion=1.0&appVersion=1.0&deviceType=rokuChannel&deviceMake=rokuChannel&deviceDNT=1&advertisingId=channel&embedPartner=rokuChannel&appName=rokuchannel&is_lat=1&bmodel=bm1&content=channel&platform=web&tags=ROKU_CONTENT_TAGS&coppa=false&content_type=livefeed&rdid=channel&genre=ROKU_ADS_CONTENT_GENRE&content_rating=ROKU_ADS_CONTENT_RATING&studio_id=viacom&channel_id=channel
Docurama,https://cinedigm.vo.llnwd.net/conssui/amagi_hls_data_xumo1234A-docuramaA/CDN/master.m3u8
Drybar Comedy,https://drybar-drybarcomedy-1-ca.samsung.wurl.com/manifest/playlist.m3u8
Music Channel,http://media.boni-records.com/index.m3u8
Bumblebee TV Aurora Live,https://stitcheraws.unreel.me/wse-node02.powr.com/live/5c953819932c837b49397345/playlist.m3u8
Bumblebee TV AutoMoto,https://stitcheraws.unreel.me/wse-node01.powr.com/live/5bf220fad5eeee0f5a40941a/playlist.m3u8
BumblebeeTV Beaches Live,https://stitcheraws.unreel.me/wse-node02.powr.com/live/5c95396f932c837b49397360/playlist.m3u8
Bumblebee TV Classics 2,https://stitcheraws.unreel.me/wse-node05.powr.com/live/60f881602da3a5575eceb854/playlist.m3u8
Bumblebee TV CoronaVirus.Gov,https://stitcheraws.unreel.me/wse-node02.powr.com/live/5e7559e8a46b495a2283c5e8/playlist.m3u8
Bumblebee TV Country Boy Kids Video.us,https://stitcheraws.unreel.me/wse-node02.powr.com/live/5bf225aed5eeee0f5a4094bd/playlist.m3u8
Bumblebee TV Cute Zone,https://stitcheraws.unreel.me/wse-node02.powr.com/live/5bf22518d5eeee0f5a409486/playlist.m3u8
Bumblebee TV Epic M,https://stitcheraws.unreel.me/wse-node02.powr.com/live/5bf22225d5eeee0f5a40941d/playlist.m3u8
Bumblebee TV FGTV,https://stitcheraws.unreel.me/wse-node02.powr.com/live/5e2624990145130f25474620/playlist.m3u8
Bumblebee TV Forest Live,https://stitcheraws.unreel.me/wse-node02.powr.com/live/5c953836932c837b49397355/playlist.m3u8
Bumblebee TV Fun Zone,https://stitcheraws.unreel.me/wse-node02.powr.com/live/5e2625030145130f25474622/playlist.m3u8
Bumblebee TV Giggle Zone,https://stitcheraws.unreel.me/wse-node02.powr.com/live/5bf22526d5eeee0f5a4094b8/playlist.m3u8
Bumblebee TV Lake Live,https://stitcheraws.unreel.me/wse-node02.powr.com/live/5c95385c932c837b49397356/playlist.m3u8
Bumblebee TV Lego Toons,https://stitcheraws.unreel.me/wse-node02.powr.com/live/5bf22549d5eeee0f5a4094ba/playlist.m3u8
Bumblebee TV Lets Play Minecraft,https://stitcheraws.unreel.me/wse-node02.powr.com/live/5e2625700145130f25474624/playlist.m3u8
Bumblebee TV LifeBae,https://stitcheraws.unreel.me/wse-node02.powr.com/live/5bf22681932c8304fc453418/playlist.m3u8
Bumblebee TV Master Builder,https://stitcheraws.unreel.me/wse-node02.powr.com/live/5bf2256ed5eeee0f5a4094bb/playlist.m3u8
Bumblebee TV Mountain Live,https://stitcheraws.unreel.me/wse-node02.powr.com/live/5c95387b932c837b49397357/playlist.m3u8
Bumblebee TV Now You Know,https://stitcheraws.unreel.me/wse-node01.powr.com/live/5b284f40d5eeee07522b775e/playlist.m3u8
Bumblebee TV Recoil TV,https://stitcheraws.unreel.me/wse-node02.powr.com/live/5c7dff0f932c8368bdbfd5fd/playlist.m3u8
Bumblebee TV Rivers Live,https://stitcheraws.unreel.me/wse-node02.powr.com/live/5c95388f932c837b4939735a/playlist.m3u8
Bumblebee TV Smosh,https://stitcheraws.unreel.me/wse-node02.powr.com/live/5e2625af5748670f12a3bee9/playlist.m3u8
Bumblebee TV Sunset Live,https://stitcheraws.unreel.me/wse-node02.powr.com/live/5c9538a5932c837b4939735b/playlist.m3u8
Bumblebee TV Thinknoodles,https://stitcheraws.unreel.me/wse-node04.powr.com/live/5afc8Bumblebee+TV10e932c833522744733/playlist.m3u8
Bumblebee TV Toy Zone,https://stitcheraws.unreel.me/wse-node02.powr.com/live/5bf22491932c8304fc4533e4/playlist.m3u8
Bumblebee TV Trinity Beyond,https://stitcheraws.unreel.me/wse-node02.powr.com/live/5e2626030145130f25474626/playlist.m3u8
Bumblebee TV Tropics Live,https://stitcheraws.unreel.me/wse-node02.powr.com/live/5c9538b9932c837b4939735c/playlist.m3u8
Venevisión,https://venevision.akamaized.net/hls/live/2098814/VENEVISION/master.m3u8
Venezolana de Televisión Ⓓ,https://www.dailymotion.com/embed/video/x828i6j
Televen,https://setp-televen-ssai-mslv4-open.akamaized.net/hls/live/2107128/televen/index.m3u8
Globovisión,https://vcp5.myplaytv.com/globovision/globovision/playlist.m3u8
Vale TV Ⓢ,https://vcp2.myplaytv.com/valetv/valetv/playlist.m3u8
Telesur,https://raw.githubusercontent.com/BellezaEmporium/IPTV_Exception/master/channels/ve/telesur.m3u8
Latina TV,https://streamtv.latinamedios.com:3413/live/latinatvlive.m3u8
Al Jazeera Documentary Ⓖ,https://live-hls-web-ajd.getaj.net/AJD/index.m3u8
CGTN Documentary English Ⓢ,https://news.cgtn.com/resource/live/document/cgtn-doc.m3u8
RT Documentary English Ⓖ,https://rt-rtd.rttv.com/dvr/rtdoc/playlist.m3u8
Peer TV South Tyrol,https://iptv.peer.biz/live/peertv-en.m3u8
FilmRise Movies,http://dai2.xumo.com/xumocdn/p=roku/amagi_hls_data_xumo1212A-filmrisefreemovies/CDN/playlist.m3u8
FilmRise Sci-Fi,http://dai2.xumo.com/xumocdn/p=roku/amagi_hls_data_xumo1212A-rokufilmrisesci-fi/CDN/master.m3u8
Pluto TV Spotlight,http://service-stitcher.clusters.pluto.tv/stitch/hls/channel/5ba3fb9c4b078e0f37ad34e8/master.m3u8?terminate=false&deviceType=web&deviceMake=web&deviceModel=web&sid=51&deviceId=5ba3fb9c4b078e0f37ad34e8&deviceVersion=DNT&appVersion=DNT&deviceDNT=0&userId=&advertisingId=&deviceLat=&deviceLon=&app_name=&appName=web&buildVersion=&appStoreUrl=&architecture=&includeExtendedEvents=false&marketingRegion=US&serverSideAds=false
Pluto TV Action,http://service-stitcher.clusters.pluto.tv/stitch/hls/channel/561d7d484dc7c8770484914a/master.m3u8?terminate=false&deviceType=web&deviceMake=web&deviceModel=web&sid=54&deviceId=561d7d484dc7c8770484914a&deviceVersion=DNT&appVersion=DNT&deviceDNT=0&userId=&advertisingId=&deviceLat=&deviceLon=&app_name=&appName=web&buildVersion=&appStoreUrl=&architecture=&includeExtendedEvents=false&marketingRegion=US&serverSideAds=false
Pluto TV Comedy,http://service-stitcher.clusters.pluto.tv/stitch/hls/channel/5a4d3a00ad95e4718ae8d8db/master.m3u8?terminate=false&deviceType=web&deviceMake=web&deviceModel=web&sid=57&deviceId=5a4d3a00ad95e4718ae8d8db&deviceVersion=DNT&appVersion=DNT&deviceDNT=0&userId=&advertisingId=&deviceLat=&deviceLon=&app_name=&appName=web&buildVersion=&appStoreUrl=&architecture=&includeExtendedEvents=false&marketingRegion=US&serverSideAds=false
Pluto TV Drama,http://service-stitcher.clusters.pluto.tv/stitch/hls/channel/5b4e92e4694c027be6ecece1/master.m3u8?terminate=false&deviceType=web&deviceMake=web&deviceModel=web&sid=60&deviceId=5b4e92e4694c027be6ecece1&deviceVersion=DNT&appVersion=DNT&deviceDNT=0&userId=&advertisingId=&deviceLat=&deviceLon=&app_name=&appName=web&buildVersion=&appStoreUrl=&architecture=&includeExtendedEvents=false&marketingRegion=US&serverSideAds=false
Pluto TV Fantastic,http://service-stitcher.clusters.pluto.tv/stitch/hls/channel/5b64a245a202b3337f09e51d/master.m3u8?terminate=false&deviceType=web&deviceMake=web&deviceModel=web&sid=66&deviceId=5b64a245a202b3337f09e51d&deviceVersion=DNT&appVersion=DNT&deviceDNT=0&userId=&advertisingId=&deviceLat=&deviceLon=&app_name=&appName=web&buildVersion=&appStoreUrl=&architecture=&includeExtendedEvents=false&marketingRegion=US&serverSideAds=false
Pluto TV Romance,http://service-stitcher.clusters.pluto.tv/stitch/hls/channel/5a66795ef91fef2c7031c599/master.m3u8?terminate=false&deviceType=web&deviceMake=web&deviceModel=web&sid=70&deviceId=5a66795ef91fef2c7031c599&deviceVersion=DNT&appVersion=DNT&deviceDNT=0&userId=&advertisingId=&deviceLat=&deviceLon=&app_name=&appName=web&buildVersion=&appStoreUrl=&architecture=&includeExtendedEvents=false&marketingRegion=US&serverSideAds=false
Pluto TV Crime Movies,http://service-stitcher.clusters.pluto.tv/stitch/hls/channel/5f4d8594eb979c0007706de7/master.m3u8?terminate=false&deviceType=web&deviceMake=web&deviceModel=web&sid=73&deviceId=5f4d8594eb979c0007706de7&deviceVersion=DNT&appVersion=DNT&deviceDNT=0&userId=&advertisingId=&deviceLat=&deviceLon=&app_name=&appName=web&buildVersion=&appStoreUrl=&architecture=&includeExtendedEvents=false&marketingRegion=US&serverSideAds=false
Pluto TV Thrillers,http://service-stitcher.clusters.pluto.tv/stitch/hls/channel/5b4e69e08291147bd04a9fd7/master.m3u8?terminate=false&deviceType=web&deviceMake=web&deviceModel=web&sid=74&deviceId=5b4e69e08291147bd04a9fd7&deviceVersion=DNT&appVersion=DNT&deviceDNT=0&userId=&advertisingId=&deviceLat=&deviceLon=&app_name=&appName=web&buildVersion=&appStoreUrl=&architecture=&includeExtendedEvents=false&marketingRegion=US&serverSideAds=false
Pluto TV Horror,http://service-stitcher.clusters.pluto.tv/stitch/hls/channel/569546031a619b8f07ce6e25/master.m3u8?terminate=false&deviceType=web&deviceMake=web&deviceModel=web&sid=75&deviceId=569546031a619b8f07ce6e25&deviceVersion=DNT&appVersion=DNT&deviceDNT=0&userId=&advertisingId=&deviceLat=&deviceLon=&app_name=&appName=web&buildVersion=&appStoreUrl=&architecture=&includeExtendedEvents=false&marketingRegion=US&serverSideAds=false
Pluto TV Terror,http://service-stitcher.clusters.pluto.tv/stitch/hls/channel/5c6dc88fcd232425a6e0f06e/master.m3u8?terminate=false&deviceType=web&deviceMake=web&deviceModel=web&sid=76&deviceId=5c6dc88fcd232425a6e0f06e&deviceVersion=DNT&appVersion=DNT&deviceDNT=0&userId=&advertisingId=&deviceLat=&deviceLon=&app_name=&appName=web&buildVersion=&appStoreUrl=&architecture=&includeExtendedEvents=false&marketingRegion=US&serverSideAds=false
Black Cinema,http://service-stitcher.clusters.pluto.tv/stitch/hls/channel/58af4c093a41ca9d4ecabe96/master.m3u8?terminate=false&deviceType=web&deviceMake=web&deviceModel=web&sid=80&deviceId=58af4c093a41ca9d4ecabe96&deviceVersion=DNT&appVersion=DNT&deviceDNT=0&userId=&advertisingId=&deviceLat=&deviceLon=&app_name=&appName=web&buildVersion=&appStoreUrl=&architecture=&includeExtendedEvents=false&marketingRegion=US&serverSideAds=false
Pluto TV Staff Picks,http://service-stitcher.clusters.pluto.tv/stitch/hls/channel/5f4d863b98b41000076cd061/master.m3u8?terminate=false&deviceType=web&deviceMake=web&deviceModel=web&sid=90&deviceId=5f4d863b98b41000076cd061&deviceVersion=DNT&appVersion=DNT&deviceDNT=0&userId=&advertisingId=&deviceLat=&deviceLon=&app_name=&appName=web&buildVersion=&appStoreUrl=&architecture=&includeExtendedEvents=false&marketingRegion=US&serverSideAds=false
Pluto TV Documentaries,http://service-stitcher.clusters.pluto.tv/stitch/hls/channel/5b85a7582921777994caea63/master.m3u8?terminate=false&deviceType=web&deviceMake=web&deviceModel=web&sid=91&deviceId=5b85a7582921777994caea63&deviceVersion=DNT&appVersion=DNT&deviceDNT=0&userId=&advertisingId=&deviceLat=&deviceLon=&app_name=&appName=web&buildVersion=&appStoreUrl=&architecture=&includeExtendedEvents=false&marketingRegion=US&serverSideAds=false
90s Throwback,http://service-stitcher.clusters.pluto.tv/stitch/hls/channel/5f4d86f519358a00072b978e/master.m3u8?terminate=false&deviceType=web&deviceMake=web&deviceModel=web&sid=94&deviceId=5f4d86f519358a00072b978e&deviceVersion=DNT&appVersion=DNT&deviceDNT=0&userId=&advertisingId=&deviceLat=&deviceLon=&app_name=&appName=web&buildVersion=&appStoreUrl=&architecture=&includeExtendedEvents=false&marketingRegion=US&serverSideAds=false
80s Rewind,http://service-stitcher.clusters.pluto.tv/stitch/hls/channel/5ca525b650be2571e3943c63/master.m3u8?terminate=false&deviceType=web&deviceMake=web&deviceModel=web&sid=95&deviceId=5ca525b650be2571e3943c63&deviceVersion=DNT&appVersion=DNT&deviceDNT=0&userId=&advertisingId=&deviceLat=&deviceLon=&app_name=&appName=web&buildVersion=&appStoreUrl=&architecture=&includeExtendedEvents=false&marketingRegion=US&serverSideAds=false
70s Cinema,http://service-stitcher.clusters.pluto.tv/stitch/hls/channel/5f4d878d3d19b30007d2e782/master.m3u8?terminate=false&deviceType=web&deviceMake=web&deviceModel=web&sid=96&deviceId=5f4d878d3d19b30007d2e782&deviceVersion=DNT&appVersion=DNT&deviceDNT=0&userId=&advertisingId=&deviceLat=&deviceLon=&app_name=&appName=web&buildVersion=&appStoreUrl=&architecture=&includeExtendedEvents=false&marketingRegion=US&serverSideAds=false
Paramount Movie Channel,http://service-stitcher.clusters.pluto.tv/stitch/hls/channel/5cb0cae7a461406ffe3f5213/master.m3u8?terminate=false&deviceType=web&deviceMake=web&deviceModel=web&sid=100&deviceId=5cb0cae7a461406ffe3f5213&deviceVersion=DNT&appVersion=DNT&deviceDNT=0&userId=&advertisingId=&deviceLat=&deviceLon=&app_name=&appName=web&buildVersion=&appStoreUrl=&architecture=&includeExtendedEvents=false&marketingRegion=US&serverSideAds=false
Pluto TV Westerns,http://service-stitcher.clusters.pluto.tv/stitch/hls/channel/5b4e94282d4ec87bdcbb87cd/master.m3u8?terminate=false&deviceType=web&deviceMake=web&deviceModel=web&sid=103&deviceId=5b4e94282d4ec87bdcbb87cd&deviceVersion=DNT&appVersion=DNT&deviceDNT=0&userId=&advertisingId=&deviceLat=&deviceLon=&app_name=&appName=web&buildVersion=&appStoreUrl=&architecture=&includeExtendedEvents=false&marketingRegion=US&serverSideAds=false
Classic Movies,http://service-stitcher.clusters.pluto.tv/stitch/hls/channel/561c5b0dada51f8004c4d855/master.m3u8?terminate=false&deviceType=web&deviceMake=web&deviceModel=web&sid=106&deviceId=561c5b0dada51f8004c4d855&deviceVersion=DNT&appVersion=DNT&deviceDNT=0&userId=&advertisingId=&deviceLat=&deviceLon=&app_name=&appName=web&buildVersion=&appStoreUrl=&architecture=&includeExtendedEvents=false&marketingRegion=US&serverSideAds=false
Pluto TV Cult Films,http://service-stitcher.clusters.pluto.tv/stitch/hls/channel/5c665db3e6c01b72c4977bc2/master.m3u8?terminate=false&deviceType=web&deviceMake=web&deviceModel=web&sid=109&deviceId=5c665db3e6c01b72c4977bc2&deviceVersion=DNT&appVersion=DNT&deviceDNT=0&userId=&advertisingId=&deviceLat=&deviceLon=&app_name=&appName=web&buildVersion=&appStoreUrl=&architecture=&includeExtendedEvents=false&marketingRegion=US&serverSideAds=false
Flicks of Fury,http://service-stitcher.clusters.pluto.tv/stitch/hls/channel/58e55b14ad8e9c364d55f717/master.m3u8?terminate=false&deviceType=web&deviceMake=web&deviceModel=web&sid=112&deviceId=58e55b14ad8e9c364d55f717&deviceVersion=DNT&appVersion=DNT&deviceDNT=0&userId=&advertisingId=&deviceLat=&deviceLon=&app_name=&appName=web&buildVersion=&appStoreUrl=&architecture=&includeExtendedEvents=false&marketingRegion=US&serverSideAds=false
The Asylum,http://service-stitcher.clusters.pluto.tv/stitch/hls/channel/591105034c1806b47438342c/master.m3u8?terminate=false&deviceType=web&deviceMake=web&deviceModel=web&sid=115&deviceId=591105034c1806b47438342c&deviceVersion=DNT&appVersion=DNT&deviceDNT=0&userId=&advertisingId=&deviceLat=&deviceLon=&app_name=&appName=web&buildVersion=&appStoreUrl=&architecture=&includeExtendedEvents=false&marketingRegion=US&serverSideAds=false
Film Detective,https://dai.google.com/linear/hls/event/OYH9J7rZSK2fabKXWAYcfA/master.m3u8
Al Jazeera العربية,https://live-hls-web-aja.getaj.net/AJA/index.m3u8
Al Arabiya العربية,https://live.alarabiya.net/alarabiapublish/alarabiya.smil/playlist.m3u8
Al Hadath العربية,https://live.alarabiya.net/alarabiapublish/alhadath.smil/alarabiapublish/alhadath_1080p/chunks.m3u8
France 24 العربية Ⓨ,https://www.youtube.com/c/FRANCE24Arabic/live
DW العربية,https://dwamdstream103.akamaized.net/hls/live/2015526/dwstream103/index.m3u8
CGTN العربية,https://arabic-livews.cgtn.com/hls/LSveq57bErWLinBnxosqjisZ220802LSTefTAS9zc9mpU08y3np9TH220802cd/playlist.m3u8
Sky News العربية,https://stream.skynewsarabia.com/hls/sna.m3u8
RT العربية,https://rt-arb.rttv.com/dvr/rtarab/playlist.m3u8
Sahara 24 صحراء,https://65.108.206.29/sahara24-live/video.m3u8
Sky News (UK),https://ythls.armelin.one/channel/UCoMdktPbSTixAyNGwb-UYkQ.m3u8
Euronews Ⓨ,https://www.youtube.com/euronews/live
Africanews Ⓨ,https://www.youtube.com/africanews/live
France 24 Ⓨ,https://www.youtube.com/france24english/live
DW,https://dwamdstream102.akamaized.net/hls/live/2015525/dwstream102/index.m3u8
Al Jazeera,https://live-hls-apps-aje-fa.getaj.net/AJE/index.m3u8
CGTN,https://news.cgtn.com/resource/live/english/cgtn-news.m3u8
BBC News Ⓖ,https://vs-hls-push-uk.live.fastly.md.bbci.co.uk/x=4/i=urn:bbc:pips:service:bbc_news_channel_hd/iptv_hd_abr_v1.m3u8
NBC News NOW,https://dai2.xumo.com/amagi_hls_data_xumo1212A-xumo-nbcnewsnow/CDN/master.m3u8
Reuters,https://reuters-reutersnow-1-nl.samsung.wurl.tv/playlist.m3u8
The Guardian,https://rakuten-guardian-1-ie.samsung.wurl.tv/playlist.m3u8
CBS News,https://dai.google.com/linear/hls/event/Sid4xiTQTkCT1SLu6rjUSQ/master.m3u8
ABC News Live,https://lnc-abc-news.tubi.video/index.m3u8
LiveNOW from FOX,https://lnc-fox-live-now.tubi.video/index.m3u8
CBC News Network,https://dai2.xumo.com/amagi_hls_data_xumo1212A-redboxcbcnews/CDN/playlist.m3u8
Ticker News,https://cdn-uw2-prod.tsv2.amagi.tv/linear/amg01486-tickernews-tickernewsweb-ono/playlist.m3u8
India Today,https://indiatodaylive.akamaized.net/hls/live/2014320/indiatoday/indiatodaylive/playlist.m3u8
Channel News Asia,https://ythls.armelin.one/channel/UC83jt4dlz1Gjl58fzQrrKZg.m3u8
ABC News (AU) Ⓨ,https://www.youtube.com/@abcnewsaustralia/live
NDTV 24x7,https://ythls.armelin.one/channel/UCZFMm1mMw0F81Z37aaEzTUA.m3u8
TRT World,https://ythls.armelin.one/channel/UC7fWeaHhqgM4Ry-RMpM2YYw.m3u8
NHK World Japan,https://ythls.armelin.one/channel/UCSPEjw8F2nQDtmUKPFNF7_A.m3u8
DD India,https://ythls.armelin.one/channel/UCGDQNvybfDDeGTf4GtigXaw.m3u8
WION,https://ythls.armelin.one/channel/UC_gUM8rL-Lrg6O3adPW9K1g.m3u8
Taiwan+,https://ythls.armelin.one/channel/UC7c6rvyAZLpKGk8ttVnpnLA.m3u8
Metro Globe Network,https://edge.medcom.id/live-edge/smil:mgnch.smil/playlist.m3u8
i24 News,https://bcovlive-a.akamaihd.net/6e3dd61ac4c34d6f8fb9698b565b9f50/eu-central-1/5377161796001/playlist-all_dvr.m3u8
Scripps News,https://content.uplynk.com/channel/4bb4901b934c4e029fd4c1abfc766c37.m3u8
USA Today,https://lnc-usa-today.tubi.video/playlist.m3u8
TVC News Ⓨ,https://www.youtube.com/tvcnewsnigeria/live
Channels 24 Ⓨ,https://www.youtube.com/channelstelevision/live
Sky News Now (AU),https://i.mjh.nz/sky-news-now.m3u8
Global News,https://live.corusdigitaldev.com/groupd/live/49a91e7f-1023-430f-8d66-561055f3d0f7/live.isml/.m3u8
Russia Today Ⓖ,https://rt-glb.rttv.com/live/rtnews/playlist.m3u8
CNN,https://raw.githubusercontent.com/Alstruit/adaptive-streams/alstruit-10_23_us/streams/us/CNNUSA.us.m3u8
CNN International,https://turnerlive.warnermediacdn.com/hls/live/586495/cnngo/cnn_slate/VIDEO_0_3564000.m3u8
GB News,https://ythls.armelin.one/channel/UC0vn8ISa4LKMunLbzaXLnOQ.m3u8
TalkTV,https://live-talktv-ssai.simplestreamcdn.com/v1/master/82267e84b9e5053b3fd0ade12cb1a146df74169a/talktv-live/index.m3u8
Joy News,https://ythls.armelin.one/channel/UChd1DEecCRlxaa0-hvPACCw.m3u8
SABC News,https://sabconetanw.cdn.mangomolo.com/news/smil:news.stream.smil/chunklist_b250000_t64MjQwcA==.m3u8
Cheddar News,https://dbrb49pjoymg4.cloudfront.net/10001/99991220/hls/index.m3u8?ads.xumo_channelId=99991220&ads._fw_ifa_type=dpid&ads._fw_did=43135081-0e2e-2a3f-b10c-4ade81d0e829&ads.amznappId=%5BAMZN_APP_ID%5D&ads.lat=%5BLAT%5D&ads.lon=%5BLON%5D&ads.os=%5BOS%5D&ads.osv=%5BOS_VERSION%5D&ads.asnw=&ads.caid=Cheddar&ads.csid=xumo_desktopweb_cheddar_ssai&ads._fw_is_lat=0&ads._fw_us_privacy=1YNN&ads._fw_coppa=0&ads.genre=News&ads._fw_content_category=IAB12&ads._fw_content_language=en&ads._fw_content_genre=News&ads._fw_content_rating=TV-PG&ads.xumo_contentId=161&ads.xumo_contentName=Cheddar&ads.xumo_providerId=161&ads.xumo_providerName=Cheddar&ads._fw_deviceMake=&ads._fw_device_model=&ads.channelId=99991220&ads.xumo_platform=desktopweb&ads.site_id=26840&ads.appName=xumo&ads.appVersion=2.18.0&ads._fw_app_bundle=&ads._fw_app_store_url=&ads.site_name=XumoPlay&ads.site_page=https%253A%252F%252Fplay.xumo.com
Bloomberg TV+,https://bloomberg.com/media-manifest/streams/phoenix-us.m3u8
Bloomberg Television (US),https://bloomberg.com/media-manifest/streams/us.m3u8
Bloomberg Television (Europe),https://bloomberg.com/media-manifest/streams/eu.m3u8
Yahoo! Finance,https://d1ewctnvcwvvvu.cloudfront.net/playlist.m3u8
CNBC Europe,https://amg01079-nbcuuk-amg01079c1-samsung-es-1261.playouts.now.amagi.tv/playlist/amg01079-nbcuukfast-cnbcpe-samsunges/playlist.m3u8
CNBC Indonesia,https://live.cnbcindonesia.com/livecnbc/smil:cnbctv.smil/master.m3u8
Ausbiz,https://d9quh89lh7dtw.cloudfront.net/public-output/index.m3u8
Moconomy,https://amogonetworx-moconomy-2-us.tcl.wurl.tv/playlist.m3u8
AccuWeather NOW,https://cdn-ue1-prod.tsv2.amagi.tv/linear/amg00684-accuweather-accuweather-plex/playlist.m3u8
Fox Weather,https://lnc-fox-weather.tubi.video/index.m3u8
KTCA-DT5,https://api.new.livestream.com/accounts/12638076/events/8488790/live.m3u8
WeatherNation,http://cfd-v4-service-channel-stitcher-use1-1.prd.pluto.tv/stitch/hls/channel/5d2cb7ac552e3773bc48982e/master.m3u8?appName=web&appVersion=unknown&clientTime=0&deviceDNT=0&deviceId=6c2d1028-30d3-11ef-9cf5-e9ddff8ff496&deviceMake=Chrome&deviceModel=web&deviceType=web&deviceVersion=unknown&includeExtendedEvents=false&serverSideAds=false&sid=dcca8395-396e-4be0-9049-564f29c5ac9b
The Weather Network,https://d3f6rv2ihfj09x.cloudfront.net/v1/master/3722c60a815c199d9c0ef36c5b73da68a62b09d1/cc-4l4ssesb90374-ssai-prd/playlist.m3u8?ads.device_did=%7BPSID%7D&ads.device_dnt=%7BTARGETOPT%7D&ads.app_domain=%7BAPP_DOMAIN%7D&ads.app_name=%7BAPP_NAME%7D
Sky News Weather Ⓖ,https://distro001-gb-hls1-prd.delivery.skycdp.com/easel_cdn/ngrp:weather_loop.stream_all/playlist.m3u8
Euronews Español Ⓨ,https://www.youtube.com/euronewses/live
France 24 Español Ⓨ,https://www.youtube.com/c/FRANCE24Espanol/live
DW Español Ⓢ,https://dwamdstream104.akamaized.net/hls/live/2015530/dwstream104/stream04/streamPlaylist.m3u8
CGTN Español,https://news.cgtn.com/resource/live/espanol/cgtn-e.m3u8
RT Español Ⓖ,https://rt-esp.rttv.com/dvr/rtesp/playlist.m3u8
RTVE 24H,https://ztnr.rtve.es/ztnr/1694255.m3u8
Sportitalia LIVE24,https://di-g7ij0rwh.vo.lswcdn.net/sportitalia/silive24.smil/playlist.m3u8
Sport2U,https://stream9.xdevel.com/video0s976916-1685/stream/playlist_dvr.m3u8
Grande Fratello Vip Regia 1 Ⓢ Ⓖ,https://live3.msf.cdn.mediaset.net/content/dash_d0_clr_vos/live/channel(b7)/manifest.mpd
Grande Fratello Vip Regia 2 Ⓢ Ⓖ,https://live3.msf.cdn.mediaset.net/content/dash_d0_clr_vos/live/channel(b8)/manifest.mpd
Grande Fratello Vip Regia un'ora fa Ⓢ Ⓖ,https://live3.msf.cdn.mediaset.net/content/dash_d0_clr_vos/live/channel(b9)/manifest.mpd
Stories – Rakuten TV,https://rakuten-spotlight-6-eu.rakuten.wurl.tv/playlist.m3u8
Classico – Rakuten TV,https://rakuten-classico-1-eu.rakuten.wurl.tv/playlist.m3u8
Thriller – Rakuten TV,https://rakuten-thriller-6-eu.rakuten.wurl.tv/playlist.m3u8
Commedia – Rakuten TV,https://rakuten-comedymovies-6-eu.rakuten.wurl.tv/playlist.m3u8
Documentari – Rakuten TV,https://rakuten-documentaries-6-eu.rakuten.wurl.tv/playlist.m3u8
Family – Rakuten TV,https://rakuten-family-6-eu.rakuten.wurl.tv/playlist.m3u8
Romance – Rakuten TV,https://rakuten-romance-6-eu.rakuten.wurl.tv/playlist.m3u8
Film Top – Rakuten TV,https://rakuten-topfree-6-eu.rakuten.wurl.tv/playlist.m3u8
Drammatico – Rakuten TV,https://rakuten-tvshows-6-eu.rakuten.wurl.tv/playlist.m3u8
Film d'azione – Rakuten TV,https://rakuten-actionmovies-6-eu.rakuten.wurl.tv/playlist.m3u8
Euronews in diretta,https://rakuten-euronews-3-it.samsung.wurl.com/manifest/playlist.m3u8
FailArmy,https://failarmy-international-it.samsung.wurl.tv/playlist.m3u8
The Pet Collective,https://the-pet-collective-international-it.samsung.wurl.tv/playlist.m3u8
Canale Europa,https://canaleeuropa-canaleeuropa-1-it.samsung.wurl.tv/playlist.m3u8
People Are Awesome,https://jukin-peopleareawesome-2-it.samsung.wurl.tv/playlist.m3u8
Yamato Animation,https://yamatovideo-yamatoanimation-1-it.samsung.wurl.tv/playlist.m3u8
BBC Doctor Who,https://bbceu-doctorwho-1-it.samsung.wurl.tv/playlist.m3u8
BBC Drama,https://bbceu-bbcdrama-2-it.samsung.wurl.tv/playlist.m3u8
Televisa Telenovelas,https://televisa-televisa-1-it.samsung.wurl.tv/playlist.m3u8
Humanity Documentari,https://cdn-ue1-prod.tsv2.amagi.tv/linear/amg00712-alchimie-humanitydocit-samsungit/playlist.m3u8
The Boat Show,https://d46c0ebf9ef94053848fdd7b1f2f6b90.mediatailor.eu-central-1.amazonaws.com/v1/master/81bfcafb76f9c947b24574657a9ce7fe14ad75c0/live-prod/4bdea6cd-80c1-11eb-908d-533d39655269/0/master.m3u8
Fashion TV,https://fashiontv-fashiontv-3-it.samsung.wurl.com/manifest/playlist.m3u8
Motor1TV,https://motorsportnetwork-motor1tv-1-it.samsung.wurl.tv/playlist.m3u8
SportOutdoor.tv,https://gto2000-sportoutdoortv-1-it.samsung.wurl.tv/playlist.m3u8
Italian Fishing TV,https://itftv-italianfishingtv-1-it.samsung.wurl.tv/playlist.m3u8
FUEL TV,https://fueltv-fueltv-6-it.samsung.wurl.com/manifest/playlist.m3u8
Teletubbies,https://dhx-teletubbies-2-it.samsung.wurl.tv/playlist.m3u8
duckTV,https://mmm-ducktv-2-it.samsung.wurl.com/manifest/playlist.m3u8
SuperToons TV,https://kedoo-supertoonstv-4-it.samsung.wurl.tv/playlist.m3u8
Planeta Junior,https://deaplaneta-planetakidz-2-it.samsung.wurl.tv/playlist.m3u8
MONDO TV KIDS,https://mondotv-mondotvkids-1-it.samsung.wurl.tv/playlist.m3u8
Vevo Pop,https://601820eb2b971a000104f40a-samsung.eu.ssai.zype.com/601820eb2b971a000104f40a_samsung_eu/manifest.m3u8
Radio Italia Trend,https://radioitalia-samsungitaly.amagi.tv/playlist.m3u8
Clubbing TV,https://clubbingtv-samsunguk.amagi.tv/playlist.m3u8
Deluxe Lounge HD,https://d46c0ebf9ef94053848fdd7b1f2f6b90.mediatailor.eu-central-1.amazonaws.com/v1/master/81bfcafb76f9c947b24574657a9ce7fe14ad75c0/live-prod/9f58b8c3-80c1-11eb-908d-533d39655269/0/master.m3u8
Trace Latina Ⓖ,https://cdn-ue1-prod.tsv2.amagi.tv/linear/amg01131-tracetv-tracelatinait-samsungit/playlist.m3u8
Trace Urban Ⓖ,https://cdn-ue1-prod.tsv2.amagi.tv/linear/amg01131-tracetv-traceurbanit-samsungit/playlist.m3u8
Full Moon,https://minerva-fullmoon-1-it.samsung.wurl.tv/playlist.m3u8
Cinema Segreto,https://minerva-cinemasegreto-1-it.samsung.wurl.tv/playlist.m3u8
Bizzarro Movies,https://minerva-bizzarromovies-1-it.samsung.wurl.tv/playlist.m3u8
CGtv,https://cgentertainment-cgtv-1-it.samsung.wurl.tv/playlist.m3u8
WP,https://minerva-wp-1-it.samsung.wurl.tv/playlist.m3u8
Risate all'italiana,https://minerva-risateallitaliana-1-it.samsung.wurl.tv/playlist.m3u8
Shorts Ⓖ,https://cdn-ue1-prod.tsv2.amagi.tv/linear/amg00784-shortsinternati-shortstv-fast-italy-samsungit/playlist.m3u8
Sofy.tv,https://sofytv-samsungit.amagi.tv/playlist.m3u8
VH1+ Girl Power! – Pluto TV,https://service-stitcher.clusters.pluto.tv/v1/stitch/embed/hls/channel/655208ff53fc9700084a834e/master.m3u8?deviceId=channel&deviceModel=web&deviceVersion=1.0&appVersion=1.0&deviceType=rokuChannel&deviceMake=rokuChannel&deviceDNT=1&advertisingId=channel&embedPartner=rokuChannel&appName=rokuchannel&is_lat=1&bmodel=bm1&content=channel&platform=web&tags=ROKU_CONTENT_TAGS&coppa=false&content_type=livefeed&rdid=channel&genre=ROKU_ADS_CONTENT_GENRE&content_rating=ROKU_ADS_CONTENT_RATING&studio_id=viacom&channel_id=channel
Car Chase – Pluto TV,https://service-stitcher.clusters.pluto.tv/v1/stitch/embed/hls/channel/65a939fad77d450008863835/master.m3u8?deviceId=channel&deviceModel=web&deviceVersion=1.0&appVersion=1.0&deviceType=rokuChannel&deviceMake=rokuChannel&deviceDNT=1&advertisingId=channel&embedPartner=rokuChannel&appName=rokuchannel&is_lat=1&bmodel=bm1&content=channel&platform=web&tags=ROKU_CONTENT_TAGS&coppa=false&content_type=livefeed&rdid=channel&genre=ROKU_ADS_CONTENT_GENRE&content_rating=ROKU_ADS_CONTENT_RATING&studio_id=viacom&channel_id=channel
Monster Jam – Pluto TV,https://service-stitcher.clusters.pluto.tv/v1/stitch/embed/hls/channel/65bce7f1d77d450008b3a430/master.m3u8?deviceId=channel&deviceModel=web&deviceVersion=1.0&appVersion=1.0&deviceType=rokuChannel&deviceMake=rokuChannel&deviceDNT=1&advertisingId=channel&embedPartner=rokuChannel&appName=rokuchannel&is_lat=1&bmodel=bm1&content=channel&platform=web&tags=ROKU_CONTENT_TAGS&coppa=false&content_type=livefeed&rdid=channel&genre=ROKU_ADS_CONTENT_GENRE&content_rating=ROKU_ADS_CONTENT_RATING&studio_id=viacom&channel_id=channel
MacGyver – Pluto TV,https://service-stitcher.clusters.pluto.tv/v1/stitch/embed/hls/channel/6245d4511358320007029cdf/master.m3u8?deviceId=channel&deviceModel=web&deviceVersion=1.0&appVersion=1.0&deviceType=rokuChannel&deviceMake=rokuChannel&deviceDNT=1&advertisingId=channel&embedPartner=rokuChannel&appName=rokuchannel&is_lat=1&bmodel=bm1&content=channel&platform=web&tags=ROKU_CONTENT_TAGS&coppa=false&content_type=livefeed&rdid=channel&genre=ROKU_ADS_CONTENT_GENRE&content_rating=ROKU_ADS_CONTENT_RATING&studio_id=viacom&channel_id=channel
Settimo Cielo – Pluto TV,https://service-stitcher.clusters.pluto.tv/v1/stitch/embed/hls/channel/6245d3792792150007e20634/master.m3u8?deviceId=channel&deviceModel=web&deviceVersion=1.0&appVersion=1.0&deviceType=rokuChannel&deviceMake=rokuChannel&deviceDNT=1&advertisingId=channel&embedPartner=rokuChannel&appName=rokuchannel&is_lat=1&bmodel=bm1&content=channel&platform=web&tags=ROKU_CONTENT_TAGS&coppa=false&content_type=livefeed&rdid=channel&genre=ROKU_ADS_CONTENT_GENRE&content_rating=ROKU_ADS_CONTENT_RATING&studio_id=viacom&channel_id=channel
BBC Drama – Pluto TV,https://service-stitcher.clusters.pluto.tv/v1/stitch/embed/hls/channel/62e7fa5ab5062e0007dcf97d/master.m3u8?deviceId=channel&deviceModel=web&deviceVersion=1.0&appVersion=1.0&deviceType=rokuChannel&deviceMake=rokuChannel&deviceDNT=1&advertisingId=channel&embedPartner=rokuChannel&appName=rokuchannel&is_lat=1&bmodel=bm1&content=channel&platform=web&tags=ROKU_CONTENT_TAGS&coppa=false&content_type=livefeed&rdid=channel&genre=ROKU_ADS_CONTENT_GENRE&content_rating=ROKU_ADS_CONTENT_RATING&studio_id=viacom&channel_id=channel
Le sorelle mcleod – Pluto TV,https://service-stitcher.clusters.pluto.tv/v1/stitch/embed/hls/channel/60a2837f8154ab0007c4dcdf/master.m3u8?deviceId=channel&deviceModel=web&deviceVersion=1.0&appVersion=1.0&deviceType=rokuChannel&deviceMake=rokuChannel&deviceDNT=1&advertisingId=channel&embedPartner=rokuChannel&appName=rokuchannel&is_lat=1&bmodel=bm1&content=channel&platform=web&tags=ROKU_CONTENT_TAGS&coppa=false&content_type=livefeed&rdid=channel&genre=ROKU_ADS_CONTENT_GENRE&content_rating=ROKU_ADS_CONTENT_RATING&studio_id=viacom&channel_id=channel
Autostop per il cielo – Pluto TV,https://service-stitcher.clusters.pluto.tv/v1/stitch/embed/hls/channel/638f286445264d00084ec6dc/master.m3u8?deviceId=channel&deviceModel=web&deviceVersion=1.0&appVersion=1.0&deviceType=rokuChannel&deviceMake=rokuChannel&deviceDNT=1&advertisingId=channel&embedPartner=rokuChannel&appName=rokuchannel&is_lat=1&bmodel=bm1&content=channel&platform=web&tags=ROKU_CONTENT_TAGS&coppa=false&content_type=livefeed&rdid=channel&genre=ROKU_ADS_CONTENT_GENRE&content_rating=ROKU_ADS_CONTENT_RATING&studio_id=viacom&channel_id=channel
Renegade – Pluto TV,https://service-stitcher.clusters.pluto.tv/v1/stitch/embed/hls/channel/634926e4b51d2d00077819a2/master.m3u8?deviceId=channel&deviceModel=web&deviceVersion=1.0&appVersion=1.0&deviceType=rokuChannel&deviceMake=rokuChannel&deviceDNT=1&advertisingId=channel&embedPartner=rokuChannel&appName=rokuchannel&is_lat=1&bmodel=bm1&content=channel&platform=web&tags=ROKU_CONTENT_TAGS&coppa=false&content_type=livefeed&rdid=channel&genre=ROKU_ADS_CONTENT_GENRE&content_rating=ROKU_ADS_CONTENT_RATING&studio_id=viacom&channel_id=channel
Serie – Pluto TV,https://service-stitcher.clusters.pluto.tv/v1/stitch/embed/hls/channel/60b9ff2722bfa400072676ef/master.m3u8?deviceId=channel&deviceModel=web&deviceVersion=1.0&appVersion=1.0&deviceType=rokuChannel&deviceMake=rokuChannel&deviceDNT=1&advertisingId=channel&embedPartner=rokuChannel&appName=rokuchannel&is_lat=1&bmodel=bm1&content=channel&platform=web&tags=ROKU_CONTENT_TAGS&coppa=false&content_type=livefeed&rdid=channel&genre=ROKU_ADS_CONTENT_GENRE&content_rating=ROKU_ADS_CONTENT_RATING&studio_id=viacom&channel_id=channel
Film – Pluto TV,https://service-stitcher.clusters.pluto.tv/v1/stitch/embed/hls/channel/608aa17fb9f4490007e6419a/master.m3u8?deviceId=channel&deviceModel=web&deviceVersion=1.0&appVersion=1.0&deviceType=rokuChannel&deviceMake=rokuChannel&deviceDNT=1&advertisingId=channel&embedPartner=rokuChannel&appName=rokuchannel&is_lat=1&bmodel=bm1&content=channel&platform=web&tags=ROKU_CONTENT_TAGS&coppa=false&content_type=livefeed&rdid=channel&genre=ROKU_ADS_CONTENT_GENRE&content_rating=ROKU_ADS_CONTENT_RATING&studio_id=viacom&channel_id=channel
Film Azione – Pluto TV,https://service-stitcher.clusters.pluto.tv/v1/stitch/embed/hls/channel/608aa20a2e7f270007c4878d/master.m3u8?deviceId=channel&deviceModel=web&deviceVersion=1.0&appVersion=1.0&deviceType=rokuChannel&deviceMake=rokuChannel&deviceDNT=1&advertisingId=channel&embedPartner=rokuChannel&appName=rokuchannel&is_lat=1&bmodel=bm1&content=channel&platform=web&tags=ROKU_CONTENT_TAGS&coppa=false&content_type=livefeed&rdid=channel&genre=ROKU_ADS_CONTENT_GENRE&content_rating=ROKU_ADS_CONTENT_RATING&studio_id=viacom&channel_id=channel
Film Thriller – Pluto TV,https://service-stitcher.clusters.pluto.tv/v1/stitch/embed/hls/channel/608aa5e995132a00075f7005/master.m3u8?deviceId=channel&deviceModel=web&deviceVersion=1.0&appVersion=1.0&deviceType=rokuChannel&deviceMake=rokuChannel&deviceDNT=1&advertisingId=channel&embedPartner=rokuChannel&appName=rokuchannel&is_lat=1&bmodel=bm1&content=channel&platform=web&tags=ROKU_CONTENT_TAGS&coppa=false&content_type=livefeed&rdid=channel&genre=ROKU_ADS_CONTENT_GENRE&content_rating=ROKU_ADS_CONTENT_RATING&studio_id=viacom&channel_id=channel
Horror – Pluto TV,https://service-stitcher.clusters.pluto.tv/v1/stitch/embed/hls/channel/61c09e3ac210ed0007606620/master.m3u8?deviceId=channel&deviceModel=web&deviceVersion=1.0&appVersion=1.0&deviceType=rokuChannel&deviceMake=rokuChannel&deviceDNT=1&advertisingId=channel&embedPartner=rokuChannel&appName=rokuchannel&is_lat=1&bmodel=bm1&content=channel&platform=web&tags=ROKU_CONTENT_TAGS&coppa=false&content_type=livefeed&rdid=channel&genre=ROKU_ADS_CONTENT_GENRE&content_rating=ROKU_ADS_CONTENT_RATING&studio_id=viacom&channel_id=channel
Western – Pluto TV,https://service-stitcher.clusters.pluto.tv/v1/stitch/embed/hls/channel/62e7fb67478a5b0007e6c50c/master.m3u8?deviceId=channel&deviceModel=web&deviceVersion=1.0&appVersion=1.0&deviceType=rokuChannel&deviceMake=rokuChannel&deviceDNT=1&advertisingId=channel&embedPartner=rokuChannel&appName=rokuchannel&is_lat=1&bmodel=bm1&content=channel&platform=web&tags=ROKU_CONTENT_TAGS&coppa=false&content_type=livefeed&rdid=channel&genre=ROKU_ADS_CONTENT_GENRE&content_rating=ROKU_ADS_CONTENT_RATING&studio_id=viacom&channel_id=channel
Film Classici – Pluto TV,https://service-stitcher.clusters.pluto.tv/v1/stitch/embed/hls/channel/608aa3c446d73500075f0e24/master.m3u8?deviceId=channel&deviceModel=web&deviceVersion=1.0&appVersion=1.0&deviceType=rokuChannel&deviceMake=rokuChannel&deviceDNT=1&advertisingId=channel&embedPartner=rokuChannel&appName=rokuchannel&is_lat=1&bmodel=bm1&content=channel&platform=web&tags=ROKU_CONTENT_TAGS&coppa=false&content_type=livefeed&rdid=channel&genre=ROKU_ADS_CONTENT_GENRE&content_rating=ROKU_ADS_CONTENT_RATING&studio_id=viacom&channel_id=channel
Cinema Italiano – Pluto TV,https://service-stitcher.clusters.pluto.tv/v1/stitch/embed/hls/channel/608aa7d8359b270007861489/master.m3u8?deviceId=channel&deviceModel=web&deviceVersion=1.0&appVersion=1.0&deviceType=rokuChannel&deviceMake=rokuChannel&deviceDNT=1&advertisingId=channel&embedPartner=rokuChannel&appName=rokuchannel&is_lat=1&bmodel=bm1&content=channel&platform=web&tags=ROKU_CONTENT_TAGS&coppa=false&content_type=livefeed&rdid=channel&genre=ROKU_ADS_CONTENT_GENRE&content_rating=ROKU_ADS_CONTENT_RATING&studio_id=viacom&channel_id=channel
Totò – Pluto TV,https://service-stitcher.clusters.pluto.tv/v1/stitch/embed/hls/channel/65253f9881f942000833ccd5/master.m3u8?deviceId=channel&deviceModel=web&deviceVersion=1.0&appVersion=1.0&deviceType=rokuChannel&deviceMake=rokuChannel&deviceDNT=1&advertisingId=channel&embedPartner=rokuChannel&appName=rokuchannel&is_lat=1&bmodel=bm1&content=channel&platform=web&tags=ROKU_CONTENT_TAGS&coppa=false&content_type=livefeed&rdid=channel&genre=ROKU_ADS_CONTENT_GENRE&content_rating=ROKU_ADS_CONTENT_RATING&studio_id=viacom&channel_id=channel
Film Romantici – Pluto TV,https://service-stitcher.clusters.pluto.tv/v1/stitch/embed/hls/channel/608aa4a4cc92820007b663af/master.m3u8?deviceId=channel&deviceModel=web&deviceVersion=1.0&appVersion=1.0&deviceType=rokuChannel&deviceMake=rokuChannel&deviceDNT=1&advertisingId=channel&embedPartner=rokuChannel&appName=rokuchannel&is_lat=1&bmodel=bm1&content=channel&platform=web&tags=ROKU_CONTENT_TAGS&coppa=false&content_type=livefeed&rdid=channel&genre=ROKU_ADS_CONTENT_GENRE&content_rating=ROKU_ADS_CONTENT_RATING&studio_id=viacom&channel_id=channel
Christmas – Pluto TV,https://service-stitcher.clusters.pluto.tv/v1/stitch/embed/hls/channel/612e05b885183d0007958101/master.m3u8?deviceId=channel&deviceModel=web&deviceVersion=1.0&appVersion=1.0&deviceType=rokuChannel&deviceMake=rokuChannel&deviceDNT=1&advertisingId=channel&embedPartner=rokuChannel&appName=rokuchannel&is_lat=1&bmodel=bm1&content=channel&platform=web&tags=ROKU_CONTENT_TAGS&coppa=false&content_type=livefeed&rdid=channel&genre=ROKU_ADS_CONTENT_GENRE&content_rating=ROKU_ADS_CONTENT_RATING&studio_id=viacom&channel_id=channel
Film Drama – Pluto TV,https://service-stitcher.clusters.pluto.tv/v1/stitch/embed/hls/channel/608aa42b5c2b8f0007197529/master.m3u8?deviceId=channel&deviceModel=web&deviceVersion=1.0&appVersion=1.0&deviceType=rokuChannel&deviceMake=rokuChannel&deviceDNT=1&advertisingId=channel&embedPartner=rokuChannel&appName=rokuchannel&is_lat=1&bmodel=bm1&content=channel&platform=web&tags=ROKU_CONTENT_TAGS&coppa=false&content_type=livefeed&rdid=channel&genre=ROKU_ADS_CONTENT_GENRE&content_rating=ROKU_ADS_CONTENT_RATING&studio_id=viacom&channel_id=channel
Film Commedia – Pluto TV,https://service-stitcher.clusters.pluto.tv/v1/stitch/embed/hls/channel/608aa512d67fd900072323db/master.m3u8?deviceId=channel&deviceModel=web&deviceVersion=1.0&appVersion=1.0&deviceType=rokuChannel&deviceMake=rokuChannel&deviceDNT=1&advertisingId=channel&embedPartner=rokuChannel&appName=rokuchannel&is_lat=1&bmodel=bm1&content=channel&platform=web&tags=ROKU_CONTENT_TAGS&coppa=false&content_type=livefeed&rdid=channel&genre=ROKU_ADS_CONTENT_GENRE&content_rating=ROKU_ADS_CONTENT_RATING&studio_id=viacom&channel_id=channel
East is East – Pluto TV,https://service-stitcher.clusters.pluto.tv/v1/stitch/embed/hls/channel/654c955683595c00081d9d87/master.m3u8?deviceId=channel&deviceModel=web&deviceVersion=1.0&appVersion=1.0&deviceType=rokuChannel&deviceMake=rokuChannel&deviceDNT=1&advertisingId=channel&embedPartner=rokuChannel&appName=rokuchannel&is_lat=1&bmodel=bm1&content=channel&platform=web&tags=ROKU_CONTENT_TAGS&coppa=false&content_type=livefeed&rdid=channel&genre=ROKU_ADS_CONTENT_GENRE&content_rating=ROKU_ADS_CONTENT_RATING&studio_id=viacom&channel_id=channel
The Asylum – Pluto TV,https://service-stitcher.clusters.pluto.tv/v1/stitch/embed/hls/channel/62e8d5369e48940007fc1dc1/master.m3u8?deviceId=channel&deviceModel=web&deviceVersion=1.0&appVersion=1.0&deviceType=rokuChannel&deviceMake=rokuChannel&deviceDNT=1&advertisingId=channel&embedPartner=rokuChannel&appName=rokuchannel&is_lat=1&bmodel=bm1&content=channel&platform=web&tags=ROKU_CONTENT_TAGS&coppa=false&content_type=livefeed&rdid=channel&genre=ROKU_ADS_CONTENT_GENRE&content_rating=ROKU_ADS_CONTENT_RATING&studio_id=viacom&channel_id=channel
Star Trek: The Original Series – Pluto TV,https://service-stitcher.clusters.pluto.tv/v1/stitch/embed/hls/channel/6581a09edfed030008e12b39/master.m3u8?deviceId=channel&deviceModel=web&deviceVersion=1.0&appVersion=1.0&deviceType=rokuChannel&deviceMake=rokuChannel&deviceDNT=1&advertisingId=channel&embedPartner=rokuChannel&appName=rokuchannel&is_lat=1&bmodel=bm1&content=channel&platform=web&tags=ROKU_CONTENT_TAGS&coppa=false&content_type=livefeed&rdid=channel&genre=ROKU_ADS_CONTENT_GENRE&content_rating=ROKU_ADS_CONTENT_RATING&studio_id=viacom&channel_id=channel
Doctor Who – Pluto TV,https://service-stitcher.clusters.pluto.tv/v1/stitch/embed/hls/channel/62e7f8db27ce19000732d1aa/master.m3u8?deviceId=channel&deviceModel=web&deviceVersion=1.0&appVersion=1.0&deviceType=rokuChannel&deviceMake=rokuChannel&deviceDNT=1&advertisingId=channel&embedPartner=rokuChannel&appName=rokuchannel&is_lat=1&bmodel=bm1&content=channel&platform=web&tags=ROKU_CONTENT_TAGS&coppa=false&content_type=livefeed&rdid=channel&genre=ROKU_ADS_CONTENT_GENRE&content_rating=ROKU_ADS_CONTENT_RATING&studio_id=viacom&channel_id=channel
Sci-Fi – Pluto TV,https://service-stitcher.clusters.pluto.tv/v1/stitch/embed/hls/channel/61728bb9ee3773000840c1fa/master.m3u8?deviceId=channel&deviceModel=web&deviceVersion=1.0&appVersion=1.0&deviceType=rokuChannel&deviceMake=rokuChannel&deviceDNT=1&advertisingId=channel&embedPartner=rokuChannel&appName=rokuchannel&is_lat=1&bmodel=bm1&content=channel&platform=web&tags=ROKU_CONTENT_TAGS&coppa=false&content_type=livefeed&rdid=channel&genre=ROKU_ADS_CONTENT_GENRE&content_rating=ROKU_ADS_CONTENT_RATING&studio_id=viacom&channel_id=channel
Mutant X – Pluto TV,https://service-stitcher.clusters.pluto.tv/v1/stitch/embed/hls/channel/60802c209a26320007c92ad5/master.m3u8?deviceId=channel&deviceModel=web&deviceVersion=1.0&appVersion=1.0&deviceType=rokuChannel&deviceMake=rokuChannel&deviceDNT=1&advertisingId=channel&embedPartner=rokuChannel&appName=rokuchannel&is_lat=1&bmodel=bm1&content=channel&platform=web&tags=ROKU_CONTENT_TAGS&coppa=false&content_type=livefeed&rdid=channel&genre=ROKU_ADS_CONTENT_GENRE&content_rating=ROKU_ADS_CONTENT_RATING&studio_id=viacom&channel_id=channel
Andromeda – Pluto TV,https://service-stitcher.clusters.pluto.tv/v1/stitch/embed/hls/channel/60802d37ee238e0007c94e64/master.m3u8?deviceId=channel&deviceModel=web&deviceVersion=1.0&appVersion=1.0&deviceType=rokuChannel&deviceMake=rokuChannel&deviceDNT=1&advertisingId=channel&embedPartner=rokuChannel&appName=rokuchannel&is_lat=1&bmodel=bm1&content=channel&platform=web&tags=ROKU_CONTENT_TAGS&coppa=false&content_type=livefeed&rdid=channel&genre=ROKU_ADS_CONTENT_GENRE&content_rating=ROKU_ADS_CONTENT_RATING&studio_id=viacom&channel_id=channel
Sanctuary – Pluto TV,https://service-stitcher.clusters.pluto.tv/v1/stitch/embed/hls/channel/63eb57d6c111bc0008fe2658/master.m3u8?deviceId=channel&deviceModel=web&deviceVersion=1.0&appVersion=1.0&deviceType=rokuChannel&deviceMake=rokuChannel&deviceDNT=1&advertisingId=channel&embedPartner=rokuChannel&appName=rokuchannel&is_lat=1&bmodel=bm1&content=channel&platform=web&tags=ROKU_CONTENT_TAGS&coppa=false&content_type=livefeed&rdid=channel&genre=ROKU_ADS_CONTENT_GENRE&content_rating=ROKU_ADS_CONTENT_RATING&studio_id=viacom&channel_id=channel
Forensic Files – Pluto TV,https://service-stitcher.clusters.pluto.tv/v1/stitch/embed/hls/channel/64ec5cf50f73a800081310a5/master.m3u8?deviceId=channel&deviceModel=web&deviceVersion=1.0&appVersion=1.0&deviceType=rokuChannel&deviceMake=rokuChannel&deviceDNT=1&advertisingId=channel&embedPartner=rokuChannel&appName=rokuchannel&is_lat=1&bmodel=bm1&content=channel&platform=web&tags=ROKU_CONTENT_TAGS&coppa=false&content_type=livefeed&rdid=channel&genre=ROKU_ADS_CONTENT_GENRE&content_rating=ROKU_ADS_CONTENT_RATING&studio_id=viacom&channel_id=channel
Squadra Speciale Cobra 11 – Pluto TV,https://service-stitcher.clusters.pluto.tv/v1/stitch/embed/hls/channel/625e6cc905e09f00073addee/master.m3u8?deviceId=channel&deviceModel=web&deviceVersion=1.0&appVersion=1.0&deviceType=rokuChannel&deviceMake=rokuChannel&deviceDNT=1&advertisingId=channel&embedPartner=rokuChannel&appName=rokuchannel&is_lat=1&bmodel=bm1&content=channel&platform=web&tags=ROKU_CONTENT_TAGS&coppa=false&content_type=livefeed&rdid=channel&genre=ROKU_ADS_CONTENT_GENRE&content_rating=ROKU_ADS_CONTENT_RATING&studio_id=viacom&channel_id=channel
Crime – Pluto TV,https://service-stitcher.clusters.pluto.tv/v1/stitch/embed/hls/channel/608aa777b907770007e5d05d/master.m3u8?deviceId=channel&deviceModel=web&deviceVersion=1.0&appVersion=1.0&deviceType=rokuChannel&deviceMake=rokuChannel&deviceDNT=1&advertisingId=channel&embedPartner=rokuChannel&appName=rokuchannel&is_lat=1&bmodel=bm1&content=channel&platform=web&tags=ROKU_CONTENT_TAGS&coppa=false&content_type=livefeed&rdid=channel&genre=ROKU_ADS_CONTENT_GENRE&content_rating=ROKU_ADS_CONTENT_RATING&studio_id=viacom&channel_id=channel
Mai dire sì – Pluto TV,https://service-stitcher.clusters.pluto.tv/v1/stitch/embed/hls/channel/6349279ed5023700078f2bc2/master.m3u8?deviceId=channel&deviceModel=web&deviceVersion=1.0&appVersion=1.0&deviceType=rokuChannel&deviceMake=rokuChannel&deviceDNT=1&advertisingId=channel&embedPartner=rokuChannel&appName=rokuchannel&is_lat=1&bmodel=bm1&content=channel&platform=web&tags=ROKU_CONTENT_TAGS&coppa=false&content_type=livefeed&rdid=channel&genre=ROKU_ADS_CONTENT_GENRE&content_rating=ROKU_ADS_CONTENT_RATING&studio_id=viacom&channel_id=channel
Consulenze illegali – Pluto TV,https://service-stitcher.clusters.pluto.tv/v1/stitch/embed/hls/channel/60b9dc99521a1400079bdfba/master.m3u8?deviceId=channel&deviceModel=web&deviceVersion=1.0&appVersion=1.0&deviceType=rokuChannel&deviceMake=rokuChannel&deviceDNT=1&advertisingId=channel&embedPartner=rokuChannel&appName=rokuchannel&is_lat=1&bmodel=bm1&content=channel&platform=web&tags=ROKU_CONTENT_TAGS&coppa=false&content_type=livefeed&rdid=channel&genre=ROKU_ADS_CONTENT_GENRE&content_rating=ROKU_ADS_CONTENT_RATING&studio_id=viacom&channel_id=channel
Il banco dei pugni – Pluto TV,https://service-stitcher.clusters.pluto.tv/v1/stitch/embed/hls/channel/60e4507a06171800072339a3/master.m3u8?deviceId=channel&deviceModel=web&deviceVersion=1.0&appVersion=1.0&deviceType=rokuChannel&deviceMake=rokuChannel&deviceDNT=1&advertisingId=channel&embedPartner=rokuChannel&appName=rokuchannel&is_lat=1&bmodel=bm1&content=channel&platform=web&tags=ROKU_CONTENT_TAGS&coppa=false&content_type=livefeed&rdid=channel&genre=ROKU_ADS_CONTENT_GENRE&content_rating=ROKU_ADS_CONTENT_RATING&studio_id=viacom&channel_id=channel
Affare Fatto – Pluto TV,https://service-stitcher.clusters.pluto.tv/v1/stitch/embed/hls/channel/64ec5c6644fe100009d114ae/master.m3u8?deviceId=channel&deviceModel=web&deviceVersion=1.0&appVersion=1.0&deviceType=rokuChannel&deviceMake=rokuChannel&deviceDNT=1&advertisingId=channel&embedPartner=rokuChannel&appName=rokuchannel&is_lat=1&bmodel=bm1&content=channel&platform=web&tags=ROKU_CONTENT_TAGS&coppa=false&content_type=livefeed&rdid=channel&genre=ROKU_ADS_CONTENT_GENRE&content_rating=ROKU_ADS_CONTENT_RATING&studio_id=viacom&channel_id=channel
Catfish – Pluto TV,https://service-stitcher.clusters.pluto.tv/v1/stitch/embed/hls/channel/6093f9ed2c75660007322bb7/master.m3u8?deviceId=channel&deviceModel=web&deviceVersion=1.0&appVersion=1.0&deviceType=rokuChannel&deviceMake=rokuChannel&deviceDNT=1&advertisingId=channel&embedPartner=rokuChannel&appName=rokuchannel&is_lat=1&bmodel=bm1&content=channel&platform=web&tags=ROKU_CONTENT_TAGS&coppa=false&content_type=livefeed&rdid=channel&genre=ROKU_ADS_CONTENT_GENRE&content_rating=ROKU_ADS_CONTENT_RATING&studio_id=viacom&channel_id=channel
Il Testimone – Pluto TV,https://service-stitcher.clusters.pluto.tv/v1/stitch/embed/hls/channel/61fbd3f0733df400076c9a2d/master.m3u8?deviceId=channel&deviceModel=web&deviceVersion=1.0&appVersion=1.0&deviceType=rokuChannel&deviceMake=rokuChannel&deviceDNT=1&advertisingId=channel&embedPartner=rokuChannel&appName=rokuchannel&is_lat=1&bmodel=bm1&content=channel&platform=web&tags=ROKU_CONTENT_TAGS&coppa=false&content_type=livefeed&rdid=channel&genre=ROKU_ADS_CONTENT_GENRE&content_rating=ROKU_ADS_CONTENT_RATING&studio_id=viacom&channel_id=channel
Case Pazzesche – Pluto TV,https://service-stitcher.clusters.pluto.tv/v1/stitch/embed/hls/channel/626bb07a58b8dd0007e9f36e/master.m3u8?deviceId=channel&deviceModel=web&deviceVersion=1.0&appVersion=1.0&deviceType=rokuChannel&deviceMake=rokuChannel&deviceDNT=1&advertisingId=channel&embedPartner=rokuChannel&appName=rokuchannel&is_lat=1&bmodel=bm1&content=channel&platform=web&tags=ROKU_CONTENT_TAGS&coppa=false&content_type=livefeed&rdid=channel&genre=ROKU_ADS_CONTENT_GENRE&content_rating=ROKU_ADS_CONTENT_RATING&studio_id=viacom&channel_id=channel
Geordie Shore – Pluto TV,https://service-stitcher.clusters.pluto.tv/v1/stitch/embed/hls/channel/619263ee9541940007d20d60/master.m3u8?deviceId=channel&deviceModel=web&deviceVersion=1.0&appVersion=1.0&deviceType=rokuChannel&deviceMake=rokuChannel&deviceDNT=1&advertisingId=channel&embedPartner=rokuChannel&appName=rokuchannel&is_lat=1&bmodel=bm1&content=channel&platform=web&tags=ROKU_CONTENT_TAGS&coppa=false&content_type=livefeed&rdid=channel&genre=ROKU_ADS_CONTENT_GENRE&content_rating=ROKU_ADS_CONTENT_RATING&studio_id=viacom&channel_id=channel
Ex on the beach – Pluto TV,https://service-stitcher.clusters.pluto.tv/v1/stitch/embed/hls/channel/60940ebad67fd900072382db/master.m3u8?deviceId=channel&deviceModel=web&deviceVersion=1.0&appVersion=1.0&deviceType=rokuChannel&deviceMake=rokuChannel&deviceDNT=1&advertisingId=channel&embedPartner=rokuChannel&appName=rokuchannel&is_lat=1&bmodel=bm1&content=channel&platform=web&tags=ROKU_CONTENT_TAGS&coppa=false&content_type=livefeed&rdid=channel&genre=ROKU_ADS_CONTENT_GENRE&content_rating=ROKU_ADS_CONTENT_RATING&studio_id=viacom&channel_id=channel
#Riccanza – Pluto TV,https://service-stitcher.clusters.pluto.tv/v1/stitch/embed/hls/channel/626baa721c279b00072cbedd/master.m3u8?deviceId=channel&deviceModel=web&deviceVersion=1.0&appVersion=1.0&deviceType=rokuChannel&deviceMake=rokuChannel&deviceDNT=1&advertisingId=channel&embedPartner=rokuChannel&appName=rokuchannel&is_lat=1&bmodel=bm1&content=channel&platform=web&tags=ROKU_CONTENT_TAGS&coppa=false&content_type=livefeed&rdid=channel&genre=ROKU_ADS_CONTENT_GENRE&content_rating=ROKU_ADS_CONTENT_RATING&studio_id=viacom&channel_id=channel
The Hills – Pluto TV,https://service-stitcher.clusters.pluto.tv/v1/stitch/embed/hls/channel/6466007181844c000967f80a/master.m3u8?deviceId=channel&deviceModel=web&deviceVersion=1.0&appVersion=1.0&deviceType=rokuChannel&deviceMake=rokuChannel&deviceDNT=1&advertisingId=channel&embedPartner=rokuChannel&appName=rokuchannel&is_lat=1&bmodel=bm1&content=channel&platform=web&tags=ROKU_CONTENT_TAGS&coppa=false&content_type=livefeed&rdid=channel&genre=ROKU_ADS_CONTENT_GENRE&content_rating=ROKU_ADS_CONTENT_RATING&studio_id=viacom&channel_id=channel
Reality – Pluto TV,https://service-stitcher.clusters.pluto.tv/v1/stitch/embed/hls/channel/61925f874b1ec000075e700a/master.m3u8?deviceId=channel&deviceModel=web&deviceVersion=1.0&appVersion=1.0&deviceType=rokuChannel&deviceMake=rokuChannel&deviceDNT=1&advertisingId=channel&embedPartner=rokuChannel&appName=rokuchannel&is_lat=1&bmodel=bm1&content=channel&platform=web&tags=ROKU_CONTENT_TAGS&coppa=false&content_type=livefeed&rdid=channel&genre=ROKU_ADS_CONTENT_GENRE&content_rating=ROKU_ADS_CONTENT_RATING&studio_id=viacom&channel_id=channel
Made – Pluto TV,https://service-stitcher.clusters.pluto.tv/v1/stitch/embed/hls/channel/6304ee20112ca70007d8accc/master.m3u8?deviceId=channel&deviceModel=web&deviceVersion=1.0&appVersion=1.0&deviceType=rokuChannel&deviceMake=rokuChannel&deviceDNT=1&advertisingId=channel&embedPartner=rokuChannel&appName=rokuchannel&is_lat=1&bmodel=bm1&content=channel&platform=web&tags=ROKU_CONTENT_TAGS&coppa=false&content_type=livefeed&rdid=channel&genre=ROKU_ADS_CONTENT_GENRE&content_rating=ROKU_ADS_CONTENT_RATING&studio_id=viacom&channel_id=channel
16 anni e incinta – Pluto TV,https://service-stitcher.clusters.pluto.tv/v1/stitch/embed/hls/channel/60940a07d88ba90007b9cb71/master.m3u8?deviceId=channel&deviceModel=web&deviceVersion=1.0&appVersion=1.0&deviceType=rokuChannel&deviceMake=rokuChannel&deviceDNT=1&advertisingId=channel&embedPartner=rokuChannel&appName=rokuchannel&is_lat=1&bmodel=bm1&content=channel&platform=web&tags=ROKU_CONTENT_TAGS&coppa=false&content_type=livefeed&rdid=channel&genre=ROKU_ADS_CONTENT_GENRE&content_rating=ROKU_ADS_CONTENT_RATING&studio_id=viacom&channel_id=channel
Teen Mom – Pluto TV,https://service-stitcher.clusters.pluto.tv/v1/stitch/embed/hls/channel/62e7fc8c0d061100083946a9/master.m3u8?deviceId=channel&deviceModel=web&deviceVersion=1.0&appVersion=1.0&deviceType=rokuChannel&deviceMake=rokuChannel&deviceDNT=1&advertisingId=channel&embedPartner=rokuChannel&appName=rokuchannel&is_lat=1&bmodel=bm1&content=channel&platform=web&tags=ROKU_CONTENT_TAGS&coppa=false&content_type=livefeed&rdid=channel&genre=ROKU_ADS_CONTENT_GENRE&content_rating=ROKU_ADS_CONTENT_RATING&studio_id=viacom&channel_id=channel
Jersey Shore – Pluto TV,https://service-stitcher.clusters.pluto.tv/v1/stitch/embed/hls/channel/63eb5767da71180008ace8fc/master.m3u8?deviceId=channel&deviceModel=web&deviceVersion=1.0&appVersion=1.0&deviceType=rokuChannel&deviceMake=rokuChannel&deviceDNT=1&advertisingId=channel&embedPartner=rokuChannel&appName=rokuchannel&is_lat=1&bmodel=bm1&content=channel&platform=web&tags=ROKU_CONTENT_TAGS&coppa=false&content_type=livefeed&rdid=channel&genre=ROKU_ADS_CONTENT_GENRE&content_rating=ROKU_ADS_CONTENT_RATING&studio_id=viacom&channel_id=channel
Top Gear – Pluto TV,https://service-stitcher.clusters.pluto.tv/v1/stitch/embed/hls/channel/64c109a4798def0008a6e03e/master.m3u8?deviceId=channel&deviceModel=web&deviceVersion=1.0&appVersion=1.0&deviceType=rokuChannel&deviceMake=rokuChannel&deviceDNT=1&advertisingId=channel&embedPartner=rokuChannel&appName=rokuchannel&is_lat=1&bmodel=bm1&content=channel&platform=web&tags=ROKU_CONTENT_TAGS&coppa=false&content_type=livefeed&rdid=channel&genre=ROKU_ADS_CONTENT_GENRE&content_rating=ROKU_ADS_CONTENT_RATING&studio_id=viacom&channel_id=channel
Pimp My Ride – Pluto TV,https://service-stitcher.clusters.pluto.tv/v1/stitch/embed/hls/channel/636a4eaf77279a0007f14861/master.m3u8?deviceId=channel&deviceModel=web&deviceVersion=1.0&appVersion=1.0&deviceType=rokuChannel&deviceMake=rokuChannel&deviceDNT=1&advertisingId=channel&embedPartner=rokuChannel&appName=rokuchannel&is_lat=1&bmodel=bm1&content=channel&platform=web&tags=ROKU_CONTENT_TAGS&coppa=false&content_type=livefeed&rdid=channel&genre=ROKU_ADS_CONTENT_GENRE&content_rating=ROKU_ADS_CONTENT_RATING&studio_id=viacom&channel_id=channel
World poker tour – Pluto TV,https://service-stitcher.clusters.pluto.tv/v1/stitch/embed/hls/channel/608016e446d73500075ea7e0/master.m3u8?deviceId=channel&deviceModel=web&deviceVersion=1.0&appVersion=1.0&deviceType=rokuChannel&deviceMake=rokuChannel&deviceDNT=1&advertisingId=channel&embedPartner=rokuChannel&appName=rokuchannel&is_lat=1&bmodel=bm1&content=channel&platform=web&tags=ROKU_CONTENT_TAGS&coppa=false&content_type=livefeed&rdid=channel&genre=ROKU_ADS_CONTENT_GENRE&content_rating=ROKU_ADS_CONTENT_RATING&studio_id=viacom&channel_id=channel
PFL MMA – Pluto TV,https://service-stitcher.clusters.pluto.tv/v1/stitch/embed/hls/channel/654a299cab05240008a12639/master.m3u8?deviceId=channel&deviceModel=web&deviceVersion=1.0&appVersion=1.0&deviceType=rokuChannel&deviceMake=rokuChannel&deviceDNT=1&advertisingId=channel&embedPartner=rokuChannel&appName=rokuchannel&is_lat=1&bmodel=bm1&content=channel&platform=web&tags=ROKU_CONTENT_TAGS&coppa=false&content_type=livefeed&rdid=channel&genre=ROKU_ADS_CONTENT_GENRE&content_rating=ROKU_ADS_CONTENT_RATING&studio_id=viacom&channel_id=channel
Robot Wars by MECH+ – Pluto TV,https://service-stitcher.clusters.pluto.tv/v1/stitch/embed/hls/channel/651581ba6a84140008593586/master.m3u8?deviceId=channel&deviceModel=web&deviceVersion=1.0&appVersion=1.0&deviceType=rokuChannel&deviceMake=rokuChannel&deviceDNT=1&advertisingId=channel&embedPartner=rokuChannel&appName=rokuchannel&is_lat=1&bmodel=bm1&content=channel&platform=web&tags=ROKU_CONTENT_TAGS&coppa=false&content_type=livefeed&rdid=channel&genre=ROKU_ADS_CONTENT_GENRE&content_rating=ROKU_ADS_CONTENT_RATING&studio_id=viacom&channel_id=channel
Ultimate Classic Wrestling – Pluto TV,https://service-stitcher.clusters.pluto.tv/v1/stitch/embed/hls/channel/652516fb7971630008a58e74/master.m3u8?deviceId=channel&deviceModel=web&deviceVersion=1.0&appVersion=1.0&deviceType=rokuChannel&deviceMake=rokuChannel&deviceDNT=1&advertisingId=channel&embedPartner=rokuChannel&appName=rokuchannel&is_lat=1&bmodel=bm1&content=channel&platform=web&tags=ROKU_CONTENT_TAGS&coppa=false&content_type=livefeed&rdid=channel&genre=ROKU_ADS_CONTENT_GENRE&content_rating=ROKU_ADS_CONTENT_RATING&studio_id=viacom&channel_id=channel
The Boat Show – Pluto TV,https://service-stitcher.clusters.pluto.tv/v1/stitch/embed/hls/channel/63eb58aa60bc8f0008caa8f8/master.m3u8?deviceId=channel&deviceModel=web&deviceVersion=1.0&appVersion=1.0&deviceType=rokuChannel&deviceMake=rokuChannel&deviceDNT=1&advertisingId=channel&embedPartner=rokuChannel&appName=rokuchannel&is_lat=1&bmodel=bm1&content=channel&platform=web&tags=ROKU_CONTENT_TAGS&coppa=false&content_type=livefeed&rdid=channel&genre=ROKU_ADS_CONTENT_GENRE&content_rating=ROKU_ADS_CONTENT_RATING&studio_id=viacom&channel_id=channel
Unbeaten Sports – Pluto TV,https://service-stitcher.clusters.pluto.tv/v1/stitch/embed/hls/channel/64c3b106dac71b00080a26d2/master.m3u8?deviceId=channel&deviceModel=web&deviceVersion=1.0&appVersion=1.0&deviceType=rokuChannel&deviceMake=rokuChannel&deviceDNT=1&advertisingId=channel&embedPartner=rokuChannel&appName=rokuchannel&is_lat=1&bmodel=bm1&content=channel&platform=web&tags=ROKU_CONTENT_TAGS&coppa=false&content_type=livefeed&rdid=channel&genre=ROKU_ADS_CONTENT_GENRE&content_rating=ROKU_ADS_CONTENT_RATING&studio_id=viacom&channel_id=channel
Sport – Pluto TV,https://service-stitcher.clusters.pluto.tv/v1/stitch/embed/hls/channel/608030eff4b6f70007e1684c/master.m3u8?deviceId=channel&deviceModel=web&deviceVersion=1.0&appVersion=1.0&deviceType=rokuChannel&deviceMake=rokuChannel&deviceDNT=1&advertisingId=channel&embedPartner=rokuChannel&appName=rokuchannel&is_lat=1&bmodel=bm1&content=channel&platform=web&tags=ROKU_CONTENT_TAGS&coppa=false&content_type=livefeed&rdid=channel&genre=ROKU_ADS_CONTENT_GENRE&content_rating=ROKU_ADS_CONTENT_RATING&studio_id=viacom&channel_id=channel
Ridiculousness – Pluto TV,https://service-stitcher.clusters.pluto.tv/v1/stitch/embed/hls/channel/61fbd721e5b49e00079bfedc/master.m3u8?deviceId=channel&deviceModel=web&deviceVersion=1.0&appVersion=1.0&deviceType=rokuChannel&deviceMake=rokuChannel&deviceDNT=1&advertisingId=channel&embedPartner=rokuChannel&appName=rokuchannel&is_lat=1&bmodel=bm1&content=channel&platform=web&tags=ROKU_CONTENT_TAGS&coppa=false&content_type=livefeed&rdid=channel&genre=ROKU_ADS_CONTENT_GENRE&content_rating=ROKU_ADS_CONTENT_RATING&studio_id=viacom&channel_id=channel
Scherzi e risate – Pluto TV,https://service-stitcher.clusters.pluto.tv/v1/stitch/embed/hls/channel/609404b0a8ec810007d8de9d/master.m3u8?deviceId=channel&deviceModel=web&deviceVersion=1.0&appVersion=1.0&deviceType=rokuChannel&deviceMake=rokuChannel&deviceDNT=1&advertisingId=channel&embedPartner=rokuChannel&appName=rokuchannel&is_lat=1&bmodel=bm1&content=channel&platform=web&tags=ROKU_CONTENT_TAGS&coppa=false&content_type=livefeed&rdid=channel&genre=ROKU_ADS_CONTENT_GENRE&content_rating=ROKU_ADS_CONTENT_RATING&studio_id=viacom&channel_id=channel
Fail army – Pluto TV,https://service-stitcher.clusters.pluto.tv/v1/stitch/embed/hls/channel/608014d19a26320007c92ab6/master.m3u8?deviceId=channel&deviceModel=web&deviceVersion=1.0&appVersion=1.0&deviceType=rokuChannel&deviceMake=rokuChannel&deviceDNT=1&advertisingId=channel&embedPartner=rokuChannel&appName=rokuchannel&is_lat=1&bmodel=bm1&content=channel&platform=web&tags=ROKU_CONTENT_TAGS&coppa=false&content_type=livefeed&rdid=channel&genre=ROKU_ADS_CONTENT_GENRE&content_rating=ROKU_ADS_CONTENT_RATING&studio_id=viacom&channel_id=channel
People are awesome – Pluto TV,https://service-stitcher.clusters.pluto.tv/v1/stitch/embed/hls/channel/608017cbe375e400070cc981/master.m3u8?deviceId=channel&deviceModel=web&deviceVersion=1.0&appVersion=1.0&deviceType=rokuChannel&deviceMake=rokuChannel&deviceDNT=1&advertisingId=channel&embedPartner=rokuChannel&appName=rokuchannel&is_lat=1&bmodel=bm1&content=channel&platform=web&tags=ROKU_CONTENT_TAGS&coppa=false&content_type=livefeed&rdid=channel&genre=ROKU_ADS_CONTENT_GENRE&content_rating=ROKU_ADS_CONTENT_RATING&studio_id=viacom&channel_id=channel
The pet collective – Pluto TV,https://service-stitcher.clusters.pluto.tv/v1/stitch/embed/hls/channel/60801317a0ccef00072aaf75/master.m3u8?deviceId=channel&deviceModel=web&deviceVersion=1.0&appVersion=1.0&deviceType=rokuChannel&deviceMake=rokuChannel&deviceDNT=1&advertisingId=channel&embedPartner=rokuChannel&appName=rokuchannel&is_lat=1&bmodel=bm1&content=channel&platform=web&tags=ROKU_CONTENT_TAGS&coppa=false&content_type=livefeed&rdid=channel&genre=ROKU_ADS_CONTENT_GENRE&content_rating=ROKU_ADS_CONTENT_RATING&studio_id=viacom&channel_id=channel
Just for laughs – Pluto TV,https://service-stitcher.clusters.pluto.tv/v1/stitch/embed/hls/channel/6093f48c95132a00075fd859/master.m3u8?deviceId=channel&deviceModel=web&deviceVersion=1.0&appVersion=1.0&deviceType=rokuChannel&deviceMake=rokuChannel&deviceDNT=1&advertisingId=channel&embedPartner=rokuChannel&appName=rokuchannel&is_lat=1&bmodel=bm1&content=channel&platform=web&tags=ROKU_CONTENT_TAGS&coppa=false&content_type=livefeed&rdid=channel&genre=ROKU_ADS_CONTENT_GENRE&content_rating=ROKU_ADS_CONTENT_RATING&studio_id=viacom&channel_id=channel
South Park – Pluto TV,https://service-stitcher.clusters.pluto.tv/v1/stitch/embed/hls/channel/62bc1f502b70e3000706298e/master.m3u8?deviceId=channel&deviceModel=web&deviceVersion=1.0&appVersion=1.0&deviceType=rokuChannel&deviceMake=rokuChannel&deviceDNT=1&advertisingId=channel&embedPartner=rokuChannel&appName=rokuchannel&is_lat=1&bmodel=bm1&content=channel&platform=web&tags=ROKU_CONTENT_TAGS&coppa=false&content_type=livefeed&rdid=channel&genre=ROKU_ADS_CONTENT_GENRE&content_rating=ROKU_ADS_CONTENT_RATING&studio_id=viacom&channel_id=channel
Super! Spongebob – Pluto TV,https://service-stitcher.clusters.pluto.tv/v1/stitch/embed/hls/channel/6093f9281db477000759fce0/master.m3u8?deviceId=channel&deviceModel=web&deviceVersion=1.0&appVersion=1.0&deviceType=rokuChannel&deviceMake=rokuChannel&deviceDNT=1&advertisingId=channel&embedPartner=rokuChannel&appName=rokuchannel&is_lat=1&bmodel=bm1&content=channel&platform=web&tags=ROKU_CONTENT_TAGS&coppa=false&content_type=livefeed&rdid=channel&genre=ROKU_ADS_CONTENT_GENRE&content_rating=ROKU_ADS_CONTENT_RATING&studio_id=viacom&channel_id=channel
Due Fantagenitori – Pluto TV,https://service-stitcher.clusters.pluto.tv/v1/stitch/embed/hls/channel/62b57a6752a0060008bc65cd/master.m3u8?deviceId=channel&deviceModel=web&deviceVersion=1.0&appVersion=1.0&deviceType=rokuChannel&deviceMake=rokuChannel&deviceDNT=1&advertisingId=channel&embedPartner=rokuChannel&appName=rokuchannel&is_lat=1&bmodel=bm1&content=channel&platform=web&tags=ROKU_CONTENT_TAGS&coppa=false&content_type=livefeed&rdid=channel&genre=ROKU_ADS_CONTENT_GENRE&content_rating=ROKU_ADS_CONTENT_RATING&studio_id=viacom&channel_id=channel
Yu-Gi-Oh! – Pluto TV,https://service-stitcher.clusters.pluto.tv/v1/stitch/embed/hls/channel/63eb82e24e83e70008ab735f/master.m3u8?deviceId=channel&deviceModel=web&deviceVersion=1.0&appVersion=1.0&deviceType=rokuChannel&deviceMake=rokuChannel&deviceDNT=1&advertisingId=channel&embedPartner=rokuChannel&appName=rokuchannel&is_lat=1&bmodel=bm1&content=channel&platform=web&tags=ROKU_CONTENT_TAGS&coppa=false&content_type=livefeed&rdid=channel&genre=ROKU_ADS_CONTENT_GENRE&content_rating=ROKU_ADS_CONTENT_RATING&studio_id=viacom&channel_id=channel
Anime – Pluto TV,https://service-stitcher.clusters.pluto.tv/v1/stitch/embed/hls/channel/65b90daed77d450008a43345/master.m3u8?deviceId=channel&deviceModel=web&deviceVersion=1.0&appVersion=1.0&deviceType=rokuChannel&deviceMake=rokuChannel&deviceDNT=1&advertisingId=channel&embedPartner=rokuChannel&appName=rokuchannel&is_lat=1&bmodel=bm1&content=channel&platform=web&tags=ROKU_CONTENT_TAGS&coppa=false&content_type=livefeed&rdid=channel&genre=ROKU_ADS_CONTENT_GENRE&content_rating=ROKU_ADS_CONTENT_RATING&studio_id=viacom&channel_id=channel
Avatar – Pluto TV,https://service-stitcher.clusters.pluto.tv/v1/stitch/embed/hls/channel/624da1cd2af90c0007c13205/master.m3u8?deviceId=channel&deviceModel=web&deviceVersion=1.0&appVersion=1.0&deviceType=rokuChannel&deviceMake=rokuChannel&deviceDNT=1&advertisingId=channel&embedPartner=rokuChannel&appName=rokuchannel&is_lat=1&bmodel=bm1&content=channel&platform=web&tags=ROKU_CONTENT_TAGS&coppa=false&content_type=livefeed&rdid=channel&genre=ROKU_ADS_CONTENT_GENRE&content_rating=ROKU_ADS_CONTENT_RATING&studio_id=viacom&channel_id=channel
Inazuma Eleven – Pluto TV,https://service-stitcher.clusters.pluto.tv/v1/stitch/embed/hls/channel/612375086abc84000738fc03/master.m3u8?deviceId=channel&deviceModel=web&deviceVersion=1.0&appVersion=1.0&deviceType=rokuChannel&deviceMake=rokuChannel&deviceDNT=1&advertisingId=channel&embedPartner=rokuChannel&appName=rokuchannel&is_lat=1&bmodel=bm1&content=channel&platform=web&tags=ROKU_CONTENT_TAGS&coppa=false&content_type=livefeed&rdid=channel&genre=ROKU_ADS_CONTENT_GENRE&content_rating=ROKU_ADS_CONTENT_RATING&studio_id=viacom&channel_id=channel
Super! Rugrats – Pluto TV,https://service-stitcher.clusters.pluto.tv/v1/stitch/embed/hls/channel/62e8ddbbaed0390007b258a6/master.m3u8?deviceId=channel&deviceModel=web&deviceVersion=1.0&appVersion=1.0&deviceType=rokuChannel&deviceMake=rokuChannel&deviceDNT=1&advertisingId=channel&embedPartner=rokuChannel&appName=rokuchannel&is_lat=1&bmodel=bm1&content=channel&platform=web&tags=ROKU_CONTENT_TAGS&coppa=false&content_type=livefeed&rdid=channel&genre=ROKU_ADS_CONTENT_GENRE&content_rating=ROKU_ADS_CONTENT_RATING&studio_id=viacom&channel_id=channel
Teenage Mutant Ninja Turtles – Pluto TV,https://service-stitcher.clusters.pluto.tv/v1/stitch/embed/hls/channel/62619405c733e8000732d1fe/master.m3u8?deviceId=channel&deviceModel=web&deviceVersion=1.0&appVersion=1.0&deviceType=rokuChannel&deviceMake=rokuChannel&deviceDNT=1&advertisingId=channel&embedPartner=rokuChannel&appName=rokuchannel&is_lat=1&bmodel=bm1&content=channel&platform=web&tags=ROKU_CONTENT_TAGS&coppa=false&content_type=livefeed&rdid=channel&genre=ROKU_ADS_CONTENT_GENRE&content_rating=ROKU_ADS_CONTENT_RATING&studio_id=viacom&channel_id=channel
Super! Icarly – Pluto TV,https://service-stitcher.clusters.pluto.tv/v1/stitch/embed/hls/channel/609401db8cf51c00084b592e/master.m3u8?deviceId=channel&deviceModel=web&deviceVersion=1.0&appVersion=1.0&deviceType=rokuChannel&deviceMake=rokuChannel&deviceDNT=1&advertisingId=channel&embedPartner=rokuChannel&appName=rokuchannel&is_lat=1&bmodel=bm1&content=channel&platform=web&tags=ROKU_CONTENT_TAGS&coppa=false&content_type=livefeed&rdid=channel&genre=ROKU_ADS_CONTENT_GENRE&content_rating=ROKU_ADS_CONTENT_RATING&studio_id=viacom&channel_id=channel
Super! Victorious – Pluto TV,https://service-stitcher.clusters.pluto.tv/v1/stitch/embed/hls/channel/63c012504faf1c0007abfa93/master.m3u8?deviceId=channel&deviceModel=web&deviceVersion=1.0&appVersion=1.0&deviceType=rokuChannel&deviceMake=rokuChannel&deviceDNT=1&advertisingId=channel&embedPartner=rokuChannel&appName=rokuchannel&is_lat=1&bmodel=bm1&content=channel&platform=web&tags=ROKU_CONTENT_TAGS&coppa=false&content_type=livefeed&rdid=channel&genre=ROKU_ADS_CONTENT_GENRE&content_rating=ROKU_ADS_CONTENT_RATING&studio_id=viacom&channel_id=channel
Super! Zoey 101 – Pluto TV,https://service-stitcher.clusters.pluto.tv/v1/stitch/embed/hls/channel/6304ed62410a4c00083c0291/master.m3u8?deviceId=channel&deviceModel=web&deviceVersion=1.0&appVersion=1.0&deviceType=rokuChannel&deviceMake=rokuChannel&deviceDNT=1&advertisingId=channel&embedPartner=rokuChannel&appName=rokuchannel&is_lat=1&bmodel=bm1&content=channel&platform=web&tags=ROKU_CONTENT_TAGS&coppa=false&content_type=livefeed&rdid=channel&genre=ROKU_ADS_CONTENT_GENRE&content_rating=ROKU_ADS_CONTENT_RATING&studio_id=viacom&channel_id=channel
Super! POP – Pluto TV,https://service-stitcher.clusters.pluto.tv/v1/stitch/embed/hls/channel/6093f7b5bb49b90007cecaad/master.m3u8?deviceId=channel&deviceModel=web&deviceVersion=1.0&appVersion=1.0&deviceType=rokuChannel&deviceMake=rokuChannel&deviceDNT=1&advertisingId=channel&embedPartner=rokuChannel&appName=rokuchannel&is_lat=1&bmodel=bm1&content=channel&platform=web&tags=ROKU_CONTENT_TAGS&coppa=false&content_type=livefeed&rdid=channel&genre=ROKU_ADS_CONTENT_GENRE&content_rating=ROKU_ADS_CONTENT_RATING&studio_id=viacom&channel_id=channel
Super! Gaming – Pluto TV,https://service-stitcher.clusters.pluto.tv/v1/stitch/embed/hls/channel/626192c51c279b00072c4553/master.m3u8?deviceId=channel&deviceModel=web&deviceVersion=1.0&appVersion=1.0&deviceType=rokuChannel&deviceMake=rokuChannel&deviceDNT=1&advertisingId=channel&embedPartner=rokuChannel&appName=rokuchannel&is_lat=1&bmodel=bm1&content=channel&platform=web&tags=ROKU_CONTENT_TAGS&coppa=false&content_type=livefeed&rdid=channel&genre=ROKU_ADS_CONTENT_GENRE&content_rating=ROKU_ADS_CONTENT_RATING&studio_id=viacom&channel_id=channel
Super! Girl Power – Pluto TV,https://service-stitcher.clusters.pluto.tv/v1/stitch/embed/hls/channel/636a4ce50728d200072eebe7/master.m3u8?deviceId=channel&deviceModel=web&deviceVersion=1.0&appVersion=1.0&deviceType=rokuChannel&deviceMake=rokuChannel&deviceDNT=1&advertisingId=channel&embedPartner=rokuChannel&appName=rokuchannel&is_lat=1&bmodel=bm1&content=channel&platform=web&tags=ROKU_CONTENT_TAGS&coppa=false&content_type=livefeed&rdid=channel&genre=ROKU_ADS_CONTENT_GENRE&content_rating=ROKU_ADS_CONTENT_RATING&studio_id=viacom&channel_id=channel
Super! Intervallo – Pluto TV,https://service-stitcher.clusters.pluto.tv/v1/stitch/embed/hls/channel/62619544b1bf740007b4154b/master.m3u8?deviceId=channel&deviceModel=web&deviceVersion=1.0&appVersion=1.0&deviceType=rokuChannel&deviceMake=rokuChannel&deviceDNT=1&advertisingId=channel&embedPartner=rokuChannel&appName=rokuchannel&is_lat=1&bmodel=bm1&content=channel&platform=web&tags=ROKU_CONTENT_TAGS&coppa=false&content_type=livefeed&rdid=channel&genre=ROKU_ADS_CONTENT_GENRE&content_rating=ROKU_ADS_CONTENT_RATING&studio_id=viacom&channel_id=channel
Super! Spyders – Pluto TV,https://service-stitcher.clusters.pluto.tv/v1/stitch/embed/hls/channel/655207f8b9c8a700082c7951/master.m3u8?deviceId=channel&deviceModel=web&deviceVersion=1.0&appVersion=1.0&deviceType=rokuChannel&deviceMake=rokuChannel&deviceDNT=1&advertisingId=channel&embedPartner=rokuChannel&appName=rokuchannel&is_lat=1&bmodel=bm1&content=channel&platform=web&tags=ROKU_CONTENT_TAGS&coppa=false&content_type=livefeed&rdid=channel&genre=ROKU_ADS_CONTENT_GENRE&content_rating=ROKU_ADS_CONTENT_RATING&studio_id=viacom&channel_id=channel
Kids – Pluto TV,https://service-stitcher.clusters.pluto.tv/v1/stitch/embed/hls/channel/62444e195d2ab7000861694b/master.m3u8?deviceId=channel&deviceModel=web&deviceVersion=1.0&appVersion=1.0&deviceType=rokuChannel&deviceMake=rokuChannel&deviceDNT=1&advertisingId=channel&embedPartner=rokuChannel&appName=rokuchannel&is_lat=1&bmodel=bm1&content=channel&platform=web&tags=ROKU_CONTENT_TAGS&coppa=false&content_type=livefeed&rdid=channel&genre=ROKU_ADS_CONTENT_GENRE&content_rating=ROKU_ADS_CONTENT_RATING&studio_id=viacom&channel_id=channel
Kids Ukraine – Pluto TV,https://service-stitcher.clusters.pluto.tv/v1/stitch/embed/hls/channel/622a2d8da9d8210007d918c2/master.m3u8?deviceId=channel&deviceModel=web&deviceVersion=1.0&appVersion=1.0&deviceType=rokuChannel&deviceMake=rokuChannel&deviceDNT=1&advertisingId=channel&embedPartner=rokuChannel&appName=rokuchannel&is_lat=1&bmodel=bm1&content=channel&platform=web&tags=ROKU_CONTENT_TAGS&coppa=false&content_type=livefeed&rdid=channel&genre=ROKU_ADS_CONTENT_GENRE&content_rating=ROKU_ADS_CONTENT_RATING&studio_id=viacom&channel_id=channel
Super! Star – Pluto TV,https://service-stitcher.clusters.pluto.tv/v1/stitch/embed/hls/channel/6093f6f8351eb0000754afb8/master.m3u8?deviceId=channel&deviceModel=web&deviceVersion=1.0&appVersion=1.0&deviceType=rokuChannel&deviceMake=rokuChannel&deviceDNT=1&advertisingId=channel&embedPartner=rokuChannel&appName=rokuchannel&is_lat=1&bmodel=bm1&content=channel&platform=web&tags=ROKU_CONTENT_TAGS&coppa=false&content_type=livefeed&rdid=channel&genre=ROKU_ADS_CONTENT_GENRE&content_rating=ROKU_ADS_CONTENT_RATING&studio_id=viacom&channel_id=channel
Super! Risate – Pluto TV,https://service-stitcher.clusters.pluto.tv/v1/stitch/embed/hls/channel/63eb573ba99571000897135b/master.m3u8?deviceId=channel&deviceModel=web&deviceVersion=1.0&appVersion=1.0&deviceType=rokuChannel&deviceMake=rokuChannel&deviceDNT=1&advertisingId=channel&embedPartner=rokuChannel&appName=rokuchannel&is_lat=1&bmodel=bm1&content=channel&platform=web&tags=ROKU_CONTENT_TAGS&coppa=false&content_type=livefeed&rdid=channel&genre=ROKU_ADS_CONTENT_GENRE&content_rating=ROKU_ADS_CONTENT_RATING&studio_id=viacom&channel_id=channel
Super! Brothers and Sisters – Pluto TV,https://service-stitcher.clusters.pluto.tv/v1/stitch/embed/hls/channel/61925ea79541940007d20881/master.m3u8?deviceId=channel&deviceModel=web&deviceVersion=1.0&appVersion=1.0&deviceType=rokuChannel&deviceMake=rokuChannel&deviceDNT=1&advertisingId=channel&embedPartner=rokuChannel&appName=rokuchannel&is_lat=1&bmodel=bm1&content=channel&platform=web&tags=ROKU_CONTENT_TAGS&coppa=false&content_type=livefeed&rdid=channel&genre=ROKU_ADS_CONTENT_GENRE&content_rating=ROKU_ADS_CONTENT_RATING&studio_id=viacom&channel_id=channel
VH1+ Music Legends – Pluto TV,https://service-stitcher.clusters.pluto.tv/v1/stitch/embed/hls/channel/62e8cc10ca869f00078efca8/master.m3u8?deviceId=channel&deviceModel=web&deviceVersion=1.0&appVersion=1.0&deviceType=rokuChannel&deviceMake=rokuChannel&deviceDNT=1&advertisingId=channel&embedPartner=rokuChannel&appName=rokuchannel&is_lat=1&bmodel=bm1&content=channel&platform=web&tags=ROKU_CONTENT_TAGS&coppa=false&content_type=livefeed&rdid=channel&genre=ROKU_ADS_CONTENT_GENRE&content_rating=ROKU_ADS_CONTENT_RATING&studio_id=viacom&channel_id=channel
VH1+ Back to 90's – Pluto TV,https://service-stitcher.clusters.pluto.tv/v1/stitch/embed/hls/channel/6552085aab05240008b05f6c/master.m3u8?deviceId=channel&deviceModel=web&deviceVersion=1.0&appVersion=1.0&deviceType=rokuChannel&deviceMake=rokuChannel&deviceDNT=1&advertisingId=channel&embedPartner=rokuChannel&appName=rokuchannel&is_lat=1&bmodel=bm1&content=channel&platform=web&tags=ROKU_CONTENT_TAGS&coppa=false&content_type=livefeed&rdid=channel&genre=ROKU_ADS_CONTENT_GENRE&content_rating=ROKU_ADS_CONTENT_RATING&studio_id=viacom&channel_id=channel
VH1+ Rock! – Pluto TV,https://service-stitcher.clusters.pluto.tv/v1/stitch/embed/hls/channel/636a4173e34fd50007534542/master.m3u8?deviceId=channel&deviceModel=web&deviceVersion=1.0&appVersion=1.0&deviceType=rokuChannel&deviceMake=rokuChannel&deviceDNT=1&advertisingId=channel&embedPartner=rokuChannel&appName=rokuchannel&is_lat=1&bmodel=bm1&content=channel&platform=web&tags=ROKU_CONTENT_TAGS&coppa=false&content_type=livefeed&rdid=channel&genre=ROKU_ADS_CONTENT_GENRE&content_rating=ROKU_ADS_CONTENT_RATING&studio_id=viacom&channel_id=channel
VH1+ Canzoni Italiane – Pluto TV,https://service-stitcher.clusters.pluto.tv/v1/stitch/embed/hls/channel/63724270c7c2360007b170e8/master.m3u8?deviceId=channel&deviceModel=web&deviceVersion=1.0&appVersion=1.0&deviceType=rokuChannel&deviceMake=rokuChannel&deviceDNT=1&advertisingId=channel&embedPartner=rokuChannel&appName=rokuchannel&is_lat=1&bmodel=bm1&content=channel&platform=web&tags=ROKU_CONTENT_TAGS&coppa=false&content_type=livefeed&rdid=channel&genre=ROKU_ADS_CONTENT_GENRE&content_rating=ROKU_ADS_CONTENT_RATING&studio_id=viacom&channel_id=channel
VH1+ Hip Hop & Rap – Pluto TV,https://service-stitcher.clusters.pluto.tv/v1/stitch/embed/hls/channel/6465fef47cb4b100086ee7bd/master.m3u8?deviceId=channel&deviceModel=web&deviceVersion=1.0&appVersion=1.0&deviceType=rokuChannel&deviceMake=rokuChannel&deviceDNT=1&advertisingId=channel&embedPartner=rokuChannel&appName=rokuchannel&is_lat=1&bmodel=bm1&content=channel&platform=web&tags=ROKU_CONTENT_TAGS&coppa=false&content_type=livefeed&rdid=channel&genre=ROKU_ADS_CONTENT_GENRE&content_rating=ROKU_ADS_CONTENT_RATING&studio_id=viacom&channel_id=channel
Deluxe Lounge HD – Pluto TV,https://service-stitcher.clusters.pluto.tv/v1/stitch/embed/hls/channel/6278ec6c33d85a00077ad814/master.m3u8?deviceId=channel&deviceModel=web&deviceVersion=1.0&appVersion=1.0&deviceType=rokuChannel&deviceMake=rokuChannel&deviceDNT=1&advertisingId=channel&embedPartner=rokuChannel&appName=rokuchannel&is_lat=1&bmodel=bm1&content=channel&platform=web&tags=ROKU_CONTENT_TAGS&coppa=false&content_type=livefeed&rdid=channel&genre=ROKU_ADS_CONTENT_GENRE&content_rating=ROKU_ADS_CONTENT_RATING&studio_id=viacom&channel_id=channel
K-Pop – Pluto TV,https://service-stitcher.clusters.pluto.tv/v1/stitch/embed/hls/channel/60c8b75fb0a68400074b86fc/master.m3u8?deviceId=channel&deviceModel=web&deviceVersion=1.0&appVersion=1.0&deviceType=rokuChannel&deviceMake=rokuChannel&deviceDNT=1&advertisingId=channel&embedPartner=rokuChannel&appName=rokuchannel&is_lat=1&bmodel=bm1&content=channel&platform=web&tags=ROKU_CONTENT_TAGS&coppa=false&content_type=livefeed&rdid=channel&genre=ROKU_ADS_CONTENT_GENRE&content_rating=ROKU_ADS_CONTENT_RATING&studio_id=viacom&channel_id=channel
Fireplace – Pluto TV,https://service-stitcher.clusters.pluto.tv/v1/stitch/embed/hls/channel/612ce23f51cce000078eeed5/master.m3u8?deviceId=channel&deviceModel=web&deviceVersion=1.0&appVersion=1.0&deviceType=rokuChannel&deviceMake=rokuChannel&deviceDNT=1&advertisingId=channel&embedPartner=rokuChannel&appName=rokuchannel&is_lat=1&bmodel=bm1&content=channel&platform=web&tags=ROKU_CONTENT_TAGS&coppa=false&content_type=livefeed&rdid=channel&genre=ROKU_ADS_CONTENT_GENRE&content_rating=ROKU_ADS_CONTENT_RATING&studio_id=viacom&channel_id=channel
Euronews – Pluto TV,https://service-stitcher.clusters.pluto.tv/v1/stitch/embed/hls/channel/61b86ea479a4390007c6d5fc/master.m3u8?deviceId=channel&deviceModel=web&deviceVersion=1.0&appVersion=1.0&deviceType=rokuChannel&deviceMake=rokuChannel&deviceDNT=1&advertisingId=channel&embedPartner=rokuChannel&appName=rokuchannel&is_lat=1&bmodel=bm1&content=channel&platform=web&tags=ROKU_CONTENT_TAGS&coppa=false&content_type=livefeed&rdid=channel&genre=ROKU_ADS_CONTENT_GENRE&content_rating=ROKU_ADS_CONTENT_RATING&studio_id=viacom&channel_id=channel
CBS News – Pluto TV,https://service-stitcher.clusters.pluto.tv/v1/stitch/embed/hls/channel/6231ec4b62cd1f0007093c7b/master.m3u8?deviceId=channel&deviceModel=web&deviceVersion=1.0&appVersion=1.0&deviceType=rokuChannel&deviceMake=rokuChannel&deviceDNT=1&advertisingId=channel&embedPartner=rokuChannel&appName=rokuchannel&is_lat=1&bmodel=bm1&content=channel&platform=web&tags=ROKU_CONTENT_TAGS&coppa=false&content_type=livefeed&rdid=channel&genre=ROKU_ADS_CONTENT_GENRE&content_rating=ROKU_ADS_CONTENT_RATING&studio_id=viacom&channel_id=channel
Cucina – Pluto TV,https://service-stitcher.clusters.pluto.tv/v1/stitch/embed/hls/channel/608aa718a8ec810007d87fee/master.m3u8?deviceId=channel&deviceModel=web&deviceVersion=1.0&appVersion=1.0&deviceType=rokuChannel&deviceMake=rokuChannel&deviceDNT=1&advertisingId=channel&embedPartner=rokuChannel&appName=rokuchannel&is_lat=1&bmodel=bm1&content=channel&platform=web&tags=ROKU_CONTENT_TAGS&coppa=false&content_type=livefeed&rdid=channel&genre=ROKU_ADS_CONTENT_GENRE&content_rating=ROKU_ADS_CONTENT_RATING&studio_id=viacom&channel_id=channel
Real life – Pluto TV,https://service-stitcher.clusters.pluto.tv/v1/stitch/embed/hls/channel/60801976f92a750007a0699c/master.m3u8?deviceId=channel&deviceModel=web&deviceVersion=1.0&appVersion=1.0&deviceType=rokuChannel&deviceMake=rokuChannel&deviceDNT=1&advertisingId=channel&embedPartner=rokuChannel&appName=rokuchannel&is_lat=1&bmodel=bm1&content=channel&platform=web&tags=ROKU_CONTENT_TAGS&coppa=false&content_type=livefeed&rdid=channel&genre=ROKU_ADS_CONTENT_GENRE&content_rating=ROKU_ADS_CONTENT_RATING&studio_id=viacom&channel_id=channel
Naturescape – Pluto TV,https://service-stitcher.clusters.pluto.tv/v1/stitch/embed/hls/channel/610a9ebe8c2ac2000734776e/master.m3u8?deviceId=channel&deviceModel=web&deviceVersion=1.0&appVersion=1.0&deviceType=rokuChannel&deviceMake=rokuChannel&deviceDNT=1&advertisingId=channel&embedPartner=rokuChannel&appName=rokuchannel&is_lat=1&bmodel=bm1&content=channel&platform=web&tags=ROKU_CONTENT_TAGS&coppa=false&content_type=livefeed&rdid=channel&genre=ROKU_ADS_CONTENT_GENRE&content_rating=ROKU_ADS_CONTENT_RATING&studio_id=viacom&channel_id=channel
Natura – Pluto TV,https://service-stitcher.clusters.pluto.tv/v1/stitch/embed/hls/channel/60802b37709d6b0007b0c549/master.m3u8?deviceId=channel&deviceModel=web&deviceVersion=1.0&appVersion=1.0&deviceType=rokuChannel&deviceMake=rokuChannel&deviceDNT=1&advertisingId=channel&embedPartner=rokuChannel&appName=rokuchannel&is_lat=1&bmodel=bm1&content=channel&platform=web&tags=ROKU_CONTENT_TAGS&coppa=false&content_type=livefeed&rdid=channel&genre=ROKU_ADS_CONTENT_GENRE&content_rating=ROKU_ADS_CONTENT_RATING&studio_id=viacom&channel_id=channel
Storia – Pluto TV,https://service-stitcher.clusters.pluto.tv/v1/stitch/embed/hls/channel/65253fdf3fd33c00080214a3/master.m3u8?deviceId=channel&deviceModel=web&deviceVersion=1.0&appVersion=1.0&deviceType=rokuChannel&deviceMake=rokuChannel&deviceDNT=1&advertisingId=channel&embedPartner=rokuChannel&appName=rokuchannel&is_lat=1&bmodel=bm1&content=channel&platform=web&tags=ROKU_CONTENT_TAGS&coppa=false&content_type=livefeed&rdid=channel&genre=ROKU_ADS_CONTENT_GENRE&content_rating=ROKU_ADS_CONTENT_RATING&studio_id=viacom&channel_id=channel
Documentari – Pluto TV,https://service-stitcher.clusters.pluto.tv/v1/stitch/embed/hls/channel/608aa8a5709d6b0007b132fe/master.m3u8?deviceId=channel&deviceModel=web&deviceVersion=1.0&appVersion=1.0&deviceType=rokuChannel&deviceMake=rokuChannel&deviceDNT=1&advertisingId=channel&embedPartner=rokuChannel&appName=rokuchannel&is_lat=1&bmodel=bm1&content=channel&platform=web&tags=ROKU_CONTENT_TAGS&coppa=false&content_type=livefeed&rdid=channel&genre=ROKU_ADS_CONTENT_GENRE&content_rating=ROKU_ADS_CONTENT_RATING&studio_id=viacom&channel_id=channel
Viaggi – Pluto TV,https://service-stitcher.clusters.pluto.tv/v1/stitch/embed/hls/channel/63c923944207be0007fd0887/master.m3u8?deviceId=channel&deviceModel=web&deviceVersion=1.0&appVersion=1.0&deviceType=rokuChannel&deviceMake=rokuChannel&deviceDNT=1&advertisingId=channel&embedPartner=rokuChannel&appName=rokuchannel&is_lat=1&bmodel=bm1&content=channel&platform=web&tags=ROKU_CONTENT_TAGS&coppa=false&content_type=livefeed&rdid=channel&genre=ROKU_ADS_CONTENT_GENRE&content_rating=ROKU_ADS_CONTENT_RATING&studio_id=viacom&channel_id=channel
House of Docs – Pluto TV,https://service-stitcher.clusters.pluto.tv/v1/stitch/embed/hls/channel/6536608b4f123d000876b78b/master.m3u8?deviceId=channel&deviceModel=web&deviceVersion=1.0&appVersion=1.0&deviceType=rokuChannel&deviceMake=rokuChannel&deviceDNT=1&advertisingId=channel&embedPartner=rokuChannel&appName=rokuchannel&is_lat=1&bmodel=bm1&content=channel&platform=web&tags=ROKU_CONTENT_TAGS&coppa=false&content_type=livefeed&rdid=channel&genre=ROKU_ADS_CONTENT_GENRE&content_rating=ROKU_ADS_CONTENT_RATING&studio_id=viacom&channel_id=channel
Le vite degli altri – Pluto TV,https://service-stitcher.clusters.pluto.tv/v1/stitch/embed/hls/channel/653660b4295b840008a70ba3/master.m3u8?deviceId=channel&deviceModel=web&deviceVersion=1.0&appVersion=1.0&deviceType=rokuChannel&deviceMake=rokuChannel&deviceDNT=1&advertisingId=channel&embedPartner=rokuChannel&appName=rokuchannel&is_lat=1&bmodel=bm1&content=channel&platform=web&tags=ROKU_CONTENT_TAGS&coppa=false&content_type=livefeed&rdid=channel&genre=ROKU_ADS_CONTENT_GENRE&content_rating=ROKU_ADS_CONTENT_RATING&studio_id=viacom&channel_id=channel
00s Replay,https://jmp2.uk/plu-62ba60f059624e000781c436.m3u8
1+1 International,http://158.101.222.193:88/georgia_play.php?id=1plus1international
1+1 International HD (720p),https://dash2.antik.sk/live/test_one_plus_one_int_tizen/playlist.m3u8
1+1 Marafon (1080p),https://dash2.antik.sk/live/1plus1_marathon/playlist.m3u8
1+1 Ukraina (1080p),http://stream.mcquack.net/219/index.m3u8
1-2-3 TV (270p),https://123tv-mx1.flex-cdn.net/index.m3u8
1Almere TV (720p),https://d3472rjicrodic.cloudfront.net/nlpo/clr-nlpo/709d5260/index.m3u8
1KZN TV (576p),https://cdn.freevisiontv.co.za/sttv/smil:1kzn.stream.smil/playlist.m3u8
1TV (720p),https://tv.cdn.xsg.ge/gpb-1tv/index.m3u8
1Twente TV (1080p),https://ms7.mx-cd.net/dtv-11/198-989148/1Twente_TV.smil/chunklist_w954512639_b4292608_slNLD.m3u8
2+2 (1080p),http://stream.mcquack.net/173/index.m3u8
2+2 Marathon (1080p),https://lowa8026-cmyk.github.io/Ukraine/Edyni_Novyny/2Plus2Marafon.m3u8
2GB Sydney (1080p),https://2gblive.akamaized.net/hls/live/2033805/2GB/index.m3u8
2M,http://185.9.2.18/chid_218/index.m3u8
2M Monde (360p),https://cdn-globecast.akamaized.net/live/eds/2m_monde/hls_video_ts_tuhawxpiemz257adfc/2m_monde.m3u8
2M Monde +1 (1080p),https://d2qh3gh0k5vp3v.cloudfront.net/v1/master/3722c60a815c199d9c0ef36c5b73da68a62b09d1/cc-n6pess5lwbghr/2M_ES.m3u8
2STV (720p),http://69.64.57.208/2stv/playlist.m3u8
2TV (720p),https://tv.cdn.xsg.ge/gpb-2tv/index.m3u8
2x2 (576i),https://bl.rutube.ru/livestream/392b4686b770bae2da6bf5ac4574add5/index.m3u8?e=2068731801&s=tenr-yHXUv1wibfka78s2A&scheme=https
3ABN Canada (720p),https://3abn.bozztv.com/3abncanada/3ABN/master.m3u8
3ABN Dare To Dream Network,https://3abn.bozztv.com/3abn2/d2d_live/smil:d2d_live.smil/playlist.m3u8
3ABN English,https://3abn.bozztv.com/3abn2/3abn_live/smil:3abn_live.smil/playlist.m3u8
3ABN French,https://3abn.bozztv.com/3abn2/Fre_live/smil:Fre_live.smil/playlist.m3u8
3ABN International Network,https://3abn.bozztv.com/3abn2/Int_live/smil:Int_live.smil/playlist.m3u8
3ABN Kids Network,https://3abn.bozztv.com/3abn2/Kids_live/smil:Kids_live.smil/playlist.m3u8
3ABN Latino,https://3abn.bozztv.com/3abn2/Lat_live/smil:Lat_live.smil/playlist.m3u8
3ABN Praise Him Music Network,https://3abn.bozztv.com/3abn1/PraiseHim/smil:PraiseHim.smil/playlist.m3u8
3ABN Proclaim! Network,https://3abn.bozztv.com/3abn2/Pro_live/smil:Pro_live.smil/playlist.m3u8
3ABN TV Uganda (720p) [Not 24/7],https://3abn.bozztv.com/3abn/3abn_uganda_live/index.m3u8
3AW Melbourne (1080p),https://3awlive.akamaized.net/hls/live/2032295/3AW/index.m3u8
3Cat Càmeres del temps (1080p),https://directes-tv-int.3catdirectes.cat/live-content/beauties-hls/master.m3u8
3Cat El búnquer (1080p),https://fast-tailor.3catdirectes.cat/v1/channel/bunquer/hls.m3u8
3Cat Exclusiu 1 (1080p) [Geo-blocked],https://directes-tv-cat.3catdirectes.cat/live-content/oca1-hls/master.m3u8
3Cat Exclusiu 2 (1080p) [Geo-blocked],https://directes-tv-cat.3catdirectes.cat/live-content/oca2-hls/master.m3u8
3Cat Exclusiu 3 (1080p) [Geo-blocked],https://directes-tv-cat.3catdirectes.cat/live-content/oca3-hls/master.m3u8
3Cat Plats bruts (1080p),https://fast-tailor.3catdirectes.cat/v1/channel/ccma-channel2/hls.m3u8
3CatInfo (1080p),https://directes-tv-int.3catdirectes.cat/live-origin/canal324-hls/master.m3u8
3HD,https://live-us1.thaimomo.com/live-as/ch3hd-3/playlist.m3u8
3point.dk,https://jmp2.uk/plu-65b915780cb1a1000889b837.m3u8
3sat (720p) [Geo-blocked],https://zdf-hls-18.akamaized.net/hls/live/2016501/dach/high/master.m3u8
3 Stones TV (240p) [Not 24/7],https://goliveafrica.media:9998/live/64d21e682fd26/index.m3u8
4 Afghanistan,https://4afghls.persiana.live/hls/stream.m3u8
4DmásNoticias TV (1080p) [Not 24/7],https://rds3.desdeparaguay.net/4dmasnoticiastv/4dmasnoticiastv/playlist.m3u8
4E (1080p),http://eu2.tv4e.gr:554/live/smil:myStream.sdp.smil/playlist.m3u8
4 Fun Kids (576i) [[Not 24/7]],https://stream.4fun.tv:8889/hls/4fk_high/index.m3u8
4 Fun TV (576i) [Not 24/7],https://stream.4fun.tv:8888/hls/4f_high/index.m3u8
4K Travel TV (1080p),https://streams2.sofast.tv/sofastplayout/33c31ac4-51fa-46ae-afd0-0d1fe5e60a80_0_HLS/master.m3u8
4Kids TV (576p),http://tvsen5.aynascope.net/4KidsTV/index.m3u8
4 Kurd,https://4kuhls.persiana.live/hls/stream.m3u8
4TV News (576p),https://cdn-4.pishow.tv/live/1007/master.m3u8
4U TV (720p),https://hls.4utv.live/hls/stream.m3u8
4UV (1080p),https://d3qg1liq0unuxm.cloudfront.net/4UV.m3u8
5-Minute Craft (1080p),https://soul-5mincrafteng-rakuten.amagi.tv/playlist.m3u8
5AAB TV (720p) [Not 24/7],http://158.69.124.9:1935/5aabtv/5aabtv/playlist.m3u8
5 Cops,https://jmp2.uk/plu-5d2c571faeb3e2738ae27933.m3u8
5 Emergency Rescue,https://jmp2.uk/plu-63c1384e829c850007922ca4.m3u8
5 Exploring Britain,https://jmp2.uk/plu-5ddf901280e3550009139c86.m3u8
5 minut tishiny (1080p),https://cdn-dvr.ntv.ru/5_minut_tishiny/index.m3u8
5 Plus (720p),https://mmtvs.exliatycl.online/5plus/stream.m3u8
5Sport (1080p),http://stream.mcquack.net/41/index.m3u8
5 Trucking Hell,https://jmp2.uk/plu-656df2849d5ac400083be647.m3u8
5TV Corrientes (480p) [Not 24/7],http://www.coninfo.net:1935/tvcinco/live1/playlist.m3u8
6PR Perth (1080p),https://6prlive.akamaized.net/hls/live/2033806/6PR/index.m3u8
6 sotok (1080p),http://stream.mcquack.net/405/index.m3u8
6ter (1080p),http://145.239.5.177/314/index.m3u8
6 TV Telugu (576p),https://cdn-1.pishow.tv/live/232/master.m3u8
6 Wise Tv (720p),https://live.enhdtv.com:8081/8150/index.m3u8
7/8 TV,http://213.91.179.28:8000/play/a0cn
7 Info,https://video1.getstreamhosting.com:1936/8042/8042/playlist.m3u8
7 RadioVisione (720p),https://stream10.xdevel.com/video1s976543-1932/stream/playlist.m3u8
7S Music (576p),https://mumt03.tangotv.in/Dsly5z3H7SMUSIC/index.m3u8
7 TeleValencia (576p),https://play.cdn.enetres.net/9E9557EFCEBB43A89CEC8FBD3C500247022/028/playlist.m3u8
7th Heaven,https://jmp2.uk/plu-6728c9c85534bb0008b320a4.m3u8
7th Heaven,https://jmp2.uk/plu-6728ca75529ac9000830ab14.m3u8
7th Heaven,https://jmp2.uk/plu-6728cab6e482950008b76d8c.m3u8
7TV (576p),http://31.148.48.15/7TV/index.m3u8
7 YOU & ME (720p),https://stream10.xdevel.com/video0s977798-2239/stream/playlist.m3u8
8 La Marina TV (576p),https://streaming005.gestec-video.com/hls/canal24.m3u8
8NTV (1080p),https://60417ddeaf0d9.streamlock.net/ntv/videontv/playlist.m3u8
8 Out Of 10 Cats (1080p),https://d1l7vcuh4hn9ei.cloudfront.net/8OutOf10Cats_GB.m3u8
8 Out of 10 Cats (1080p) [Geo-blocked],https://amg00627-amg00627c37-samsung-au-4294.playouts.now.amagi.tv/playlist/amg00627-banijayfast-8outof10cats-samsungau/playlist.m3u8
8 Out of 10 Cats (1080p) [Geo-blocked],https://amg00627-amg00627c37-samsung-nz-4295.playouts.now.amagi.tv/playlist.m3u8
8TV,http://cdn6.163189.xyz/163189/8tv
8XM (576p),http://115.42.65.142:9981/stream/channelid/582886861
9Gem (720p) [Geo-blocked],https://9now-livestreams.akamaized.net/hls/live/2008311/gem-syd/master.m3u8
9Go! (720p) [Geo-blocked],https://9now-livestreams.akamaized.net/hls/live/2008312/go-syd/master.m3u8
9 la Loma TV (1080p) [Geo-blocked],https://9laloma.tv/live.m3u8
9Life (720p) [Geo-blocked],https://9now-livestreams.akamaized.net/hls/live/2008313/life-syd/master.m3u8
9X Jalwa (1080p),https://b.jsrdn.com/strm/channels/9xjalwa/master.m3u8
9X Jhakaas (1080p),https://amg01281-9xmediapvtltd-9xjhakaas-samsungin-ci2cs.amagi.tv/playlist/amg01281-9xmediapvtltd-9xjhakaas-samsungin/playlist.m3u8
9X Tashan (1080p),https://amg01281-9xmediapvtltd-9xtashan-samsungin-xz1sd.amagi.tv/playlist/amg01281-9xmediapvtltd-9xtashan-samsungin/playlist.m3u8
9XM (1080p),https://9xjio.wiseplayout.com/9XM/master.m3u8
10 Bold Adelaide (1080p),https://dce3793146fef017.mediapackage.us-west-2.amazonaws.com/out/v1/55cdf73af7894775ba6de8f57482b66a/CMAF_HLS/index.m3u8
10 TV (720p),https://mumbai-edge.smartplaytv.in/10TV/index.m3u8
11 Kanal (720p),https://11tv-dp.cdn-04.cosmonova.net.ua/hls/11tv-dp_ua_hi/index.m3u8
12TV Alicante (720p),https://cloud.fastchannel.es/mic/manifiest/hls/12tv/12tv.m3u8
12 TV Parma (540p) [Not 24/7],https://5929b138b139d.streamlock.net/12TVParma/livestream/playlist.m3u8
12 канал (1080p),https://12channel.bonus-tv.ru/cdn/12channel/playlist.m3u8
13C (1080p),https://origin.dpsgo.com/ssai/event/GI-9cp_bT8KcerLpZwkuhw/master.m3u8
13 Entretención (720p),https://origin.dpsgo.com/ssai/event/BBp0VeP6QtOOlH8nu3bWTg/master.m3u8
13 Festival (1080p),https://origin.dpsgo.com/ssai/event/Nftd0fM2SXasfDlRphvUsg/master.m3u8
13 Humor (1080p),https://origin.dpsgo.com/ssai/event/cKWySXKgSK-SzlJmESkOWw/master.m3u8
13 Kids (1080p),https://origin.dpsgo.com/ssai/event/LhHrVtyeQkKZ-Ye_xEU75g/master.m3u8
13 Prime (720p),https://origin.dpsgo.com/ssai/event/p4mmBxEzSmKAxY1GusOHrw/master.m3u8
13 Realities (1080p),https://origin.dpsgo.com/ssai/event/g7_JOM0ORki9SR5RKHe-Kw/master.m3u8
13Rec (576p),http://45.4.1.201:8000/play/a11i/index.m3u8
13 Siam Thai (1080p),https://live.x2.co.th/live/13livetv-th.m3u8
13 Teleseries (720p),https://origin.dpsgo.com/ssai/event/f4TrySe8SoiGF8Lu3EIq1g/master.m3u8
13 Ulica (1080p),http://91.146.94.234:10001/play/a088
15+ Music (1080p),https://live.15plusmg.ru/memfs/ce3366b1-bf25-4e24-96bb-1adf0d44bd3d.m3u8
15TV (720p) [Not 24/7],https://cdn.fastocloud.com/leonel.m3u8
15.1 BPB (720p),https://v2.tustreaming.cl/enlacebpbtv/index.m3u8
16 Anni e Incinta,https://jmp2.uk/plu-60940a07d88ba90007b9cb71.m3u8
16tv Budapest (360p),https://cloudfront44.lexanetwork.com:1344/freerelay/16tv.sdp/playlist.m3u8
20,http://91.146.94.234:10001/play/a08s
20 Minutes TV (1080p),https://live-20minutestv.digiteka.com/1961167769/index.m3u8
21 Jump Street (1080p),https://cb562753.wurl.com/master/f36d25e7e52f1ba8d7e56eb859c636563214f541/UmFrdXRlblRWLWV1XzIxSnVtcFN0cmVldF9ITFM/playlist.m3u8
21 Jump Street (720p),https://d1oefjzrirx6fc.cloudfront.net/21_Jump_Street_SONO6.m3u8
21 Jump Street,https://jmp2.uk/plu-686cffbf3ffa5e0c91cdcfb3.m3u8
21 Jump Street,https://jmp2.uk/plu-699c15a9f0b71f2e2eec4393.m3u8
21 Jump Street,https://jmp2.uk/plu-699c162a684d0f308795258f.m3u8
21 Jump Street,https://jmp2.uk/plu-699c169077cdde1f05252eb9.m3u8
22Scope News (1080p),https://thelegitpro.in/HDlive/22scope/index.fmp4.m3u8
24/7 Canal de Noticias,https://panel.host-live.com:19360/cn247tv/cn247tv.m3u8
24 Horas (1080p),http://185.47.212.25:8080/24h_HD/index.m3u8
24 Hour Free Movies (720p),https://d1b5mlajbmvkjv.cloudfront.net/v1/master/9d062541f2ff39b5c0f48b743c6411d25f62fc25/UDU-DistroTV/145.m3u8?ads.vf=7FhdsxqVxOi
24 Kanal (720p),https://cdn15.live-tv.cloud/ua_infinitas_tv/news24-abr/playlist.m3u8
24KZ,https://tvcdn01.oktv.kz/tv/24kz/index.m3u8
24 News (576p),https://mumt07.tangotv.in/zHjX9OFlTWENTYFOURNEWS/index.m3u8
24 Канал (1080p),https://streamvideol1.luxnet.ua/news24/smil:news24.stream.smil/playlist.m3u8
28 kanala,https://streaming.28kanala.eus/hls/z.m3u8
30A Darcizzle Offshore (720p),https://30a-tv.com/darcizzle.m3u8
30A Georgia Hollywood Review TV (720p),https://30a-tv.com/gh.m3u8
30A Golf Kingdom (720p),https://30a-tv.com/feeds/vidaa/golf.m3u8
30A Investment Pitch (720p),https://30a-tv.com/feeds/xodglobal/30atv.m3u8
30A Lionel Nation TV,https://30a-tv.com/ln.m3u8
30A Loomered TV,https://30a-tv.com/loomer.m3u8
30A Luxe Life Discovered (720p),https://30a-tv.com/feeds/vidaa/luxelife.m3u8
30A Music (720p),https://30a-tv.com/music.m3u8
30A Ridiculous TV (720p),https://30a-tv.com/feeds/720p/63.m3u8
30A Sidewalks (720p),https://30a-tv.com/sidewalks.m3u8
30A Television Channel (720p),https://30a-tv.com/feeds/masters/30atv.m3u8
30A The Beach Show (720p),https://30a-tv.com/beachy.m3u8
30A TV Classic Movies (720p),https://30a-tv.com/feeds/pzaz/30atvmovies.m3u8
30A We Love Cars (720p),https://30a-tv.com/feeds/vidaa/cars.m3u8
31 Kanal (576p),http://stream.mcquack.net/388/index.m3u8
35MM (1080p),https://d35j504z0x2vu2.cloudfront.net/v1/master/0bc8e8376bd8417a1b6761138aa41c26c7309312/35mm/index.m3u8?ads.vf=qqy_QVwkdkC
36 TV Huacho (720p),https://live-evg10.tv360.bitel.com.pe/bitel/36tvSRT/playlist.m3u8
36.6 TV,https://dash2.antik.sk/live/test_tridsatsest_hd_atktv/playlist.m3u8
48 Hours,https://jmp2.uk/plu-62e925bc68d18a00077bb990.m3u8
48 Hours (1080p),https://dai.google.com/linear/hls/event/JUr94WL2QAiVpGNHY5n5dA/master.m3u8
48 Hours GB (720p),https://jmp2.uk/plu-6299e5afdd5833000727e795.m3u8
50 Canale,https://load-balancer.azotosolutions.com/cdnedge37/canale50/playlist.m3u8
50 Cent Action (720p),https://jmp2.uk/plu-68487fb3f212bedacf5a53e3.m3u8
51 Radio TV (480p) [Geo-blocked],http://wms.shared.streamshow.it/canale51/canale51/playlist.m3u8
60 Days In by A&E (720p),https://d2b8jic9gadlvy.cloudfront.net/v1/aenetworks_60daysin_1/samsungheadend_us/latest/main/hls/playlist.m3u8
60 Days in Jail (720p),https://39328386.wurl.com/master/f36d25e7e52f1ba8d7e56eb859c636563214f541/U2Ftc3VuZy1nYl82MERheXNJbklOVExfSExT/playlist.m3u8
60 Days in Jail,https://jmp2.uk/plu-68c8203efef6d8a2a6f13906.m3u8
60 Minutes,https://jmp2.uk/plu-66b646f9cd0d3100086af83c.m3u8
70-80 TV (1080P),https://585b674743bbb.streamlock.net/9050/9050/playlist.m3u8
70s Cinema,https://jmp2.uk/plu-5f4d878d3d19b30007d2e782.m3u8
80s Rewind,https://jmp2.uk/plu-5ca525b650be2571e3943c63.m3u8
88 Stereo (720p) [Not 24/7],http://k3.usastreams.com/CableLatino/88stereo/playlist.m3u8
90's Kids,https://jmp2.uk/plu-6452c814939a590008567a3b.m3u8
90s Kids TV 2,https://jmp2.uk/plu-6452c77ed3fdde00080eb3a8.m3u8
90s Throwback,https://jmp2.uk/plu-5f4d86f519358a00072b978e.m3u8
92 News HD (720p),http://92news.vdn.dstreamone.net/92newshd/92hd/playlist.m3u8
98.1 Pearl FM (720p),https://live2.tensila.com/pearl-v-1.pearlfm/hls/live/mystream.m3u8
99TV (720p),https://cdn-1.pishow.tv/live/1211/master.m3u8
100% Auto Moto TV (406p) [Not 24/7],http://100automoto.tv:1935/bgtv1/autotv/playlist.m3u8
100% Docs,https://amg02162-newenconnect-amg02162c2-rakuten-us-1981.playouts.now.amagi.tv/playlist/amg02162-newenconnect-100pour100docs-rakutenus/playlist.m3u8
100% News (576p),http://85.238.112.40:8810/hls_sec/239.33.16.32-.m3u8
101tv Axarquia (480p),https://www.streaming101tv.es:19360/axarquia/axarquia.m3u8
101tv Cádiz (1080p),https://streaming101tv.es:19360/cadiz/cadiz.m3u8
101tv Malaga,https://liveingesta318.cdnmedia.tv/101weblive/smil:malaga.smil/playlist.m3u8
101tv Sevilla,https://liveingesta318.cdnmedia.tv/101weblive/smil:sevilla.smil/playlist.m3u8
111 TV (720p),https://5db313b643fd8.streamlock.net/111/111/playlist.m3u8
247 Box TV,https://hls.247box.live/hls/stream.m3u8
312 Кино (406p),http://176.126.166.43:1935/live/312kino/playlist.m3u8
312 ТВ (406p),http://176.126.166.43:1935/live/312musik/playlist.m3u8
360° (1080p),https://cdn-evacoder-tv.facecast.io/evacoder_hls_hi/CkxfR1xNUAJwTgtXTBZTAJli/index.m3u8
360° Новости (1080p),https://live-vgtrksmotrim.cdnvideo.ru/vgtrksmotrim/smotrim-live-03-srt.smil/playlist.m3u8
360 RFTV (576p) [Geo-blocked],https://acceso.mediosdecostarica.com:3638/live/360rftvcrlive.m3u8
360TuneBox (1080p),https://dash3.antik.sk/live/test_360_tunebox_medium_atk/playlist.m3u8
360 TV (720p) [Not 24/7],https://turkmedya-live.ercdn.net/tv360/tv360.m3u8
365 days TV (576p),http://stream.mcquack.net/70/index.m3u8
1001 Noites (720p) [Not 24/7],https://cdn.jmvstream.com/w/LVW-8155/ngrp:LVW8155_41E1ciuCvO_all/playlist.m3u8
2900 Happiness,https://jmp2.uk/plu-6720bc6cdaad7f000872a6e2.m3u8
90210,https://jmp2.uk/plu-65a67dd13af63d0008257f17.m3u8
:Šport (1080p),http://88.212.15.27/live/test_rtvs_sport_hevc/playlist.m3u8
¡OPA! (1080i) [Geo-blocked],https://5fc584f3f19c9.streamlock.net/genteopa/videogenteopa/playlist.m3u8
&flix HD (1080p),http://103.72.101.252:8080/live/1322.m3u8
&pictures (720p),https://trs1.aynaott.com/andpictureshd/index.m3u8
&pictures HD (1080p),http://103.72.101.252:8080/live/185.m3u8
&TV International (1080p),https://amg01117-amg01117c1-amgplt0029.playout.now3.amagi.tv/playlist/amg01117-amg01117c1-amgplt0029/playlist.m3u8
&xplor HD (1080p),http://149.71.34.166:8000/play/a001/index.m3u8
+SBT Novelas (1080p) [Geo-blocked],https://novelas.maissbt.com/v1/master/215c0da80606fed29372070168106400a6ca7e1a/Novelas_cmaf/index.m3u8
+TV (576p) [Geo-blocked],https://stream.plustv.by/plustv-web/plustv/playlist.m3u8
.black (576p),http://stream.mcquack.net/263/index.m3u8
.red (576p),http://5.188.159.128:8070/RED/index.m3u8
.sci-fi (576p),http://stream.mcquack.net/180/index.m3u8
:24 (1080p),http://88.212.15.27/live/test_trojka_25p/playlist.m3u8
A1 TV (1080p) [Not 24/7],https://stream.a1mediagroep.nl/hls/a1tv.m3u8
A2i Music (720p) [Not 24/7],https://stream.sen-gt.com/A2iMusic/myStream/playlist.m3u8
A2i Naija (720p) [Not 24/7],https://stream.sen-gt.com/A2iNaija/myStream/playlist.m3u8
A2i Religion (720p) [Not 24/7],https://stream.sen-gt.com/A2iReligion/myStream/playlist.m3u8
A2i TV (1080p),https://stream.sen-gt.com/A2itv/myStream/playlist.m3u8
A2TV (1080p),https://rnttwmjcin.turknet.ercdn.net/lcpmvefbyo/a2tv/a2tv.m3u8
A2Z (480p) [Not 24/7],https://streams.comclark.com/pknsd/a2z/playlist.m3u8
A7 TV (1080p),https://183.bozztv.com/ssh101/ssh101/a7tvjarabacoa/playlist.m3u8
A7TV (1080p),https://a7tvlive.ro/A7TV/A7TV/playlist.m3u8
A12 TV,https://video1.getstreamhosting.com:1936/8250/8250/manifest.m3u8
A24 (720p),https://g5.vxral-slo.transport.edge-access.net/a12/ngrp:a24-100056_all/playlist.m3u8?sense=true
A24 Paraguay,http://45.184.109.10/live/69393EAE6ADBC65A68F942022362A202/6.m3u8
A Caçadora de Relíquias,https://jmp2.uk/plu-67e59a6557487a8b7fe73e23.m3u8
A Feiticeira,https://jmp2.uk/plu-631fa8dd7f25240007099a40.m3u8
A Haber (1080p),https://rnttwmjcin.turknet.ercdn.net/lcpmvefbyo/ahaber/ahaber.m3u8
A Haunting,https://jmp2.uk/plu-64ff1d92d545e9000877fba4.m3u8
A New Life In The Sun (1080p),https://d36zu8tswi4fqu.cloudfront.net/playlist.m3u8
A New Life in the Sun,https://jmp2.uk/plu-6852854bce36f0644f37d765.m3u8
A Punt (720p),https://fastly.live.brightcove.com/1846756479408303045/eu-central-1/6057955885001/eyJhbGciOiJIUzI1NiIsInR5cCI6IkpXVCJ9.eyJob3N0IjoiZWFxNWh4LmVncmVzcy53YzQ3bTEiLCJhY2NvdW50X2lkIjoiNjA1Nzk1NTg4NTAwMSIsImVobiI6ImZhc3RseS5saXZlLmJyaWdodGNvdmUuY29tIiwiaXNzIjoiYmxpdmUtcGxheWJhY2stc291cmNlLWFwaSIsInN1YiI6InBhdGhtYXB0b2tlbiIsImF1ZCI6WyI2MDU3OTU1ODg1MDAxIl0sImp0aSI6IjE4NDY3NTY0Nzk0MDgzMDMwNDUifQ.o6wb_VA-TVxl3ERgr7FKLlaTjY7smErmsf73QAydySE/playlist-hls-dvr.m3u8
A Spor (1080p),https://rnttwmjcin.turknet.ercdn.net/lcpmvefbyo/aspor/aspor.m3u8
A&E (1080p),https://gpuserver3.tier1streams.com/AE/index.m3u8
A&E Crime 360 (720p),https://jmp2.uk/plu-6000a5a9e767980007b497ca.m3u8
A&E Latin America (1080p),http://138.121.15.230:9002/A&E/index.m3u8
A&E Latin America Brazil (720p),http://45.190.28.50/AE_HD/index.m3u8
A&R Canal Adventista (720p),http://51.222.9.192:3589/stream/play.m3u8
A+ (1080p),http://45.189.62.33:8002/play/a0oc/index.m3u8
A-Plus TV (576p),http://115.42.65.142:9981/stream/channelid/113328724
AABC TV (480p),https://streamer1.connectto.com/AABC_WEB_1201/index.m3u8
Aadinath TV (396p),https://keralive.com/yupp/tv.php?c=aadinath-tv&e=.m3u8
Aaj Entertainment (1080p),https://ml-pull-dvc-myco.io:2096/AAJ_ENTERTAINMENT/index.m3u8
Aaj Ki Khabar (1080p),https://d35j504z0x2vu2.cloudfront.net/v1/master/0bc8e8376bd8417a1b6761138aa41c26c7309312/aaj-ki-khabar/index.m3u8?ads.vf=aDW1W_0t2nW
Aaj News (576p),http://115.42.65.142:9981/stream/channelid/750987367
Aaj Tak (1080p),http://103.213.31.109:90/AajtakHD/playlist.m3u8
Aaj Tak HD (1080p),https://feeds.intoday.in/aajtak/api/aajtakhd/master.m3u8
Aakaash Aath (576p),https://mumt03.tangotv.in/Dsly5z3HAAKASHAATH/index.m3u8
Aamar Bangla (720p),https://app.ncare.live/c3VydmVyX8RpbEU9Mi8xNy8yMDE0GIDU6RgzQ6NTAgdEoaeFzbF92YWxIZTO0U0ezN1IzMyfvcGVMZEJCTEFWeVN3PTOmdFsaWRtaW51aiPhnPTI/amarbanglatv.stream/playlist.m3u8
Aaryaa TV (1080p),https://stream.ottlive.co.in/aryatvtamil/index.m3u8
Aaseervatham TV (576p),https://mumt04.tangotv.in/m18aqlK4AASEERVATHAMTV/index.m3u8
Aastha (720p),https://aasthaott.akamaized.net/110923/smil:aasthatv.smil/index.m3u8
Aastha (720p),http://103.213.31.109:90/AasthaSD/playlist.m3u8
Aastha Bhajan (576p),https://mumt05.tangotv.in/87NeALx2AASTHABHAJAN/index.m3u8
Aastha Gujarati (576p),https://mumt04.tangotv.in/m18aqlK4AASTHAGUJARATI/index.m3u8
Aastha Kannada (480p),https://aasthaott.akamaized.net/110923/smil:aasthakannada.smil/playlist.m3u8
Aastha Prime 1 (720p),https://aasthaott.akamaized.net/110923/smil:aasthaprime1.smil/master.m3u8
Aastha Tamil (480p),https://aasthaott.akamaized.net/110923/smil:aasthatamil.smil/playlist.m3u8
Aastha Telugu (480p),https://aasthaott.akamaized.net/110923/smil:aasthatelugu.smil/playlist.m3u8
Aathavan TV (720p) [Not 24/7],http://45.77.66.224:1935/athavantv/live/playlist.m3u8
AB1 (720p),http://145.239.5.177/332/index.m3u8
Abadan,https://ncdn.telewebion.ir/abadan/live/playlist.m3u8
Abai TV (720p),https://abaitv-stream.qazcdn.com/abaitv/abaitv/playlist.m3u8
Abajo e' La Linea TV,https://5ff3d9babae13.streamlock.net/ynfpncxxjg/ynfpncxxjg/playlist.m3u8
Abalfadhl TV,https://t.northtelecom.org/ABALFADHLTV.m3u8
Abante TV (1080p),https://amg19223-amg19223c12-amgplt0352.playout.now3.amagi.tv/playlist/amg19223-amg19223c12-amgplt0352/playlist.m3u8
Abb Takk (576p),http://115.42.65.142:9981/stream/channelid/852828604
ABC (720p),http://41.205.93.154/ABC/index.m3u8
ABC 2 Baltimore MD (WMAR) (720p),https://aegis-cloudfront-1.tubi.video/c28d1ca8-9467-4798-81dc-09c1d6e90be1/playlist.m3u8
ABC 2 Portland OR (KATU) (1080p),https://linear-710.frequency.stream/dist/stirr/710/hls/master/playlist.m3u8
ABC 4 Charleston SC (WCIV) (1080p),https://linear-700.frequency.stream/dist/stirr/700/hls/master/playlist.m3u8
ABC 4 Seattle WA (KOMO) (1080p),https://linear-709.frequency.stream/dist/stirr/709/hls/master/playlist.m3u8
ABC 5,https://d3svnrf3rmq619.cloudfront.net/krgv-live/smil:krgv-live.smil/playlist.m3u8
ABC 5 Boston MA (WCVB) (720p),https://aegis-cloudfront-1.tubi.video/c2e3094d-ad56-4c5f-9655-cd80df71fbab/playlist.m3u8
ABC 5 St. Paul MN (KSTP) (1080p),https://amg01942-amg01942c2-stirr-us-10173.playouts.now.amagi.tv/playlist.m3u8
ABC 6 Austin TX (KAAL) (1080p),https://amg01942-amg01942c6-stirr-us-10178.playouts.now.amagi.tv/playlist.m3u8
ABC 6 Columbus OH (WSYX) (1080p),https://linear-689.frequency.stream/dist/stirr/689/hls/master/playlist.m3u8
ABC 6 Indianapolis IN (WRTV) (720p),https://aegis-cloudfront-1.tubi.video/bc9ff1c7-4dc1-4e36-9ef0-25b28c595ada/playlist.m3u8
ABC 7 Albuquerque NM (KOAT) (720p),https://aegis-cloudfront-1.tubi.video/2dba5dd9-4097-45e3-b169-56735cc48476/playlist.m3u8
ABC 7 Denver CO (KMGH) (720p),https://content.uplynk.com/channel/64ca339f04964a5e961c3207a7771bf1.m3u8
ABC 7 Washington DC (WJLA) (1080p),https://linear-681.frequency.stream/dist/stirr/681/hls/master/playlist.m3u8
ABC 9 Manchester NH (WMUR-TV) (720p),https://aegis-cloudfront-1.tubi.video/b77ffe96-c5d1-43a7-8687-306ff244d725/playlist.m3u8
ABC 9 Orlando FL (WFTV) (720p),https://amg00327-coxmediagroup-wftvbreaking-ono-hec7b.amagi.tv/playlist/amg00327-coxmediagroup-wftvbreaking-ono/playlist.m3u8
ABC 9 Tucson AZ (KGUN) (720p),https://aegis-cloudfront-1.tubi.video/a53514a7-f2aa-4d34-802e-c2b5594fc0d7/playlist.m3u8
ABC 10 Duluth MN (WDIO) (1080p),https://amg01942-amg01942c3-stirr-us-10196.playouts.now.amagi.tv/playlist.m3u8
ABC 10 San Diego CA (KGTV) (720p),https://aegis-cloudfront-1.tubi.video/1a352414-3a30-4f42-b14b-c091d02a5e45/playlist.m3u8
ABC 12 Milwaukee WI (WISN) (720p),https://aegis-cloudfront-1.tubi.video/ec903a48-3638-4d0b-ac89-813e147bca58/playlist.m3u8
ABC 13 Asheville NC (WLOS) (1080p),https://linear-695.frequency.stream/dist/stirr/695/hls/master/playlist.m3u8
ABC 13 Las Vegas NV (KTNV) (720p),https://content.uplynk.com/channel/39919d3f7a074eefa8bf579214e952f9.m3u8
ABC 15 Myrtle Beach FL (WPDE) (1080p),https://linear-696.frequency.stream/dist/stirr/696/hls/master/playlist.m3u8
ABC 15 Phoenix AZ (KNXV) (720p),https://aegis-cloudfront-1.tubi.video/e923f4ce-7229-4e01-a25e-d453993dab82/playlist.m3u8
ABC 20/20 (1080p),https://d4bq78o8d5tf5.cloudfront.net/ABC_2020.m3u8
ABC 22 Dayton OH (WKEF) (1080p),https://linear-690.frequency.stream/dist/stirr/690/hls/master/playlist.m3u8
ABC 23 Bakersfield CA (KERO) (720p),https://aegis-cloudfront-1.tubi.video/69c4e4f9-84fa-43eb-b38e-6d1f9464ca73/playlist.m3u8
ABC 25 News Central Texas (720p),https://content.uplynk.com/channel/9d4e02c9c3544c269d32e6b316792c8f.m3u8
ABC 27 Tallahassee FL (WTXL) (720p),https://aegis-cloudfront-1.tubi.video/e739361e-fa12-4cac-92f3-e0dbf332cd88/playlist.m3u8
ABC (WPLG-DT1) Miami FL (720p),https://pubads.g.doubleclick.net/ssai/event/tQD6w9OJQVOobcyV3Dammw/master.m3u8
ABC Australia (1080p),http://103.154.3.101:5001/live/2782.m3u8
ABC Entertains (720p),https://c.mjh.nz/abc-me.m3u8
ABC Kids,https://c.mjh.nz/abc-kids.m3u8
ABC News (720p),https://abc-news-dmd-streams-1.akamaized.net/out/v1/701126012d044971b3fa89406a440133/index.m3u8
ABC News Live (1080p) [Geo-blocked],https://pb-0n3n2ej0w8pl9.akamaized.net/ABCNewsLive_Disney.m3u8
ABC News Live 1 (720p),https://abcnews-streams.akamaized.net/hls/live/2023560/abcnewshudson1/master.m3u8
ABC News Live 2 (720p),https://abcnews-streams.akamaized.net/hls/live/2023561/abcnewshudson2/master.m3u8
ABC News Live 3 (720p),https://abcnews-streams.akamaized.net/hls/live/2023562/abcnewshudson3/master.m3u8
ABC News Live 4 (720p),https://abcnews-streams.akamaized.net/hls/live/2023563/abcnewshudson4/master.m3u8
ABC News Live 5 (720p),https://abcnews-streams.akamaized.net/hls/live/2023564/abcnewshudson5/master.m3u8
ABC News Live 6 (720p),https://abcnews-streams.akamaized.net/hls/live/2023565/abcnewshudson6/master.m3u8
ABC News Live 7 (720p),https://abcnews-streams.akamaized.net/hls/live/2023566/abcnewshudson7/master.m3u8
ABC News Live 8 (720p),https://abcnews-streams.akamaized.net/hls/live/2023567/abcnewshudson8/master.m3u8
ABC News Live 9 (720p),https://abcnews-streams.akamaized.net/hls/live/2023568/abcnewshudson9/master.m3u8
ABC News Live 10 (720p),https://abcnews-streams.akamaized.net/hls/live/2023569/abcnewshudson10/master.m3u8
ABC Teleshow (720p),https://live-evg10.tv360.bitel.com.pe/bitel/abctv/playlist.m3u8
ABC TV ACT (720p),https://c.mjh.nz/abc-act.m3u8
ABC TV NSW (720p),https://c.mjh.nz/abc-nsw.m3u8
ABC TV NT (720p),https://c.mjh.nz/abc-nt.m3u8
ABC TV Plus (720p),https://c.mjh.nz/abc-tv-plus.m3u8
ABC TV QLD (720p),https://c.mjh.nz/abc-qld.m3u8
ABC TV SA (720p),https://c.mjh.nz/abc-sa.m3u8
ABC TV TAS (720p),https://c.mjh.nz/abc-tas.m3u8
ABC TV VIC (720p),https://c.mjh.nz/abc-vic.m3u8
ABC TV WA (720p),https://c.mjh.nz/abc-wa.m3u8
ABC West (720p),http://stream.cammonitorplus.net/1797/index.m3u8
ABC WWAY 3,https://townnews.g-mana.live/media/027a05c7-43b6-49eb-ad10-a0c0f10a0754/main.m3u8
Abdulmajeed Abdullah (1080p),https://d2hng5r56zpsbw.cloudfront.net/out/v1/9c4c990f44bb4767bb46271f326dd574/index.m3u8
AbejalesTV (720p),https://183.bozztv.com/giatv/giatv-AbejalesTV/AbejalesTV/playlist.m3u8
ABN Afghanistan (540p),https://mediaserver.abnvideos.com/streams/abnafghanistan.m3u8
ABN Africa (480p),https://mediaserver.abnvideos.com/streams/abnafrica.m3u8
ABN Andhra Jyoti (720p),https://mumbai-edge.smartplaytv.in/ABNAJ/index.m3u8
ABN Bible Movies (720p),https://mediaserver.abnvideos.com/streams/abnbiblemovies.m3u8
ABN China (720p),https://mediaserver.abnvideos.com/streams/abnchina.m3u8
ABN Freedom of Speech,https://mediaserver.abnvideos.com/streams/freedom_of_speech.m3u8
ABN I AM,https://mediaserver.abnvideos.com/streams/i_am_.m3u8
ABN News (1080p),http://115.42.65.142:9981/stream/channelid/966869781
ABN Son of God,https://mediaserver.abnvideos.com/streams/son_of_god_.m3u8
ABN TV (720p),https://vod2.abn.co.kr/IPHONE/abn.m3u8
ABN TV India (540p),https://mediaserver.abnvideos.com/streams/abntvindia.m3u8
ABN Urdu (540p),https://mediaserver.abnvideos.com/streams/abnurdu.m3u8
ABNsat (720p),https://mediaserver.abnvideos.com/streams/abnsat.m3u8
ABP Ananda (1080p),https://d2l4ar6y3mrs4k.cloudfront.net/live-streaming/ananda-livetv/master.m3u8
ABP Asmita (1080p),https://d2l4ar6y3mrs4k.cloudfront.net/live-streaming/asmita-livetv/master.m3u8
ABP Ganga (1080p),https://d2l4ar6y3mrs4k.cloudfront.net/live-streaming/ganga-livetv/master.m3u8
ABP Majha (360p),https://yupprestreamliveus.akamaized.net/vglive-sk-355289/majha/master.m3u8
ABP News (1080p),https://d1rc86nwwc9fag.cloudfront.net/vglive-sk-472500/abpnews/master.m3u8
Absinthe TV (1080p),https://streams2.sofast.tv/v1/master/611d79b11b77e2f571934fd80ca1413453772ac7/254b2fef-a3dd-4a6d-af18-38711e02e31c/manifest.m3u8
ABTelevision (720p),https://live-evg8.tv360.bitel.com.pe/bitel/abctelevisionSRT/playlist.m3u8
ABTV Bariloche,https://videostream.shockmedia.com.ar/hls/abtvbariloche/abtvbariloche.m3u8
Abu Dhabi TV,http://185.9.2.18/chid_326/index.m3u8
Abya Yala TV (720p),http://15.204.246.24:8080/AbyaYalaTvHD/index.m3u8
AC TV (480p) [Not 24/7],https://ssh101stream.ssh101.com/akamaissh101/ssh101/actvstream/playlist.m3u8
Acapulco Shore,https://jmp2.uk/plu-64dab1f835425100080e1e7b.m3u8
Acapulco Shore Pluto TV,https://jmp2.uk/plu-61a52615cbef2500072876e2.m3u8
ACC Network (720p),https://gpuserver3.tier1streams.com/ACC_NETWORK/index.m3u8
ACCDN (1080p),https://raycom-accdn-firetv.amagi.tv/playlist.m3u8
Access 4 PAC,https://reflect-channel18vod-springfield-il-us.cablecast.tv/live-16/live/stream-4/live.m3u8
Access 19,https://reflect-montgomerycommunitymedia.cablecast.tv/live-8/live/stream-3/live.m3u8
Access Humboldt (1080p),https://rtmp-live-ingest-ap-northeast-2-universe-dacast-com.akamaized.net/transmuxv1/streams/f08fcd45-1d04-9a8c-39ca-f56091820e5c.m3u8
Access Media Productions Channel (720p),https://dlttx48mxf9m3.cloudfront.net/vod_clients/amp/live/ch1/video.m3u8
Access Media Productions Community Channel (720p),https://dlttx48mxf9m3.cloudfront.net/vod_clients/amp/live/ch2/video.m3u8
Access Media Productions Marina TV (720p),https://dlttx48mxf9m3.cloudfront.net/vod_clients/amp/live/ch4/video.m3u8
Access Media Productions Monterey Channel (720p),https://dlttx48mxf9m3.cloudfront.net/vod_clients/amp/live/ch3/video.m3u8
Access Media Productions Peninsula Channel (720p),https://dlttx48mxf9m3.cloudfront.net/vod_clients/amp/live/ch5/video.m3u8
Access Nashua (720p),https://livestream.telvue.com/nashuanh1/f7b44cfafd5c52223d5498196c8a2e7b.sdp/playlist.m3u8
Access Sacramento Channel 17,https://reflect-access-sacramento.cablecast.tv/live-7/live/live.m3u8
Access Tuolumne (Tuolumne County CA) (720p),https://reflect-tuolumne.cablecast.tv/live-3/live/stream-1/live.m3u8
AccessVision Channel 16 (720p),https://livestream.telvue.com/accvision1/f7b44cfafd5c52223d5498196c8a2e7b.sdp/playlist.m3u8
AccessVision Channel 17 (720p),https://livestream.telvue.com/accvision2/f7b44cfafd5c52223d5498196c8a2e7b.sdp/playlist.m3u8
Accion Mexicana,https://stream.ads.ottera.tv/playlist.m3u8?network_id=1153
AccuWeather Network (720p),https://gpuserver3.tier1streams.com/AccuWeather/index.m3u8
AccuWeather Now (1080p),https://cdn-ue1-prod.tsv2.amagi.tv/linear/amg00684-accuweather-accuweather-plex/playlist.m3u8
Ace TV (1080p),https://streams2.sofast.tv/WiseM3U8_30/sofast/cleanhls/master.m3u8
Ace TV (480p),https://c.streamhoster.com/link/hls/W5s3fS/inLo5pcsHjo/iqg9wps0m1x_5/playlist.m3u8
Acento TV,https://acentotv01.streamprolive.com/hls/live.m3u8
Acerfi TV,https://streamtv.acerfi.net/hls/acerfitv/index.m3u8
Acheloos TV (576p),https://acheloostv.streamings.gr/live/stream/index.m3u8
ACI Sport TV (1080p),https://webstream.multistream.it/memfs/e2cb3629-c1a2-495b-b43a-9eb386f04ed8.m3u8
ACN TV,https://cdn.acnlive.net/LiveApp/streams/hold_the_line.m3u8
ACNN (480p),https://viewmedia7219.bozztv.com/wmedia/viewmedia100/web_014/Stream/playlist.m3u8
Acorn TV Mysteries (720p),https://d25ms2fshb3tcf.cloudfront.net/playlist.m3u8
Action 24 (1080p),http://actionlive.siliconweb.com/actionabr/actiontv/playlist.m3u8
Action Hollywood Movies (1080p),https://amg01076-lightningintern-actionhollywood-samsungau-rs69y.amagi.tv/playlist/amg01076-lightningintern-actionhollywood-samsungau/playlist.m3u8
Action Hollywood Movies (1080p),https://cdn-apse1-prod.tsv2.amagi.tv/linear/amg01076-lightningintern-actionhollywood-samsungnz/playlist.m3u8
Action Hollywood Movies (720p) [Geo-blocked],https://actionhollywood-klowdtv.amagi.tv/playlist.m3u8
ActionMax (720p),http://40.160.24.52/ACTIONMAX/index.m3u8
ActionMax East HD (720p),https://gpuserver3.tier1streams.com/ACTIONMAX/index.m3u8
Activa TV (720p),https://streamtv.mediasector.es/hls/activatv/index.m3u8
Activa TV (720p),https://videoserver.tmcreativos.com:19360/mbcrtzxnxd/mbcrtzxnxd.m3u8
Actualidad 360 (1080p) [Geo-blocked],https://amg01821-lovetv-amg01821c27-lg-es-6726.playouts.now.amagi.tv/playlist/amg01821-lovetvfast-lovenews-lges/playlist.m3u8
ACTV (504p),https://dlgt0tdl2hpq3.cloudfront.net/rtbf/clr-rtbf/4db788c7/index.m3u8
ACTV,https://castus-vod-dev.s3.amazonaws.com/vod_clients/athens/live/ch2/video.m3u8
Acumuladores Obsessivos,https://jmp2.uk/plu-656e2a4b4261ca00083aa99e.m3u8
Acustik TV,https://s5.mexside.net:1936/clientetv/clientetv/playlist.m3u8
ACW UG TV (480p),https://live.acwugtv.com/hls/stream.m3u8
ADA TV (720p),https://live-evg10.tv360.bitel.com.pe/bitel/alasdeaguilaSRT/playlist.m3u8
Ada TV,https://yayin1.canlitv.fun/live/kibrisadatv.stream/playlist.m3u8
ADB TV (1080p),https://live-tv.waytv.pt/adbtv/adbtv/playlist.m3u8
Addis TV (720p),https://rrsatrtmp.tulix.tv/addis1/addis1multi.smil/playlist.m3u8
Adesso TV (720p),https://cdn.jmvstream.com/w/LVW-9715/LVW9715_12B26T62tm/playlist.m3u8
Adhyatm TV (720p),https://mumbai-edge.smartplaytv.in/AdhyatmTV/index.m3u8
Adinkra TV (1080p),https://59d39900ebfb8.streamlock.net/adinkratvny/adinkratvny/playlist.m3u8
Adjarasport 1,https://live20.bozztv.com/dvrfl05/gin-adjara/index.m3u8
Adjugé vendu !,https://jmp2.uk/plu-64bab8ba5dc1660008969b5a.m3u8
ADN 40 (1080p),http://45.189.62.33:8002/play/a0ob/index.m3u8
ADN Noticias (720p),https://jmp2.uk/plu-646ccd3681844c000974d6f4.m3u8
ADN TV (720p),https://redirector.rudo.video/hls-video/931b584451fa6dd1313ee66efbfd5802e3f3bcea/adntv/adntv.smil/playlist.m3u8
ADN TV+ (720p),https://d3b73b34o7cvkq.cloudfront.net/v1/master/3722c60a815c199d9c0ef36c5b73da68a62b09d1/cc-gz2sgqzp076kf/adn.m3u8
Adnkronos (720p),https://5e73cf528f404.streamlock.net/GR_sport/livestream/playlist.m3u8
ADO TV (720p),https://strhls.streamakaci.tv/ortb/ortb2-multi/playlist.m3u8
Adoram TV (720p),https://live20.bozztv.com/giatv/giatv-adoram/adoram/chunks.m3u8
Adrenalina Pura TV,https://jmp2.uk/plu-61b790b985706b00072cb797.m3u8
Adrenalina Pura TV (720p),https://jmp2.uk/plu-61b793ccf571b80007b7a610.m3u8
Adrenaline+ (720p),https://a-cdn.klowdtv.com/live3/adr_720p/playlist.m3u8
Adult Swim Latin America Brazil (720p),http://45.190.28.50/TRUTV_HD/index.m3u8
Adventure Earth (1080p),https://a57e9c69976649b582a8d7604c00e69a.mediatailor.us-east-1.amazonaws.com/v1/master/44f73ba4d03e9607dcd9bebdcb8494d86964f1d8/RlaxxTV-eu_AdventureEarth/playlist.m3u8
Advocate Broadcasting Network (576p),https://viewmedia7219.bozztv.com/wmedia/viewmedia100/web_045/Stream/playlist.m3u8
AE Radio TV (720p) [Not 24/7],https://tls-cl.cdnz.cl/aeradio/live/playlist.m3u8
Aeolos TV (1080p),https://cdn.istoikona.com/aeolostv/live/playlist.m3u8
Afaq TV,https://stream.afaq.iq/live/channel/afaqtv/playlist.m3u8
Afarin Baxcha (1080p),https://5dcabf026b188.streamlock.net/afarinTV/livestream/playlist.m3u8
Afarin TV (720p) [Not 24/7],https://65f16f0fdfc51.streamlock.net/afarinTV/livestream/playlist.m3u8
AFBTV Kupang (1080p) [Not 24/7],https://afbtv.siar.us/live/afbtv.m3u8
Affare Fatto,https://jmp2.uk/plu-64ec5c6644fe100009d114ae.m3u8
Afghan Nobel Movies (720p),https://live.relentlessinnovations.net:1936/afghannobel/afghannobel/playlist.m3u8
Afghan Nobel TV (720p),https://live.relentlessinnovations.net:1936/afghannobeltv/afghannobeltv/playlist.m3u8
Afghanistan International (720p),https://hls.afintl.com/hls/stream.m3u8
Aflak,https://ncdn.telewebion.ir/aflak/live/playlist.m3u8
Aflam (1080p),https://shd-amg-fast.edgenextcdn.net/tx001/playlist.m3u8
AFN TV,https://bozztv.com/1gbw5/tintv2/tintv2/playlist.m3u8
Afontovo,https://stream.afontovo.ru/hd.m3u8
Afra Film,https://afrafhls.wns.live/hls/stream.m3u8
Afra Series,https://afrashls.wns.live/hls/stream.m3u8
Africa 24 (1080p),https://africa24.vedge.infomaniak.com/livecast/ik:africa24/manifest.m3u8
Africa 24 English (1080p),https://edge20.vedge.infomaniak.com/livecast/ik:africa24english/manifest.m3u8
Africa 24 Sport (1080p),https://africa24.vedge.infomaniak.com/livecast/ik:africa24sport/manifest.m3u8
Africa TV 2 (720p),http://africatv.live.net.sa:1935/live/africatv2/playlist.m3u8
Africa TV3 (720p) [Not 24/7],http://africatv.live.net.sa:1935/live/africatv3/playlist.m3u8
Africable TV (360p),http://69.64.57.208/africable/playlist.m3u8
Africanews (720p),https://c3c275b999764df8a2dd55ffe2996818.mediatailor.eu-west-1.amazonaws.com/v1/master/0547f18649bd788bec7b67b746e47670f558b6b2/production-LiveChannel-6576/bitok/eyJzdGlkIjoiOTU0NDAyODQtOTU0My00Yzc2LThmZjQtNDRhY2YwYmQxYTYwIiwibWt0IjoicGwiLCJjaCI6NjYwNiwicHRmIjo1fQ==/26036/africanews-en.m3u8
Africanews English (720p),https://cdn-euronews.akamaized.net/live/eds/africanews-en/25049/index.m3u8
Africanews French (720p),https://cdn-euronews.akamaized.net/live/eds/africanews-fr/25050/index.m3u8
Afrik Info TV,https://kali.vdopanel.com:3119/hybrid/play.m3u8
Afrique54 TV (720p),https://video1.getstreamhosting.com:1936/8318/8318/playlist.m3u8
Afrique Media (720p),https://cloud.odysee.live/content/fe06b3cdc9412e359368b2455b6ea5e93856e382/master.m3u8
Afro Magic Channel,https://video1.getstreamhosting.com:1936/8306/8306/playlist.m3u8
Afrobeats (1080p),https://stream.ecable.tv/afrobeats/index.m3u8
Afroculture TV,https://streamtv.cmediahosthosting.net:3836/live/myafroculturelive.m3u8
AfroLand African (1080p),https://stream.ads.ottera.tv/playlist.m3u8?content_livestream=1&network_id=6075
Afroland AfroKiddos (720p),https://stream.ads.ottera.tv/playlist.m3u8?content_livestream=1&network_id=16484
AfroLand Black Experience (1080p),https://stream.ads.ottera.tv/playlist.m3u8?content_livestream=1&network_id=6101
AfroLand Comedy (1080p),https://stream.ads.ottera.tv/playlist.m3u8?content_livestream=1&network_id=6068
AfroLand Crime (1080p),https://stream.ads.ottera.tv/playlist.m3u8?content_livestream=1&network_id=6070
Afroland Documentary (814p),https://stream.ads.ottera.tv/playlist.m3u8?content_livestream=1&network_id=6071
AfroLand Drama (720p),https://stream.ads.ottera.tv/playlist.m3u8?content_livestream=1&network_id=6067
AfroLand Faith (720p),https://stream.ads.ottera.tv/playlist.m3u8?content_livestream=1&network_id=6077
AfroLand Family (720p),https://stream.ads.ottera.tv/playlist.m3u8?content_livestream=1&network_id=6072
Afroland Featured (948p),https://stream.ads.ottera.tv/playlist.m3u8?content_livestream=1&network_id=6057
AfroLand Nollywood (720p),https://stream.ads.ottera.tv/playlist.m3u8?content_livestream=1&network_id=6076
AfroLand Romance (1080p),https://stream.ads.ottera.tv/playlist.m3u8?content_livestream=1&network_id=6074
AfroLand Thriller (720p),https://stream.ads.ottera.tv/playlist.m3u8?content_livestream=1&network_id=6073
Afroland Top 10 (948p),https://stream.ads.ottera.tv/playlist.m3u8?content_livestream=1&network_id=6098
AfroLandTV (1080p),https://stream.ads.ottera.tv/playlist.m3u8?content_livestream=1&network_id=844
AfroLandTV (1080p),https://alt-al.otteravision.com/alt/al/al.m3u8
AfroLandTV WW (1080p),https://stream.ads.ottera.tv/playlist.m3u8?content_livestream=1&network_id=15235
Afroturk TV (1080p),https://edge.socialsmart.tv/naturaltv/bant1/playlist.m3u8
Aftab,https://ncdn.telewebion.ir/aftab/live/playlist.m3u8
Aftershock,https://jmp2.uk/plu-63e36b374e83e70008987c58.m3u8
Aftershock,https://jmp2.uk/plu-62e9184439d80c00076e166d.m3u8
Afterwork TV,https://jmp2.uk/plu-6915e0eda570568f53435398.m3u8
Afterwork TV,https://jmp2.uk/plu-6915e15ea570568f53438feb.m3u8
Afterwork TV,https://jmp2.uk/plu-68c01954f89c82a68b084a50.m3u8
AFTV (1080p),https://livestream.telvue.com/accframingham1/f7b44cfafd5c52223d5498196c8a2e7b.sdp/playlist.m3u8
AFV en Español (720p) [Not 24/7],https://linear-46.frequency.stream/dist/plex/46/hls/master/playlist.m3u8
AFV with Alfonso Ribeiro (1080p),https://d1o5yzickeowpa.cloudfront.net/playlist.m3u8
Agape TV (720p),https://5fc584f3f19c9.streamlock.net/agape/smil:agape.smil/playlist.m3u8
Aghani Aghani TV (1080p),https://cdn.streamlane.tv/hls/aghanitv/index.m3u8
Aghapy Kids (1080p),https://5b622f07944df.streamlock.net/aghapykids.tv/aghapykids2/playlist.m3u8
Aghapy TV (1080p) [Not 24/7],https://5b622f07944df.streamlock.net/aghapy.tv/aghapy.smil/playlist.m3u8
AGR FM TV,https://tigocloud.desdeparaguay.net/agrtv/agrtv/playlist.m3u8
Agrigento TV,https://media2021.rtvweb.com/tva/live/playlist.m3u8
Agro TV (480p),https://restr2.bgtv.bg/agro/hls/agro.m3u8
Agro TV (720p),https://live-evg8.tv360.bitel.com.pe/bitel/agroSRT/playlist.m3u8
Agro TV (360p) [Not 24/7],https://agrotv.streamnet.ro/mobile_tv/agrotv.m3u8
AgroBrasil TV (720p) [Not 24/7],http://45.162.230.234:1935/agrobrasiltv/agrobrasiltv/playlist.m3u8
AgroCanal (720p),http://45.162.64.114/AGRO_CANAL/index.m3u8
AgroMais (720p),http://45.162.64.114/AGROMAIS/index.m3u8
Agrotendencia TV (1080p),https://5fc584f3f19c9.streamlock.net/agrotendencia/videoagrotendencia_hls1/playlist.m3u8
Aguacate TV (1080p),https://streamtv.intervenhosting.net:3040/hybrid/play.m3u8
Águila Roja,https://jmp2.uk/plu-6812206e1b3e3be031a5c363.m3u8
Aguila TV (1080p) [Not 24/7],https://fox.hostlagarto.com:8081/aguilatv/playlist.m3u8
Ahlulbayt TV (1080p),https://cd198.anystream.uk:8082/hls/abtv3ng/index.m3u8
Ahora TV (1080p) [Not 24/7],https://stream.haislin.com/ahoratv/index.m3u8
Ahsan TV,https://5bf7b725107e5.streamlock.net/ahsantv/ahsantv/playlist.m3u8
Aigaio TV (720p),https://fr.crystalweb.net:1936/aigaiotv/aigaiotv/playlist.m3u8
Aik News,https://video.primexsports.com/pnn/live/playlist.m3u8
AION TV (1080p) [Not 24/7],https://edge.essastream.com/aiontelevision/playlist.m3u8
Aire de Santa Fe (1080p),https://unlimited1-us.dps.live/airedesantafetv/airedesantafetv.smil/playlist.m3u8
Ajman TV (1080p),https://cdn1.logichost.in/ajmantv/live/playlist.m3u8
Ajyal TV (720p),http://htvajyal.mada.ps:8888/ajyal/index.m3u8
Akaal Channel (396p) [Geo-blocked],https://cdn-globecast.akamaized.net/live/eds/akaal_tv/hls1_smart_akaal/akaal_tv.m3u8
Akaku 53 (Hawaii) (1080p),https://castus-vod-dev.s3.amazonaws.com/vod_clients/akaku/live/ch1/video.m3u8
Akaku 54 (Hawaii) (1080p),https://castus-vod-dev.s3.amazonaws.com/vod_clients/akaku/live/ch2/video.m3u8
Akaku 55 (Hawaii) (1080p),https://castus-vod-dev.s3.amazonaws.com/vod_clients/akaku/live/ch3/video.m3u8
AKC TV (1080p),https://broadcast.blivenyc.com/speed/broadcast/22/desktop-playlist.m3u8
AKC TV Meet The Breeds,https://install.akctvcontrol.com/speed/broadcast/139/desktop-playlist.m3u8
AKC TV Puppies 24/7,https://install.akctvcontrol.com/speed/broadcast/140/desktop-playlist.m3u8
AKD Calcutta News (1080p),https://live.legitpro.co.in/cnnnews/index.m3u8
Akili Kids!,https://m6.livecdn.io/akilikids.co.ke/akilikids.smil/playlist.m3u8
Aksu TV (720p),https://live.artidijitalmedya.com/artidijital_aksutv/aksutv/playlist.m3u8
AKTV (1080p) [Not 24/7],https://akativi.siar.us/live/akativi.m3u8
AL24 News,https://cdn.live.easybroadcast.io/abr_corp/66_al24_u4yga6h/corp/66_al24_u4yga6h_240p/chunks.m3u8
Al Alam (360p),https://live2.alalam.ir/alalam.m3u8
Al Alamiya 2,http://82.212.74.98:8000/live/7815.m3u8
Al Arabiya (1080p),https://live.alarabiya.net/alarabiapublish/alarabiya.smil/playlist.m3u8
Al Arabiya Business (1080p),https://live.alarabiya.net/alarabiapublish/aswaaq.smil/playlist.m3u8
Al Arabiya English (1080p),https://live.alarabiya.net/alarabiapublish/english/playlist_dvr.m3u8
Al Arabiya Programs (1280p),https://live.alarabiya.net/alarabiapublish/aaprograms.smil/playlist.m3u8
Al Araby TV (1080p),https://live.kwikmotion.com/alaraby1live/alaraby_abr/playlist.m3u8
Al Araby TV 2 (1080p),https://live.kwikmotion.com/alaraby2live/alaraby2.smil/playlist.m3u8
Al Ekhbariya (1080p),https://shd-gcp-live.edgenextcdn.net/live/bitmovin-al-ekhbaria/297b3ef1cd0633ad9cfba7473a686a06/index.m3u8
Al Ghad TV (1080p),https://eazyvwqssi.erbvr.com/alghadtv/alghadtv.m3u8
Al Hadath (1080p),https://shd-gcp-live.edgenextcdn.net/live/bitmovin-hadath/2ff87ec4c2f3ede35295a20637d9f8fd/index.m3u8
Al Hayat TV (720p),https://cdn3.wowza.com/5/OE5HREpIcEkySlNT/alhayat-live/ngrp:livestream_all/playlist.m3u8
Al Horreya TV (1080p),http://media.smc-host.com:1935/alhorreya.tv/mp4:alhorreya3/playlist.m3u8
Al Iraqia (1080p),https://imn-live.esite-lab.com/hls/iraqia-general.m3u8
Al Iraqia Kurdish (720p),https://imn-live.esite-lab.com/hls/iraqia-kurdish.m3u8
Al Iraqia News (720p),https://imn-live.esite-lab.com/hls/iraqia-news.m3u8
Al Iraqia Sport (720p),https://imn-live.esite-lab.com/hls/iraqia-sports-1.m3u8
Al Ittihad (552p) [Not 24/7],http://185.105.4.151:8080/_defapp_/ittihad/index.m3u8
Al Jadeed (1080p),http://185.9.2.18/chid_391/mono.m3u8
Al Janoub TV,https://live.alissahost.net/hls/test.m3u8
Al Jazeera (1080p),https://live-hls-apps-aja-fa.getaj.net/AJA/01.m3u8
Al Jazeera 2 (1080p),https://live-hls-web-aja2-gcp.thehlive.com/AJA2/index.m3u8
Al Jazeera Documentary (1080p) [Geo-blocked],https://live-hls-apps-ajd-fa.getaj.net/AJD/index.m3u8
Al Jazeera English (1080p),https://live-hls-apps-aje-fa.getaj.net/AJE/index.m3u8
Al Jazeera English HD (576p),http://stream.mcquack.net/131/index.m3u8
Al Jazeera Mubasher (1080p),https://live-hls-apps-ajm-fa.getaj.net/AJM/index.m3u8
Al Jazeera Mubasher 24 (1080p),https://live-hls-apps-ajm24-fa.getaj.net/AJM24/index.m3u8
Al Jazeera Mubasher Broadcast 2 (1080p),https://live-hls-apps-ajm2-fa.getaj.net/AJM2/index.m3u8
Al Maaref TV (1080p),https://bucharest.zeuscdn724.com/lb0/CH-AL-MA/index.m3u8
Al Madina (720p),https://streaming.zaytonatube.com:8081/AlMadinatv/almadina21/index.m3u8
Al Maghribia (1080p),http://185.9.2.18/chid_205/index.m3u8
Al Manar (576p) [Not 24/7],https://edge.fastpublish.me/live/index.m3u8
Al Masar TV (576p),https://starmenajo.com/hls/almasar/index.m3u8
Al Masirah (720p) [Not 24/7],https://live.cdnbridge.tv/Almasirah/Almasirah_all/playlist.m3u8
Al Masirah Mubacher (642p) [Not 24/7],https://live2.cdnbridge.tv/AlmasirahMubasher/Mubasher_All/playlist.m3u8
Al Masriyah (1080p),http://185.9.2.18/chid_247/index.m3u8
Al Mayadeen (576p),https://mdnlv.cdn.octivid.com/almdn/smil:mpegts.stream.smil/playlist.m3u8
Al Najah News (720p),https://streaming.najah.edu:8443/hls/AlNajah.m3u8
Al Qamar TV (1080p),https://streamer3.premio.link/alqamar/playlist.m3u8
Al Quran Al Kareem TV (720p),http://m.live.net.sa:1935/live/quran/gmswf.m3u8
Al Rafidain (720p) [Not 24/7],https://arrafidain.tvplayer.online/arrafidaintv/source/playlist.m3u8
Al Rasheed TV (1080p) [Not 24/7],https://media1.livaat.com/static/AL-RASHEED-HD/playlist.m3u8
Al Rayyan (1080p),https://alrayyancdn.vidgyor.com/pub-noalrayy3pwz0l/liveabr/playlist_dvr.m3u8
Al Rayyan Al Qadeem (1080p),https://alrayyancdn.vidgyor.com/pub-nooldraybinbdh/liveabr/playlist_dvr.m3u8
Al Resalah (1080p) [Geo-blocked],https://rotana.hibridcdn.net/rotananet/risala_net-7Y83PP5adWixDF93/playlist.m3u8
Al Ritmo del Jaripeo (720p),https://jmp2.uk/plu-68ba0910e1d03fec7d5c084f.m3u8
Al Riyadh Radio (1080p),https://live.kwikmotion.com/sbrksariyadhradiolive/srpksariyadhradio/playlist.m3u8
Al salir de clase,https://jmp2.uk/plu-65b91e530d9ab40008340d8d.m3u8
Al Saudiya (1080p),https://shd-gcp-live.edgenextcdn.net/live/bitmovin-saudi-tv/2ad66056b51fd8c1b624854623112e43/index.m3u8
Al Saudiya Alaan (1080p),https://shd-gcp-live.edgenextcdn.net/live/bitmovin-ksa-now/71ed3aa814c643306c0a8bc4fcc7d17f/index.m3u8
Al Shabab TV (1080p),http://149.100.11.244:8001/play/a07n/index.m3u8
Al Shallal TV (1080p),https://amg01480-alshallalfze-alshallal-ono-q0hfg.amagi.tv/playlist.m3u8
Al Sharqiya (1080p),http://185.9.2.18/chid_144/index.m3u8
Al Sharqiya Min Kabla (1080p),https://svs.itworkscdn.net/kablatvlive/kabtv1.smil/playlist.m3u8
Al Sunnah Al Nabawiyah TV (720p),http://m.live.net.sa:1935/live/sunnah/gmswf.m3u8
Al Wilayah (720p),https://nl.livekadeh.com/hls2/alwilayah_tv.m3u8
Al Wousta TV (1080p),https://svs.itworkscdn.net/alwoustalive/alwoustatv.smil/playlist.m3u8
Al Yaum TV (1080p),https://hlspackager.akamaized.net/live/DB/ALYAUM_TV/HLS/ALYAUM_TV.m3u8
Al-Aimma TV (1080p),https://alaimma.tv/live/index.m3u8
Al-Bahjah TV (1080p),http://202.150.161.117:8000/play/AlBahjahTV
Al-Fady TV (1080p) [Not 24/7],https://5d658d7e9f562.streamlock.net/alfadytv.tv/alfadytv.smil/playlist.m3u8
Al-Iman TV (720p),https://tv.aliman.id/aliman/live.m3u8
Al-Jawadain TV (1080p) [Not 24/7],https://live.aljawadain.org/live/aljawadaintv/playlist.m3u8
Al-MahdiTV (1080p),https://iptv.almahditv.com/almahditv/playlist.m3u8
Al-Naeem TV,http://37.238.136.61/hls/stream.m3u8
Al-Sahat TV (720p),https://assahat.b-cdn.net/Assahat/assahatobs/index.m3u8
Al-Sharqiya News (1080p),https://5d94523502c2d.streamlock.net/alsharqiyalive/mystream/playlist.m3u8
Al-Souriya TV (1080p),https://shd-gcp-live.edgenextcdn.net/live/bitmovin-al-souriya-tv/e3150760fa5fd62776225433b8c3d406/index.m3u8
Al-Zahra TV Turkic (720p) [Not 24/7],https://live.al-zahratv.com/live/playlist.m3u8
Alabama Weather Network (720p),https://alwxnet-ott-proxy.cloud9streaming.com/alwxnet/live/playlist.m3u8
Alabbassia TV (1080p),https://stream.alabbassia.com/live/alabbassia/index.m3u8
Alacantí TV (576p) [Not 24/7],https://streaming01.gestec-video.com/hls/artequatreAlacanti.m3u8
Alalam News Channel Syria (1080p),https://live2.alalam.ir/live/Alalam/index.m3u8
Alanya Posta TV (1080p),https://api-tv3.yayin.com.tr/postatv/postatv/playlist.m3u8
Alaska y Mario,https://jmp2.uk/plu-69c51060ed1b1f1acb5092dc.m3u8
Alau TV (576p),https://otv.wotom.net/alau/stream.m3u8
Alawla TV,https://live.alawla.tv/hls/stream.m3u8
AlbDreams TV (720p),http://live.albavision.net:1123/live/albdreams.m3u8
Alberto Sordi & Co (720p),https://253cf8b2.wurl.com/master/f36d25e7e52f1ba8d7e56eb859c636563214f541/UmFrdXRlblRWLWl0X1Jpc2F0ZWFsbGl0YWxpYW5hX0hMUw/playlist.m3u8
AlbKanale Music TV (1080p),https://albportal.net/albkanalemusic.m3u8
Alborz,https://ncdn.telewebion.ir/alborz/live/playlist.m3u8
Albricias TV (720p),https://live-evg10.tv360.bitel.com.pe/bitel/albriciastv/playlist.m3u8
AlbUK TV (1080p) [Not 24/7],http://albuk.dyndns.tv:1935/albuk/albuk.stream/playlist.m3u8
Alcance FM PLAY TV,https://video.wilohosting.com:19360/alcancefmtv/alcancefmtv.m3u8
Alcance TV (720p),https://5bf8041cb3fed.streamlock.net/AlcanceTV/AlcanceTV/playlist.m3u8
Alcance TV (720p),https://rv100.globalhost1.com:3516/live/tjjqdqurlive.m3u8
Alcarria TV (576p) [Not 24/7],http://217.182.77.27/live/alcarriatv-livestream.m3u8
Alcarrizos TV (720p) [Not 24/7],https://5790d294af2dc.streamlock.net/alcarrizostv/alcarrizostv/playlist.m3u8
Alegre TV RD (720p) [Not 24/7],https://streamunoapp.com:3149/live/alegretvlive.m3u8
Alegria TV (720p),https://lbgo.bozztv.com/ssh101/ssh101/confirmatv/playlist.m3u8
Aleph Business (1280p),https://streamw.m.ro/Aleph/ngrp:Alephbiz.stream_all/playlist.m3u8
Aleph News (720p),https://stream-aleph.m.ro/Aleph/ngrp:Alephnewsmain.stream_all/playlist.m3u8
Alert (576p) [Not 24/7],https://itv.streams.ovh/ALEERT/ALEERT/playlist.m3u8
Alerta Bogota (720p) [Geo-blocked],https://mdstrm.com/live-stream-playlist/69b2cdf98815b9b6c48c2532.m3u8
Alerta Cobra,https://jmp2.uk/plu-664c76d68ea5560008c6c7a4.m3u8
Alerte à Malibu,https://jmp2.uk/plu-60afaa535580be0007ac9ee4.m3u8
Alerte Cobra,https://jmp2.uk/plu-62f3e4bc08f5ec000744f552.m3u8
Alerth Alnabawi Channel (576p),http://82.212.74.2:8000/live/7307.m3u8
Alex Berlin (1080p),https://alex-stream.rosebud-media.de/bounce/alexlivetv50.smil/index.m3u8
Alfa & Omega Vision (480p) [Not 24/7],https://srv.panelcast.net/dorian/dorian/playlist.m3u8
Alfa Omega TV (1080p) [Not 24/7],https://aom-live.maghost.ro/aomTV/streams/OOztu5o9Fx6dh9mD1711027803849.m3u8
Alfa Sport (1080p) [Not 24/7],https://dev.aftermind.xyz/edge-hls/unitrust/alfasports/index.m3u8?token=%2A%2A%2A
Alföld TV (1080p),https://cloudfront41.lexanetwork.com:1344/relay01/livestream006.sdp/playlist.m3u8
Alfred Hitchcock Presents (1080p),https://xumo-xumoent-ch825-ku23q.fast.nbcuni.com/live/master.m3u8
Alghadeer TV (1080p),https://sd343444.vodu.store:3356/live/Alghadeer/index.m3u8
Alhaqeqa Aldawlia (1080p) [Not 24/7],https://ghaasiflu.online/alhqeqa/index.m3u8
Alhiwar TV (1080p) [Not 24/7],https://mn-nl.mncdn.com/alhiwar_live/smil:alhiwar.smil/playlist.m3u8
Alhurra (720p),https://mbn-ingest-worldsafe.akamaized.net/hls/live/2038900/MBN_Alhurra_Worldsafe_HLS/master.m3u8
Alhurra Iraq (720p),https://mbn-ingest-worldsafe.akamaized.net/hls/live/2038899/MBN_Iraq_Worldsafe_HLS/master.m3u8
Alice Nevers,https://jmp2.uk/plu-66d71f8ee5de930008016f83.m3u8
Alice Nevers,https://jmp2.uk/plu-66d9aa4315d2c60008d4ac40.m3u8
Alien Nation (1080p),https://linear-888.frequency.stream/dist/xumo/888/hls/master/playlist.m3u8
Alien Nation by DUST (1080p),https://aegis-cloudfront-1.tubi.video/baa32c24-e707-4bf8-9f81-d26eb6baa3dc/playlist.m3u8
Alien Nation by DUST (1080p),https://dqi7ayt2o24fn.cloudfront.net/playlist.m3u8
Aliento Vision (720p) [Not 24/7],https://627bb251f23c7.streamlock.net:444/Alientoenvivo/Alientoenvivo/playlist.m3u8
Alikhbaria Syria (1080p),http://185.9.2.18/chid_423/index.m3u8
Aliman TV (240p) [Not 24/7],https://svs.itworkscdn.net/alimanlive/imantv.smil/playlist.m3u8
Alistiqama TV (576p),https://jmc-live.ercdn.net/alistiqama/alistiqama.m3u8
Alkarma TV Australia (1080p),https://5a8308add0b31.streamlock.net/alkarmatv.com/alkarmaau.smil/playlist.m3u8
Alkarma TV Family (1080p) [Not 24/7],https://58cc65c534c67.streamlock.net/alkarmatv.com/alkarmaNA2.smil/playlist.m3u8
Alkarma TV Middle East (1080p) [Not 24/7],https://58cc65c534c67.streamlock.net/alkarmatv.com/alkarmame1.smil/playlist.m3u8
Alkarma TV North America & Canada (1080p) [Not 24/7],https://5aafcc5de91f1.streamlock.net/alkarmatv.com/alkarmana1.smil/playlist.m3u8
Alkarma TV Praise (720p) [Not 24/7],https://58cc65c534c67.streamlock.net/alkarmatv.com/alkarmapa.smil/playlist.m3u8
Alkarma TV Talmaza (Discipleship) (1080p) [Not 24/7],https://58cc65c534c67.streamlock.net/alkarmatv.com/alkarmame2.smil/playlist.m3u8
Alkarma TV Youth & English (1080p) [Not 24/7],https://5aafcc5de91f1.streamlock.net/alkarmatv.com/alkarmaus.smil/playlist.m3u8
Alkass Five (1080p),https://liveeu-gcp.alkassdigital.net/alkass5-p/main.m3u8
Alkass Four (1080p),https://liveeu-gcp.alkassdigital.net/alkass4-p/main.m3u8
Alkass One (1080p),https://liveeu-gcp.alkassdigital.net/alkass1-p/main.m3u8
Alkass Seven (1080p),https://liveeu-gcp.alkassdigital.net/alkass7-p/main.m3u8
Alkass SHOOF (1080p),https://liveeu-gcp.alkassdigital.net/shooflive/main.m3u8
Alkass SHOOF 2 (1080p),https://liveeu-gcp.alkassdigital.net/shooflive2/main.m3u8
Alkass Six (1080p),https://liveeu-gcp.alkassdigital.net/alkass6-p/main.m3u8
Alkass Three (1080p),https://liveeu-gcp.alkassdigital.net/alkass3-p/main.m3u8
Alkass Two (1080p),https://liveeu-gcp.alkassdigital.net/alkass2-p/main.m3u8
Alkhuzama Radio (1080p),https://live.kwikmotion.com/sbrksakhuzamaradiolive/srpkhuzama/playlist.m3u8
All Babies Channel (720p),https://d390zi2w1jc4t4.cloudfront.net/master.m3u8
All exclusive,https://jmp2.uk/plu-6577224bb3801200084865d6.m3u8
All My Children,https://jmp2.uk/plu-69b03041cafd86d9dc5763c3.m3u8
All Out Reality (1080p),https://d3kyucsyhwa3ht.cloudfront.net/All_Out_Reality.m3u8
All Reality WE tv (720p),https://jmp2.uk/plu-5e82530945600e0007ca076c.m3u8
All Time Movies (576p),https://mumt03.tangotv.in/Dsly5z3HALLTIMEMOVIES/index.m3u8
All Weddings We TV (720p) [Geo-blocked],https://pb-amiq9wz02dhco.akamaized.net/playlist.m3u8
ALLBLK Gems (720p),https://df1zke3zj042m.cloudfront.net/playlist.m3u8
Alle hassen Chris,https://jmp2.uk/plu-622f6e1e2792150007e0b2ff.m3u8
Allgäu TV (1080p),https://stream01.welocal.stream/stream/fhd-allgaeutv_25679/ngrp:stream_all/playlist.m3u8
AllHipHop (720p),https://stream.ads.ottera.tv/playlist.m3u8?content_livestream=1&network_id=11877
Allo Cine (1080p),https://d1yl6bf4hrzbr0.cloudfront.net/v1/master/3722c60a815c199d9c0ef36c5b73da68a62b09d1/cc-5km3zs4zs9sp0/allo.m3u8
Allociné (720p),https://jmp2.uk/plu-6618e3037bcd8600089b62a8.m3u8
ALLTV2 (480p) [Not 24/7],https://streams.comclark.com/pknsd/alltv/playlist.m3u8
Alma TV (576p),http://151.0.207.99:1935/AlmaTv/AlmaTv/playlist.m3u8
Almagd TV Middle East (1080p) [Not 24/7],https://597f64b67707a.streamlock.net/almagd.tv/almagd.smil/playlist.m3u8
Almagd TV North America (1080p),https://5aafcc5de91f1.streamlock.net/almagd.tv/almagd.smil/playlist.m3u8
Almahriah TV (576p),https://starmenajo.com/hls/almahriah/index.m3u8
Almaya TV (720p),https://video.hostingcaaguazu.com:19360/almayatv/almayatv.m3u8
Alone By History (720p),https://d3181anftsyl2u.cloudfront.net/v1/aenetworks_alone_1/samsungheadend_us/latest/main/hls/playlist.m3u8
Alpe d’Huez TV (720p) [Not 24/7],https://edge13.vedge.infomaniak.com/livecast/ik:adhtv/manifest.m3u8
Alpha Channel (720p),https://5b01a3d32b65c.streamlock.net:1936/tvalpha/tvalpha/playlist.m3u8
alpha Cinema (1080p),https://live.15plusmg.ru/memfs/b389173a-df4e-4171-8904-e249893e71eb.m3u8
Alpha Digital (480p),https://streamfi-alphatvdgtl1.zettawiseroutes.com:8181/hls/stream.m3u8
alpha Funny (1080p),https://live.15plusmg.ru/memfs/90b76c71-a86e-488a-aac4-cb66d6f88781.m3u8
alpha Moretime (1080p),https://live.15plusmg.ru/memfs/3546fc09-2eba-459d-9a1f-9a2fc39e50bd.m3u8
Alpha TV (1080p),https://alphatvlive2.siliconweb.com/alphatvlive/live_abr/playlist.m3u8
Alpo TV,https://vs.sednastream.com:1936/alportv/alportv/playlist.m3u8
Alquran (1080p),https://ktvlive.online/stream/hls/ch1.m3u8
Alsacias Televisión (ATV | Canal 28) (720p),https://s.emisoras.tv:8081/atv/index.m3u8
Alsat [Geo-blocked],https://vipottbpkstream.vip.hr/Content/onevip-hls/Live/Channel(Alsat_M)/index.m3u8
Alt Media TV,https://video.hostingcaaguazu.com:19360/altmedia/altmedia.m3u8
Altaghier TV (1080p),https://jmc-live.ercdn.net/altaghier/altaghier.m3u8
Altanto TV (1080p) [Not 24/7],https://stream.haislin.com/ls_j3BOKxBbUJ/index.m3u8
Altas TV (1080p),https://edge1.socialsmart.tv/altastv/bant1/playlist.m3u8
Altena TV (720p),https://dnx1f4sl30ba2.cloudfront.net/nlpo/clr-nlpo/altenatv/index.m3u8
Altenburg TV (1080p),https://58de7a369a9c4.streamlock.net/abgtv/abgtv_1080p/playlist.m3u8
Alterna TV (720p) [Not 24/7],https://tv.alterna.ar/stream/hls/live.m3u8
Alternativa TV (720p),https://live20.bozztv.com/giatv/giatv-alternativatv/alternativatv/playlist.m3u8
Althania (1080p),https://live.kwikmotion.com/syriatv02live/syriatv02.smil/playlist.m3u8
Althaqalayn TV,http://77.36.160.164:1935/live4/thaghalayn/playlist.m3u8
Althingi (1080p) [Not 24/7],https://althingi-live.secure.footprint.net/althingi/live/index.m3u8
Alto Adige TV (720p),https://5f204aff97bee.streamlock.net/AltoAdigeTV/livestream/playlist.m3u8
Altura TV (720p),https://live-evg10.tv360.bitel.com.pe/bitel/urbanatv/playlist.m3u8
ALTV (1080p),https://thaipbs-ujxrch.cdn.byteark.com/live/playlist_1080p/index.m3u8
Altyn Asyr (406p) [Not 24/7],https://alpha.tv.online.tm/hls/ch001.m3u8
Alvin Channel TV (360p) [Not 24/7],https://cdn10-alvinchannel.yayin.com.tr/alvinchannel/alvinchannel/playlist.m3u8
Alwafa Tarim TV (Am Media) (720p),https://ammedia.siar.us/ammedia/live/playlist.m3u8
Always Funny,https://jmp2.uk/plu-69eaa34817801c84fca05d94.m3u8
Always Funny Videos (720p),https://d24l3uppudokci.cloudfront.net/playlist.m3u8
Alwesam TV (1080p),https://stream.addresses-sat.com/Alwesam/index.m3u8
ALWifak News TV (720p),http://alwifaklive.info:1935/live/myStream/playlist.m3u8
AM Canal,https://streaming.bitsur.cl:3534/live/vdo1102live.m3u8
Amaga Television (720p),https://viewhn.com/amagatelevision/sdfUYWKegHKRPpSirG/playlist.m3u8
Amani TV (1080p) [Not 24/7],https://goccn.cloud/hls/amanitv/index.m3u8
Amarin TV,https://lb1-live-mv.v2h-cdn.com/hls/ffad/vibomi/vibomi.m3u8
AmarUjala (1080p),https://amarujala.ottlive.co.in/amarujala/index.m3u8
Amasia (720p),https://splendid-film-amasia-1-eu.rakuten.wurl.tv/playlist.m3u8
Amazing Discoveries TV (720p),https://uni01rtmp.tulix.tv/amazingdtv/amazingdtv/playlist.m3u8
Amazing Facts TV (1080p),https://hlspackager.akamaized.net/live/DB/AMAZING_FACTS/HLS/AMAZING_FACTS.m3u8
Amazon Sat (1080p),https://amazonsat.brasilstream.com.br/hls/amazonsat/index.m3u8
Amazonia TV,https://servilive.com:3199/live/amazoniatvlive.m3u8
Amazonica TV (720p),https://live-evg8.tv360.bitel.com.pe/bitel/amazonicatvSRT/playlist.m3u8
AMC (1080p),https://amchls.wns.live/hls/stream.m3u8
AMC (720p),http://23.239.31.26:8989/amc/index.m3u8
AMC Absolute Reality,https://amc-absolutereality-1-us.plex.wurl.tv/playlist.m3u8
AMC Cupid (1080p),https://a9c2affc.wurl.com/master/f36d25e7e52f1ba8d7e56eb859c636563214f541/U2Ftc3VuZy1nYl9BTUNDdXBpZF9ITFM/playlist.m3u8
AMC East (720p),http://190.11.225.124:5000/live/amc_hd/playlist.m3u8
AMC en Español (720p) [Geo-blocked],https://pb-fmbyorn1d0n1n.akamaized.net/v1/amc_amcespanol_3/samsungheadend_us/latest/main/hls/playlist.m3u8
AMC Europe,https://dokagents.site/live/amc/mono.m3u8
AMC Europe Bulgary,http://212.70.131.37:8000/play/a05k
AMC Europe Czech Republic,http://88.212.15.19/live/test_amc_25p/playlist.m3u8
AMC Europe Hungary,http://88.212.15.19/live/amc_hun/index.m3u8
AMC Latin America (1080p),http://45.162.193.35/AMC/index.m3u8
AMC Latin America (1080p),http://45.171.108.253:8888/AMC/index.m3u8
AMC Latin America Brazil (720p),http://170.83.49.66:8083/AMCHD/index.m3u8
AMC Reality (1080p),https://c9672376.wurl.com/master/f36d25e7e52f1ba8d7e56eb859c636563214f541/U2Ftc3VuZy1nYl9BTUNSZWFsaXR5X0hMUw/playlist.m3u8
AMC+ (720p),https://gpuserver3.tier1streams.com/AMC_PLUS/index.m3u8
Ame 47 (576p),https://ss2.tvrdomi.com:1936/ame47/ame47/playlist.m3u8
Amedia 1 (576p),http://31.148.48.15/A1/index.m3u8
Amedia 2 (576p),http://31.148.48.15/A2/index.m3u8
Amedia Hit (1080p),http://stream.mcquack.net/162/index.m3u8
Amedia Premium (720p),http://31.148.48.15/Amedia_Premium_HD/index.m3u8
América Estéreo Guayaquil (360p),https://video.makrodigital.com/americaestereoguayaquil/americaestereoguayaquil/playlist.m3u8
América Estéreo Ibarra (720p),https://video.makrodigital.com/americaestereoibarra/americaestereoibarra/playlist.m3u8
América Estéreo Quito (1080p),https://video.makrodigital.com/americaestereoquito/americaestereoquito/playlist.m3u8
América Estéreo Tulcán (614p),https://video.makrodigital.com/americaestereotulcan/americaestereotulcan/playlist.m3u8
America Paraguay,http://45.184.109.10/live/69393EAE6ADBC65A68F942022362A202/83.m3u8
America Television (1080p),http://45.171.108.253:8888/AMERICA/index.m3u8
América TeVé (1080p),https://live.gideo.video/americateve2/master.m3u8
America TV (1080p),http://playcom.trapemn.tv:1935/transcoderip/america.stream/playlist.m3u8
America's Boating Channel (1080p),https://streams2.sofast.tv/v1/master/611d79b11b77e2f571934fd80ca1413453772ac7/04c3a27e-c2a0-420b-8eef-7dae9ab93056/manifest.m3u8
America's Funniest Home Videos (720p),https://jmp2.uk/plu-69172f1699758a0f03459c5b.m3u8
America's Funniest Home Videos (720p),https://jmp2.uk/plu-69143e3abb69fb3258ba4944.m3u8
America's Funniest Home Videos (720p),https://jmp2.uk/plu-69143e7b0d121b44adfa1ff9.m3u8
America's Funniest Home Videos,https://jmp2.uk/plu-69143de2a570568f53230cab.m3u8
America's Funniest Home Videos,https://jmp2.uk/plu-690dc8ed1ee9b6ac66607ce2.m3u8
America's Funniest Home Videos,https://jmp2.uk/plu-691cf0410a78a9ce61ad2121.m3u8
America’s Funniest Home Videos (1080p),https://d1mp1kdk5zi1ie.cloudfront.net/playlist.m3u8
America's Got Talent (1080p),https://d2mexh8isep4mf.cloudfront.net/AmericasGotTalent_GB.m3u8
America's Got Talent (720p),https://d1i40wgstaij6f.cloudfront.net/webvtt/v1/18584c3f3a2a4df8/88886062/master.m3u8
America's Next Top Model,https://jmp2.uk/plu-686cd84603ad75cfd132d672.m3u8
America's Next Top Model,https://jmp2.uk/plu-686cd713e48af72bc250efb8.m3u8
America's Next Top Model,https://jmp2.uk/plu-6464cc595a0cd500088c7749.m3u8
America's Next Top Model,https://jmp2.uk/plu-6464cd7c7cb4b100086c71c9.m3u8
America's Next Top Model,https://jmp2.uk/plu-6464cdcaee6a2f000822a7a8.m3u8
America's Next Top Model,https://jmp2.uk/plu-68679fc6bb46d0bdd38ac9a4.m3u8
America's Next Top Model,https://jmp2.uk/plu-68757c45759366af05b3b199.m3u8
America's Test Kitchen (1080p) [Geo-blocked],https://pb-zwcfuzg8t5abc.akamaized.net/Americas_Test_Kitchen.m3u8
America's Voice (720p),https://content.uplynk.com/channel/26bd482ffe364a1282bc3df28bd3c21f.m3u8
America's Voice News (720p),https://jmp2.uk/plu-5e1f7da4bc7d740009831259.m3u8
American Crime Channel,https://d39g1vxj2ef6in.cloudfront.net/v1/master/3fec3e5cac39a52b2132f9c66c83dae043dc17d4/prod-rakuten-stitched/master.m3u8?ads.xumo_channelId=88883104
American Crimes (1080p),https://xumo-xumoent-vc-113-at8kn.fast.nbcuni.com/live/master.m3u8
American Crimes (1080p) [Geo-blocked],https://pb-kdyzf3w51y7oz.akamaized.net/master.m3u8
American Crimes (720p),https://jmp2.uk/plu-65492fc7056b9700088560b5.m3u8
American Horrors (480p),http://107.167.7.162:8081/playlist/amhor/playlist.m3u8
American Idol (1080p),https://d2yn8dyffvmgy.cloudfront.net/AmericanIdol_GB.m3u8
American Ninja Warrior (1080p),https://xumo-drct-ch812-n4996.fast.nbcuni.com/live/master.m3u8
American Pickers,https://jmp2.uk/plu-6408ae8f9b39550008caf94f.m3u8
American Pickers by History (1080p) [Geo-blocked],https://pb-k9ikw6ov8z4qi.akamaized.net/American_Pickers_by_History.m3u8
American Stories (1080p),https://linear-1016.frequency.stream/dist/stirr/1016/hls/master/playlist.m3u8
American Stories (720p),https://a-cdn.klowdtv.com/live2/asn/playlist.m3u8
Ameritrade (1080p) [Not 24/7],https://tdameritrade-vizio.amagi.tv/playlist.m3u8
AMG TV (1080p),https://2-fss-2.streamhoster.com/pl_138/201660-1270634-1/playlist.m3u8
Amga TV (720p) [Not 24/7],https://streamer1.connectto.com/AMGA_WEB_1202/playlist.m3u8
Amigos TV Chiquimula (480p),https://antmedia.cablevisionrobles.com:5443/LiveApp/streams/CqwAgRagMvBNYN8c1731608980342.m3u8
Amitel TV (720p),https://stv2.boliviaplay.com.bo/hls/stream.m3u8
Amman TV (720p),https://ammantv-live.ercdn.net/ammantvhd/ammantvhd.m3u8
Amou Yazid TV (576p),http://mkstream.servehttp.com:1940/AmouYazid/ay1/playlist.m3u8
Amouzesh,https://ncdn.telewebion.ir/amouzesh/live/playlist.m3u8
Amozhgary TV,https://app-live.org/live/3268334b/index.m3u8
Amrita TV (720p),https://ddash74r36xqp.cloudfront.net/master.m3u8
Amu TV,https://jmc-live.ercdn.net/amutv/amutv.m3u8
AMusic Channel (720p),http://mn-nl.mncdn.com/amusictv/amusicsrt.stream/playlist.m3u8
AMX Noticias (720p) [Not 24/7],https://5e50264bd6766.streamlock.net/mexiquense2/videomexiquense2/playlist.m3u8
An Giang TV1 (1080p) [Geo-blocked],https://tv.angiangtv.vn/live/kgtv/kgtv.m3u8
An Giang TV2 (1080p) [Geo-blocked],https://tv.angiangtv.vn/live/kgtv2/kgtv2.m3u8
An Giang TV3 (1080p) [Geo-blocked],https://tv.angiangtv.vn/live/kgtv1/kgtv1.m3u8
Ana y los 7,https://jmp2.uk/plu-5f1acce7f17797000718f9be.m3u8
Anadolu Net TV (1080p),https://live.artidijitalmedya.com/artidijital_anadolunet/anadolunet/playlist.m3u8
Anand TV (1080p),https://live.legitpro.co.in/anandtv/index.m3u8
Anand TV (720p) [Not 24/7],https://live-anandtv.anandmedia.net/anandtvapp/anandtv/index.m3u8
Ananda Barta (720p),https://account19.livebox.co.in/Anandabarta2hls/live.m3u8
Ananda TV (1080p),https://bozztv.com/rongo/rongo-AnandaTV/index.m3u8
ANB News (720p),https://server.livelegitpro.in:9899/anbnews/anbnews/index.m3u8
ANC (480p),https://streams.comclark.com/pknsd/anc/playlist.m3u8
ANC Television (720p),https://live.amelbatv.co:81/anctvlive/index.m3u8
Ancient Aliens (720p),https://jmp2.uk/plu-6887a8fd8e92b5e0a7244e88.m3u8
Ancient Aliens (720p) [Geo-blocked],https://pb-pp8kvdgef1gx5.akamaized.net/v1/ae_networks_ancientaliens_1/samsungheadend_us/latest/main/hls/playlist.m3u8
Andes Television (720p),https://live-evg7.tv360.bitel.com.pe/bitel/andestvSRT/playlist.m3u8
Andijon MTRK (576i),https://stream8.cinerama.uz/1457/tracks-v1a1/mono.m3u8
Andina RTV (720p),https://live-evg8.tv360.bitel.com.pe/bitel/andinatvSRT/playlist.m3u8
Ando TV (1080p),http://play.kankanlive.com/live/1711956137852982.m3u8
Andorra TV (1080p),https://livesg1.rtva.hiway.media/11a6d6f4-ee13-47c7-9c27-7313cf5424e2/manifest.m3u8
Andromeda,https://jmp2.uk/plu-6850335b5965a2fd49f7e36d.m3u8
Andromeda,https://jmp2.uk/plu-5e8db96bccae160007c71eec.m3u8
Andromeda Italy (720p),https://jmp2.uk/plu-60802d37ee238e0007c94e64.m3u8
Andy Haryana (576p),https://mumt03.tangotv.in/Dsly5z3HANDYHARYANA/index.m3u8
AnewZ,https://53be5ef2d13aa.streamlock.net/cubesanewz-secure/smil:cubesanewz-secure-web.smil/playlist.m3u8
Angel TV (720p),https://janya-digimix.akamaized.net/vglive-sk-394914/india/ngrp:angelindia_all/playlist.m3u8
Angel TV Africa (720p),https://janya-digimix.akamaized.net/vglive-sk-904559/africa/ngrp:angelafrica_all/playlist.m3u8
Angel TV America (720p),https://janya-digimix.akamaized.net/vglive-sk-374850/america/ngrp:angelamerica_all/playlist.m3u8
Angel TV Arabia (720p),https://janya-digimix.akamaized.net/vglive-sk-213167/arabia/ngrp:angelarabia_all/playlist.m3u8
Angel TV Australia (720p),https://janya-digimix.akamaized.net/vglive-sk-310787/australia/ngrp:angelaustralia_all/playlist.m3u8
Angel TV Chinese (720p),https://janya-digimix.akamaized.net/vglive-sk-999451/chinese/ngrp:angelchinese_all/playlist.m3u8
Angel TV Europe (720p),https://janya-digimix.akamaized.net/vglive-sk-512011/europe/ngrp:angeleurope_all/playlist.m3u8
Angel TV FarEast (720p),https://janya-digimix.akamaized.net/vglive-sk-438760/fareast/ngrp:angelfareast_all/playlist.m3u8
Angel TV Hebrew (720p),https://janya-digimix.akamaized.net/vglive-sk-150533/hebrew/ngrp:angelhebrew_all/playlist.m3u8
Angel TV Indo-China (720p),https://janya-digimix.akamaized.net/vglive-sk-703035/indochina/ngrp:angelindochina_all/playlist.m3u8
Angel TV Indonesia (720p),https://janya-digimix.akamaized.net/vglive-sk-234616/indonesia/ngrp:angelindonesia_all/playlist.m3u8
Angel TV Nepal (720p),https://janya-digimix.akamaized.net/vglive-sk-109639/nepali/ngrp:angelnepali_all/playlist.m3u8
Angel TV Portuguese (720p),https://janya-digimix.akamaized.net/vglive-sk-382409/portuese/ngrp:angelportuguese_all/playlist.m3u8
Angel TV Russian (720p),https://janya-digimix.akamaized.net/vglive-sk-955415/russia/ngrp:angelrussia_all/playlist.m3u8
Angel TV Spanish (720p),https://janya-digimix.akamaized.net/vglive-sk-351398/spanish/ngrp:angelspanish_all/playlist.m3u8
Angelus TV (1080p),https://video.angelustv.ro/hls/angelustv.m3u8
Anger Management Channel (1080p),https://amg00353-lionsgatestudio-angermgmt-samsungau-o9jg9.amagi.tv/playlist/amg00353-lionsgatestudio-angermgmt-samsungau/playlist.m3u8
Angers Tele (180p),https://raw.githubusercontent.com/Sibprod/streams/main/ressources/dm/py/hls/angerstele.m3u8
Anhui TV,https://restream.pdtvhd.com/memfs/c1cd2ed0-3b2b-4c25-af98-a7fb0b1eb130.m3u8
Ani (576p),http://46.32.176.50/anitv/index.m3u8
Ani-Blast (720p),https://amg19223-amg19223c9-amgplt0019.playout.now3.amagi.tv/playlist/amg19223-amg19223c9-amgplt0019/playlist.m3u8
ANIMAL KINGDOM (720p),https://cdn6.goprimetime.info/feed/202306140918/LC18/index.m3u8
Animation+ (1080p) [Geo-blocked],https://pb-ioe9d0fpkd6pp.akamaized.net/playlist.m3u8
Animax Asia India (1080p) [Geo-blocked],https://amg02159-kcglobal-amg02159c1-samsung-in-521.playouts.now.amagi.tv/playlist/amg02159-kcglobal-animax-samsungin/playlist.m3u8
Animax Asia Philippines (576p),https://thinkkast.dpdns.org/thinkkast/cg_animax_sd_new/versiglia/index.m3u8
Anime Vision (1080p),https://d1ujfw1zyymzyd.cloudfront.net/v1/master/3722c60a815c199d9c0ef36c5b73da68a62b09d1/cc-a6fukwkbxmex8/live/fast-channel-animevision-64527ec0/fast-channel-animevision-64527ec0.m3u8
Anime Vision Classics (1080p),https://d82pyvmcw2kdc.cloudfront.net/v1/master/3722c60a815c199d9c0ef36c5b73da68a62b09d1/cc-swfivzrzwamaq/live/fast-channel-animevisionclassics-efc8dc6d/fast-channel-animevisionclassics-efc8dc6d.m3u8
ANIME x HIDIVE (720p) [Geo-blocked],https://d3f088nnrrvkwf.cloudfront.net/v1/amc_anime_x_hidive_1/samsungheadend_us/latest/main/hls/playlist.m3u8
Anime Zone TV (480p),http://animezonetv.net/hls/stream.m3u8
Aniplus Asia (720p),https://amg18481-amg18481c1-amgplt0352.playout.now3.amagi.tv/playlist/amg18481-amg18481c1-amgplt0352/playlist.m3u8
Anixe + (360p),https://ma.anixa.tv/clips/stream/anixesd/index.m3u8
Anixe HD Serie (360p),https://ma.anixa.tv/clips/stream/anixehd/index.m3u8
Anjan TV (720p),https://anjan.vstream.online/anjanorg/ngrp:anjan_hdall/playlist.m3u8
Anmol Cinema (576p),http://103.175.73.12:8080/live/271/271_0.m3u8
Anmol Cinema 2 (576p),http://103.175.73.12:8080/live/257/257_0.m3u8
Anmol TV (576p),http://103.175.73.12:8080/live/256/256_0.m3u8
Anshun Comprehensive News Channel,https://hplayer1.juyun.tv/camera/154379194.m3u8
ANT1 (1080p) [Geo-blocked],https://mcdn.antennaplus.gr/live/media0/Ant1/HLS/Ant1.m3u8
ANT1 Cyprus (1080p),http://l2.cloudskep.com/ant1cm2/abr/playlist.m3u8
Antara TV,https://indihuy.streamized.net/atm/DASH/antara/manifest.mpd
Antares Televisión (720p) [Not 24/7],https://5c3fb01839654.streamlock.net:1963/iptvantares/liveantarestv/playlist.m3u8
Antena 1 (1080p),http://bantel-cdn1.iptvperu.tv:1935/btnscrtn/antenauno.stream/playlist.m3u8
Antena 3 Internacional,http://177.10.184.193:8000/play/a06a/index.m3u8
Antena 7 (480p),https://d3gie3ig6argu.cloudfront.net/ts:abr.m3u8
Antena 21 (480p),https://d1ypfac91iuc9g.cloudfront.net/ts:abr.m3u8
Antena International (720P),https://stream1.antenaplay.ro/as/asrolive1/playlist.m3u8
Antena Monden (720p),https://stream1.antenaplay.ro/live/AntenaMonden/playlist.m3u8
Antena Seis TV (720p) [Geo-blocked],https://video1.azulstream.com:8081/antenaseistv/index.m3u8
Antena SUR (720p),https://cloudpro.servidoresdestream.com:8081/8010/index.m3u8
Antena TV,https://5ca9af4645e15.streamlock.net/grd/videogrd/playlist.m3u8
Antena Uno RadioVideo (360p),https://tvdatta.com:3578/live/antenaunolive.m3u8
Antenna 2 TV (720p),https://58f12ffd2447a.streamlock.net/Antenna2/livestream/playlist.m3u8
Antenna Sud (720p),https://live.antennasudwebtv.it:9443/hls/vod.m3u8
Antenna Sud Extra (720p),https://live.antennasudwebtv.it:9443/hls/vod92.m3u8
Antenna Tre Veneto (480p) [Geo-blocked],https://59d8c0cee6f3d.streamlock.net/antennatreveneto/antennatreveneto.stream/playlist.m3u8
Antenna TV (576p),https://gpuserver3.tier1streams.com/ANTENNA_TV/index.m3u8
Antenne A,http://51.254.199.122:8080/antenne_a-plus/index.m3u8
Antenne Kaernten (720p),https://60efd7a2b4d02.streamlock.net/a_kaernten/ngrp:livestream_all/playlist.m3u8
Antenne Réunion (720p) [Not 24/7],https://live-antenne-reunion.zeop.tv/live/c3eds/antreunihd/hls_fta/antreunihd.m3u8?location=ZEOP01
Antenne Steiermark (720p),https://60efd7a2b4d02.streamlock.net/a_steiermark/ngrp:livestream_all/playlist.m3u8
Antenne Vorarlberg (720p) [Not 24/7],https://5857db5306b83.streamlock.net/antennevorarlberg-live/_definst_/mp4:livestream/playlist.m3u8
Anthony Bourdain: Parts Unknown,https://jmp2.uk/plu-69173ce8abd4703b27f71d44.m3u8
Antik Info TV (1080p),https://dash4.antik.sk/live/test_infokanal_tizen/playlist.m3u8
Antiques Road Show UK (720p),https://jmp2.uk/plu-638e10de75c3a30007092693.m3u8
Antiques Roadshow PBS (1080p),https://amg00953-pbsusa-antiroadshow-xumo-x6ud5.amagi.tv/playlist.m3u8
Antiques Roadshow UK (1080p),https://bbc-antiquesroadshowuk-1-us.roku.wurl.tv/playlist.m3u8
Antofagasta TV (ATV) (1080p),https://unlimited6-cl.dps.live/atv/atv.smil/playlist.m3u8
ANTV (1080p),https://liveh12.vtvprime.vn/hls/ANNINHTV/index.m3u8
ANTV (720p),http://103.58.160.157:8278/720-ANTV/playlist.m3u8
Anwar TV2 (720p),https://cloud.odysee.live/content/f92670235a1ce2bce4cf77671cc4dcc2188baa1d/master.m3u8
Anzoátegui TV (360p) [Not 24/7],https://vcp2.myplaytv.com/anzoateguitv/anzoateguitv/playlist.m3u8
AP TV,https://59nyqg8elwap-hls-live.5centscdn.com/APTV/85c20905211659d143febd7c32592ee0.sdp/playlist.m3u8
APA Tv (1080p),http://stream.apa.tv/apastream/index.m3u8
apart TV (1080p),https://2-fss-2.streamhoster.com/pl_124/206820-4338160-1/playlist.m3u8
Apna Channel (576p),http://115.42.65.142:9981/stream/channelid/1273966657
Apna Punjab TV (720p),https://plus.gigabitcdn.net/live-stream/apna-punjab-H3sE/playlist.m3u8
Apocalipsis TVD (720p),https://us.streaminghd.cl/apocalipsistvd/video.m3u8
Apostol TV (576p),https://live.apostoltv.hu/live/playlist.m3u8
Apostrophe TV (1080p),https://ext.cdn.nashnet.tv/228.0.2.165/index.m3u8
Approval TV (720p),https://live.approvaltv.com/approvaltv/index.m3u8
Apsara TV11 (720p),https://live.ams.com.kh/app/stream/playlist.m3u8
Apsua TV,https://gcmx3v3owcj.a.trbcdn.net/livemaster/ba7pu_fgej0zelpw.smil/playlist.m3u8?blstid=null
APTN Beyond (720p),https://jmp2.uk/plu-68b9afd66985e192657a2b7f.m3u8
Aqjaiyq (576p),https://stream.kaztrk.kz/regional/oraltv/index.m3u8
Aqlvoy,https://stream8.cinerama.uz/1205/tracks-v1a1/mono.m3u8
Aqtóbe (576p),https://stream.kaztrk.kz/regional/aktobetv/index.m3u8
Aqui No Hay Quien Viva [_Geo-blocked_],https://fast-channels.atresmedia.com/161689f1897ccaaef9a6039cc591f292b259b62e/648ef3951756b0e425af83cc/648ef3951756b0e425af83cc/3.m3u8
Ara,https://ncdn.telewebion.ir/ara/live/playlist.m3u8
AraBel (180p),https://raw.githubusercontent.com/Sibprod/streams/main/ressources/dm/py/hls/arabel.m3u8
Arabí TV (1080p),https://streamtv2.elitecomunicacion.cloud:3628/live/arabitv2025live.m3u8
Arabica TV (720p),http://istream.binarywaves.com:8081/hls/arabica/playlist.m3u8
ArabTV (720p),https://video03.logicahost.com.br/arabtvchile/arabtvchile/playlist.m3u8
Aradana TV (576p),https://cdn-1.pishow.tv/live/961/master.m3u8
Aragon TV Internacional (720p) [Not 24/7],https://cartv.streaming.aranova.es/hls/live/aragontv_canal1.m3u8
Araruna TV,https://video05.logicahost.com.br/ararunatv/ararunatv/playlist.m3u8
ARAS TV (576p) [Not 24/7],http://1.rtmp.org/tv217/yayin.stream/playlist.m3u8
Aratu On,https://cdn.live.br1.jmvstream.com/w/LVW-9359/LVW9359_XSyReL0QVf/playlist.m3u8
Arax TV,https://araxhls.wns.live/hls/stream.m3u8
ARB 24,https://raw.githubusercontent.com/UzunMuhalefet/streams/main/myvideo-az/arb-24.m3u8
ARB Gunes,https://raw.githubusercontent.com/UzunMuhalefet/streams/main/myvideo-az/arb-gunes.m3u8
Árbol de Vida TV (240p) [Not 24/7],https://yupistream.top:19360/livearbol/livearbol.m3u8
Archivos Extraterrestres,https://jmp2.uk/plu-645d1abbe1979c0008779d5a.m3u8
Archivos Forenses,https://jmp2.uk/plu-5f984f4a09e92d0007d74647.m3u8
ARD-alpha (720p),https://mcdn.br.de/br/fs/ard_alpha/hls/de/master.m3u8
ARDB TV (1080p) [Not 24/7],https://ardbtv.ardb.com.kh:8443/tv-live/tv-online.m3u8
Are We There Yet? (1080p),https://amg00353-lionsgatestudio-arewethereyet-samsunguk-6h2ju.amagi.tv/playlist/amg00353-lionsgatestudio-arewethereyet-samsunguk/playlist.m3u8
Are You The One?,https://jmp2.uk/plu-61c091c39863900007ac9e8f.m3u8
Are You The One?,https://jmp2.uk/plu-61c1db8ed6d97900076ea15c.m3u8
Are You The One?,https://jmp2.uk/plu-61c0ac242bb0cf0007015f89.m3u8
Arena Fight (1080p),https://nl1.nghk.ai/ArenaFight/index.m3u8
Arena Sport 1 (1080p),https://nl1.nghk.ai/ArenaSport1BH/index.m3u8
Arena Sport 1 (720p),https://nl1.nghk.ai/AS1HRHD/index.m3u8
Arena Sport 1 (1080p),https://nl1.nghk.ai/ArenaSport1HD/index.m3u8
Arena Sport 1,https://lb.dstvmultimedia.com/AS1SLOHD/index.m3u8
Arena Sport 1,http://88.212.15.19/live/test_arenasport/playlist.m3u8
Arena Sport 1 Premium (720p),https://nl1.nghk.ai/ArenaPremium1HD/index.m3u8
Arena Sport 2 (1080p),https://nl1.nghk.ai/ArenaSport2BH/index.m3u8
Arena Sport 2 (720p),https://nl1.nghk.ai/AS2HRHD/index.m3u8
Arena Sport 2 (1080p),https://nl1.nghk.ai/ArenaSport2HD/index.m3u8
Arena Sport 2,https://lb.dstvmultimedia.com/AS2SLOHD/index.m3u8
Arena Sport 2,http://88.212.15.19/live/test_arenasport_dva/playlist.m3u8
Arena Sport 2 Premium (1080p),https://nl1.nghk.ai/ArenaPremium2HD/index.m3u8
Arena Sport 3 (720p),https://nl1.nghk.ai/ArenaSport3BH/index.m3u8
Arena Sport 3 (1080p),https://nl1.nghk.ai/AS3HRHD/index.m3u8
Arena Sport 3 (720p),https://nl1.nghk.ai/ArenaSport3HD/index.m3u8
Arena Sport 3 (1080p),http://143.244.62.109/as3slo/index.m3u8
Arena Sport 3 Premium (1080p),https://nl1.nghk.ai/ArenaPremium3HD/index.m3u8
Arena Sport 4 (1080p),https://nl1.nghk.ai/ArenaSport4BH/index.m3u8
Arena Sport 4 (1080p),https://nl1.nghk.ai/AS4HRHD/index.m3u8
Arena Sport 4 (1080p),https://nl1.nghk.ai/ArenaSport4HD/index.m3u8
Arena Sport 4 Premium (1080p),https://nl1.nghk.ai/SK1SRHD/index.m3u8
Arena Sport 5 (720p),https://nl1.nghk.ai/AS5HRHD/index.m3u8
Arena Sport 5 (1080p),https://nl1.nghk.ai/ArenaSport5HD/index.m3u8
Arena Sport 5 BH (1080p),https://nl1.nghk.ai/ArenaSport5BH/index.m3u8
Arena Sport 5 Premium,https://nl1.nghk.ai/SK2SRHD/index.m3u8
Arena Sport 6 (720p),https://nl1.nghk.ai/AS6HRHD/index.m3u8
Arena Sport 6 (1080p),https://nl1.nghk.ai/ArenaSport6HD/index.m3u8
Arena Sport 7 (720p),https://nl1.nghk.ai/AS7HRHD/index.m3u8
Arena Sport 7 (720p),https://nl1.nghk.ai/ArenaSport7HD/index.m3u8
Arena Sport 8 (1080p),https://nl1.nghk.ai/AS8HRHD/index.m3u8
Arena Sport 8 (720p),https://nl1.nghk.ai/ArenaSport8HD/index.m3u8
Arena Sport 9 (1080p),https://nl1.nghk.ai/AS9HRHD/index.m3u8
Arena Sport 9 (720p),https://nl1.nghk.ai/ArenaSport9HD/index.m3u8
Arena Sport 10 (720p),https://nl1.nghk.ai/AS10HRHD/index.m3u8
Arena Sport 10 (720p),https://nl1.nghk.ai/ArenaSport10HD/index.m3u8
Arena Sport Adrenalin (1080p),https://nl1.nghk.ai/SK3SRHD/index.m3u8
Arena Sport Premium 1 BH (1080p),https://nl1.nghk.ai/ArenaPremium1BH/index.m3u8
Arena Sport Premium 2 BH (720p),https://nl1.nghk.ai/ArenaPremium2BH/index.m3u8
Arena Sport Premium 3 BH (720p),https://nl1.nghk.ai/ArenaPremium3BH/index.m3u8
Arena Sport Tenis (720p),https://nl1.nghk.ai/SK4SRHD/index.m3u8
Argentinísima Satelital (540p),https://stream1.sersat.com/hls/argentinisima.m3u8
Argus News (1080p),https://d35j504z0x2vu2.cloudfront.net/v1/master/0bc8e8376bd8417a1b6761138aa41c26c7309312/argus-news/index.m3u8?ads.vf=IvskZqDOz5G
Arica TV (480p) [Not 24/7],https://5eff35271151c.streamlock.net:1936/8002/8002/playlist.m3u8
Arirang Radio (720p),http://amdlive-ch01.ctnd.com.edgesuite.net/arirang_3ch/smil:arirang_3ch.smil/playlist.m3u8
Arirang TV (1080p),http://amdlive-ch01.ctnd.com.edgesuite.net/arirang_1ch/smil:arirang_1ch.smil/playlist.m3u8
Arirang TV HD (720p),http://45.162.64.114/ARIRANG/index.m3u8
Arirang TV UN (1080p),https://amdlive-ch02-ctnd-com.akamaized.net/arirang_2ch/smil:arirang_2ch.smil/playlist.m3u8
Aristo TV (360p),https://ma.anixa.tv/clips/stream/aristo/index.m3u8
Ark TV (1080p) [Not 24/7],https://stream.hydeinnovations.com/arktv-international/index.fmp4.m3u8
Arkadag TV (406p) [Not 24/7],https://alpha.tv.online.tm/hls/ch000.m3u8
Arkansas PBS [Geo-blocked],https://ketsdt.lls.pbs.org/out/v1/03c094dbd7874a4a8c3fe9fb10081bdb/index.m3u8
Arko TV,https://arkhls.wns.live/hls/stream.m3u8
Arlaadi TV,https://ap02.iqplay.tv:8082/iqb8002/alr114iapp/playlist.m3u8
Armenia 1 (1080p),https://ifl01eu-new.bozztv.com/am1abr/index.m3u8
Armenia 1 America (1080p),https://amtvusdvr.tulix.tv/am4abr/index.m3u8
Armenia 1 Sattelite (1080p),https://amtv.tulixcdn.com/amtv2/am2abr/index.m3u8
Armenia 2 (1080p),https://amtv.tulixcdn.com/amtv3/am3abr/index.m3u8
Armenia Premium (720p),http://stream.mcquack.net/123/index.m3u8
Armenia TV Satellite (576p),http://stream.mcquack.net/175/index.m3u8
Army TV (1080p),https://api-tv.ipnet.ua/api/v1/manifest/2118742632.m3u8
Arpegio TV (720p),https://live-evg8.tv360.bitel.com.pe/bitel/arpegioSRT/playlist.m3u8
Arputhar Yesu TV (720p),https://arputharyesutv.arputharyesutv.com/live/md/index.m3u8
Arryadia,http://149.100.11.252:8000/play/a065/index.m3u8
ART (1080p),https://rumble.com/live-hls-dvr/78ixwi/playlist.m3u8
ART (576p),http://89.104.114.24:8080/art/index.m3u8
ART Television (720p),https://mini.allinonereborn.fun/tata.php?id=11585
ART TV,https://rtmp.win:3696/live/arttvgrlive.m3u8
ARTE (720p) [Geo-blocked],https://artesimulcast.akamaized.net/hls/live/2030993/artelive_de/index.m3u8
arte (720p),http://145.239.5.177/300/index.m3u8
Arte 1 (720p),http://45.162.64.114/ARTE1/index.m3u8
arte HD,https://dash4.antik.sk/live/test_arte_avc_25p/playlist.m3u8
Artflix Movie Classics (720p),https://amogonetworx-artflix-1-nl.samsung.wurl.tv/playlist.m3u8
Arthur,https://jmp2.uk/plu-6482f27c17f5e10008c10ff0.m3u8
Arthur,https://jmp2.uk/plu-62556bfa3261a300076b0baa.m3u8
Artist of the Year (1080p) [Geo-blocked],https://d3cm8xyrjwa22p.cloudfront.net/30504/88896035/hls/master.m3u8?ads.xumo_channelId=88896035
ARTN TV (1080p) [Not 24/7],https://streamer1.connectto.com/ARTN_mobile/index.m3u8
ARTV (720p),http://45.162.193.35/ARTV/index.m3u8
ARTV Canal Parlamento (720p) [Not 24/7],https://playout172.livextend.cloud/liveiframe/_definst_/liveartvabr/playlist.m3u8
Aruba.TV (1080p),https://cdn01.setar.aw/Canal49/canal49/playlist.m3u8
ArubaTV +,https://rtmpcontrol.com:1936/atvplus/ngrp:atvplus_all/playlist.m3u8
Aruljothi TV (576p),https://jothi.inet.moe/jothitv/index.m3u8
Arvan TV,https://arvhls.wns.live/hls/stream.m3u8
ARY Digital USA (720p) [Not 24/7],https://6zklx4wryw9b-hls-live.5centscdn.com/arydigitalusa/498f1704b692c3ad4dbfdf5ba5d04536.sdp/playlist.m3u8
ARY Musik (1080p),https://arymusik.aryzap.com/3fd38b2c62d0c3bbd74aedabb533c03a/6459fa78/v1/01847ac7a4930b8ed5aa6ed04aba/01847ac8f5f70b8ed5aa6ed04abd/main.m3u8
ARY News (576p),http://115.42.65.142:9981/stream/channelid/322092446
ARY Zindagi (576p),http://115.42.65.142:9981/stream/channelid/1064070262
Aryan TV National (576p),https://mumt04.tangotv.in/m18aqlK4ARYANTVNATIONAL/index.m3u8
Aryen TV (1080p) [Not 24/7],https://aryen.tv/live/tv/playlist.m3u8
AS3 Sport TV (1080p),https://streamtv.as3sport.online:3394/hybrid/play.m3u8
As Contenidos (720p),https://master.tucableip.com/ascontenido/index.m3u8
Aşgabat (406p) [Not 24/7],https://alpha.tv.online.tm/hls/ch006.m3u8
Asharq Discovery (1080p),https://svs.itworkscdn.net/asharqdiscoverylive/asharqd.smil/playlist_dvr.m3u8
Asharq Documentary (1080p),https://svs.itworkscdn.net/asharqdocumentarylive/asharqdocumentary.smil/playlist_dvr.m3u8
Asharq News (1080p),https://live-news.asharq.com/asharq.m3u8
Asharq Radio (1080p),https://svs.itworkscdn.net/asharqradiovlive/asharqradiov/playlist.m3u8
Ashiil TV (480p),https://wahyu1ptv.pages.dev/AshiilTV-HD.m3u8
Así Sucede Guanajuato (720p) [Not 24/7],https://stream.oursnetworktv.com/latin/encoder13/playlist.m3u8
Asia TV (720p),https://stream.asiatvnet.com/1/live/master.m3u8
Asian Culture TV (1080p),https://cdn.vegasplus.us/vegas/actv/playlist.m3u8
Asian TV (720p),https://tvsen6.aynaott.com/asiantv/index.m3u8
AsianBox (1080p),https://cdn4.skygo.mn/live/disk1/AsianBOX/DASH-FTA/AsianBOX.mpd
AsianCrush (1080p),https://linear-900.frequency.stream/dist/cineverse/900/hls/master/playlist.m3u8
Asianet (576p),https://anet.keralive.workers.dev/v1/master/a0d007312bfd99c47f76b77ae26b1ccdaae76cb1/starasianet1_live_https/index.m3u8
Asianet Middle East (576p),https://mumt03.tangotv.in/Dsly5z3HASIANETMIDDLEEAST/index.m3u8
Asianet Movies (576p),https://anet.keralive.workers.dev/v1/master/a0d007312bfd99c47f76b77ae26b1ccdaae76cb1/asianetmovies_live_https/index.m3u8
Asianet Movies HD (1080p),http://149.71.34.166:8000/play/a06e/index.m3u8
Asianet News (1080p),https://amg13737-amg13737c1-amgplt0016.playout.now3.amagi.tv/playlist/amg13737-amg13737c1-amgplt0016/playlist.m3u8
Asianet Plus (396p),https://anet.keralive.workers.dev/v1/master/a0d007312bfd99c47f76b77ae26b1ccdaae76cb1/asianetplus_live_https/index.m3u8
Asianet Suvarna News (1080p) [Not 24/7],https://asianetnews.vgcdn.net/vglive-sk-335835/playlist.m3u8
Asil TV (576p),https://live.asil.tv/asiltv/index.m3u8
AsiriTV (720p) [Not 24/7],https://video2.lhdserver.es/asiritv/live.m3u8
Asomavisión (614p),https://asomatv.cloud-ip.cc/livestream/stream.m3u8
Aspire (1080p),https://gpuserver3.tier1streams.com/ASPIRE/index.m3u8
Assam Talks (576p),https://trs1.aynaott.com/AssamTalks/index.m3u8
Assassination Classroom,https://jmp2.uk/plu-65a7d99f4a10d800086083a9.m3u8
Assen TV (720p),https://takeoff.jetstre.am/?account=OmroepAssen&file=OmroepAssenTV%2Fplaylist.m3u8&output=playlist.m3u8&protocol=https&service=webdav&type=live
Assirat TV (576p),https://softverse.b-cdn.net/Assirat/assiratobs/playlist.m3u8
Assombrações,https://jmp2.uk/plu-620d1512c7986a0007220213.m3u8
AssyriaSat (720p) [Not 24/7],http://66.242.170.53/hls/live/temp/index.m3u8
Astana TV (576p),http://stream.mcquack.net/28/index.m3u8
Astha TV (1080p) [Not 24/7],https://hgmtv.com:19360/asthatv/asthatv.m3u8
Astra TV (1080p),https://server.gointernet.gr/live/livestream.m3u8
Astro Blitar TV (720p),https://5bf7b725107e5.streamlock.net/abtv/abtv/playlist.m3u8
ASTV News 1 (720p) [Not 24/7],http://news1.live14.com/stream/news1.m3u8
AT5,https://takeoff.jetstre.am/?account=atvijf&file=live&output=playlist.m3u8&protocol=https&service=wowza&type=live
At Home with Family Handyman (720p),https://d1ik2p49apxqjf.cloudfront.net/playlist.m3u8
Atabal TV (1080p) [Not 24/7],https://vdopanel.jlahozconsulting.com:3648/live/atabaltvlive.m3u8
Atacama Noticias (720p) [Not 24/7],https://v2.tustreaming.cl/atacamanoticias/index.m3u8
Atacama TV (Copiapó) (720p) [Not 24/7],https://v2.tustreaming.cl/atacamatv/index.m3u8
Atambua TV (720p),http://122.248.43.242:1935/ATAMBUATV/_definst_/myStream/playlist.m3u8
ATB La Paz (1080p),http://15.204.246.24:8080/ATBHD/index.m3u8
Atcco Canal 2,https://ola1.com.ar/atccohd/playlist.m3u8
Atfal & Mawaheb TV (1080p),https://5aafcc5de91f1.streamlock.net/atfal1.com/atfal2/playlist.m3u8
ATG Live (720p),https://kanal75xto-llhls.akamaized.net/live/Data/atg-kanal-15-02a-rr/HLS-Legacy-HL/atg-kanal-15-02a-rr.m3u8
ATL 26,https://securestream11.champds.com/LIVE/AtlantaGALIVE/AtlantaGALIVE.m3u8
Atlanta Channel (720p),http://media4.tripsmarter.com:1935/LiveTV/ACVBHD/playlist.m3u8
Atlantis Radio TV (720p),https://live-evg8.tv360.bitel.com.pe/bitel/atlantisSRT/playlist.m3u8
Atlas (480p),https://cdn.whiplash.cc/whiplash-atlas/index.m3u8
ATM Rozrywka REWORK (1080p),http://51.38.132.146:8877/ATMRR/index.m3u8
Atmadarshan Tv (720p),https://d35j504z0x2vu2.cloudfront.net/v1/master/0bc8e8376bd8417a1b6761138aa41c26c7309312/atmadarshan-tv/index.m3u8?ads.vf=7uUA7ZPQxdm
ATN Bangla (720p),https://tvsen5.aynaott.com/atnbangla/index.m3u8
ATN Bangla UK (576p),https://app.ncare.live/c3VydmVyX8RpbEU9Mi8xNy8yMDE0GIDU6RgzQ6NTAgdEoaeFzbF92YWxIZTO0U0ezN1IzMyfvcGVMZEJCTEFWeVN3PTOmdFsaWRtaW51aiPhnPTI2/atnbanglauk-off.stream/playlist.m3u8
ATN Music (360p),https://app.ncare.live/c3VydmVyX8RpbEU9Mi8xNy8yMDE0GIDU6RgzQ6NTAgdEoaeFzbF92YWxIZTO0U0ezN1IzMyfvcGVMZEJCTEFWeVN3PTOmdFsaWRtaW51aiPhnPTI/atnmusic.stream/playlist.m3u8
ATN News (1080p),https://bozztv.com/rongo/rongo-ATNNews/index.m3u8
Atomic Academy TV (480p),https://atomic.streamnet.ro/academia.m3u8
Atomic TV (360p),https://atomic.streamnet.ro/atomictv.m3u8
ATR (720p),https://atr-live.cdn-01.cosmonova.net.ua/hls/atr_ua_hi/index.m3u8
Atrak,https://ncdn.telewebion.ir/atrak/live/playlist.m3u8
Atrina TV,https://atrihls.wns.live/hls/stream.m3u8
ATV (1080p),http://stream.mcquack.net/36/index.m3u8
ATV (1080p),https://live.zendzend.com/mpegts/29375_107244/media_mpegts_0.m3u8
ATV (400p) [Not 24/7],https://guineetvdirect.online:3320/live/atvguineelive.m3u8
ATV (360p) [Not 24/7],https://stream.atv.hu/atvlive/atvstream_2_aac/playlist.m3u8
ATV (720p),https://d19e55ehz2il4i.cloudfront.net/ts:abr.m3u8
ATV (1080p),http://190.93.224.42/ATV/index.m3u8
ATV (1080p),http://115.42.65.142:9981/stream/channelid/299762256
ATV (1080p),https://rnttwmjcin.turknet.ercdn.net/lcpmvefbyo/atv/atv_1080p.m3u8
ATV Alanya (1080p),https://cdn-alanyatv.yayin.com.tr/alanyatv/alanyatv/playlist.m3u8
ATV Argentina,https://tv.streaming.com.bo/atvargentina/index.m3u8
ATV HD (1080p),http://212.186.45.34:9981/stream/channelid/692531719?profile=pass
ATV Spirit (360p),https://streamservers.atv.hu/atvliveedge/_definst_/atvstream_2_aac/playlist.m3u8
ATV Sur (1080p),http://bantel-cdn1.iptvperu.tv:1935/btnscrtn/atvsur.stream/playlist.m3u8
ATV+ (1080p),http://45.171.108.253:8888/ATV/index.m3u8
ATVSat (1080p) [Not 24/7],https://stream.atvsat.com/atvsatlive/smil:atvsatlive.smil/playlist.m3u8
ATXN1 (1080p),https://cdn-atxn-01.vos360.video/Content/HLS/Live/channel(616d6f49-eaec-6f7e-7186-2bbaf66c69c0)/index.m3u8
ATXN2 (1080p),https://cdn-atxn-01.vos360.video/Content/HLS/Live/channel(f97b5ddc-b7e4-dff8-9f10-8c16d0833639)/index.m3u8
ATXN3 (1080p),https://cdn-atxn-01.vos360.video/Content/HLS/Live/channel(c55d1594-ad62-7434-aa17-4d71adb80f99)/index.m3u8
Atyraý (720p),https://stream.kaztrk.kz/regional/atyrautv/index.m3u8
Auction Hunters,https://jmp2.uk/plu-5ede45d077746000072be0fe.m3u8
Auction Hunters,https://jmp2.uk/plu-62ac50e92c48f900071444c9.m3u8
Auction Hunters,https://jmp2.uk/plu-62da73c4ec46c000070f4cb1.m3u8
Auction Hunters,https://jmp2.uk/plu-62da7159ca8f220008032730.m3u8
Auction Hunters,https://jmp2.uk/plu-62da7380478a5b0007e610d9.m3u8
Audaz TV (432p) [Not 24/7],https://cloud2.streaminglivehd.com:1936/8264/8264/playlist.m3u8
Audiokiss (1080p),https://master.tucableip.com/audiokisstv/index.m3u8
Auge TV (720p),https://cdn-tiva-video01-logicahost-com-br.smartbit.co/canalaugetv/canalaugetv/playlist.m3u8
Augsburg TV (1080p),https://stream02.welocal.stream/stream/fhd-augsburgtv_104951/ngrp:stream_all/playlist.m3u8
Aupur Television (1080p),https://canal.aupurtv.co/live/stream/index.m3u8
aurLife HD (614p),http://124.109.47.101/hls/stream1.m3u8
Aurora Arte (480p),https://59d7d6f47d7fc.streamlock.net/auroraarte/auroraarte/playlist.m3u8
Aurora Media Films (720p),https://cdn.streamhispanatv.net:3417/live/auroramflive.m3u8
AuroraTV (Aurora CO) (720p),https://reflect-aurora.cablecast.tv/live-8/live/live.m3u8
ausbiz TV (720p) [Not 24/7],https://d9quh89lh7dtw.cloudfront.net/public-output/index.m3u8
Austral TV (1080p),https://stmv3.voxtvhd.com.br/australtv/australtv/playlist.m3u8
Autentic History (1080p),https://9e754fa707344ccca6d84955c8fcaf36.mediatailor.us-east-1.amazonaws.com/v1/master/44f73ba4d03e9607dcd9bebdcb8494d86964f1d8/RlaxxTV-eu_AutenticHistory/playlist.m3u8
Autentic Travel (1080p),https://cb0c87cc605942ff9766a4e6744bbadc.mediatailor.us-east-1.amazonaws.com/v1/master/44f73ba4d03e9607dcd9bebdcb8494d86964f1d8/RlaxxTV-eu_AutenticTravel/playlist.m3u8
Auténtica Televisión (720p) [Not 24/7],https://live.obslivestream.com/autenticatvmux/index.m3u8
Auto Motor Sport,https://jmp2.uk/plu-5f760c3d41aa2d0007bfde19.m3u8
Auto TV (1080p),https://cdn4.skygo.mn/live/disk1/AutoTV/DASH-FTA/AutoTV.mpd
Auto TV (720p),https://cdn4.skygo.mn/live/disk1/AutoTV/HLSv3-FTA/AutoTV.m3u8
Automotion (1080p),https://streams2.sofast.tv/sofastplayout/0c3229e2-6ca5-4714-859e-c0ac6b9aa58a_0_HLS/master.m3u8
Automoto,https://jmp2.uk/plu-6971fc6dca441014e4600f2c.m3u8
Autonoma TV,https://wifispeed.trapemn.tv:1936/comunales/autonoma-tv/playlist.m3u8
Autostop per il cielo,https://jmp2.uk/plu-638f286445264d00084ec6dc.m3u8
AVA Family,https://familyhls.avatv.live/hls/stream.m3u8
AVA Series,https://avaserieshls.wns.live/hls/stream.m3u8
Avang TV (1080p),https://hls.avang.live/hls/stream.m3u8
Avar TV (1080p),https://avr.host247.net/live/AvarTv/playlist.m3u8
Avatar,https://jmp2.uk/plu-656df599c0fc8800089c75ab.m3u8
Avatar,https://jmp2.uk/plu-61c09b48d6d97900076e91c5.m3u8
Avatar: A lenda de Aang,https://jmp2.uk/plu-6759eeb1bd523200083b4f29.m3u8
Avatar: La Leyenda de Aang,https://jmp2.uk/plu-6759ee82bd523200083b4f0f.m3u8
AVAZ (720p),https://stream.ads.ottera.tv/playlist.m3u8?content_livestream=1&network_id=13411
Avers (480p),https://avers.pp.ua/hls/efir.m3u8
Aviation TV (480p),http://streamer02.nbo1.angani.co:1935/aviationtv/myStream/playlist.m3u8
Aviva TV (288p) [Not 24/7],https://video.misistemareseller.com/atvhonduras/atvhonduras/playlist.m3u8
Avivamiento TV (1080p) [Not 24/7],https://s1.abntelevision.com/avivamientoabr/stream/avivamientohd/avivamientohd/playlist.m3u8
AVT Khyber (1080p),http://115.42.65.142:9981/stream/channelid/1380586642
Avto24 (576p),http://stream.mcquack.net/78/index.m3u8
Awaaz India TV (720p) [Not 24/7],https://awaazindia.livebox.co.in/AwaazIndaTVhls/Live.m3u8
Awapa Sports TV (1080p) [Not 24/7],https://mgv-awapa.akamaized.net/hls/live/2104282/MGV_CHANNEL15/master.m3u8
AWE (1080p),https://gpuserver3.tier1streams.com/AWE/index.m3u8
AWE International (720p),https://a-cdn.klowdtv.com/live1/aweint/playlist.m3u8
AWE Plus (720p),https://d35j504z0x2vu2.cloudfront.net/v1/master/0bc8e8376bd8417a1b6761138aa41c26c7309312/awe-encore/playlist.m3u8?ads.vf=JS9U64wz-A8
AWE Plus (720p),https://a-cdn.herringnetwork.com/affiliate/awee/playlist.m3u8
Awesome TV [Geo-blocked],https://488b9e074624.ap-south-1.playback.live-video.net/api/video/v1/ap-south-1.533267421985.channel.B7bB1wHJRCnw.m3u8
Awkward,https://jmp2.uk/plu-62bc1784120ba80007935aaa.m3u8
Awkward,https://jmp2.uk/plu-61c0925c738ecd000882450a.m3u8
AWSN (720p),https://jmp2.uk/plu-66fd394e9269330008413302.m3u8
AWSN (720p),https://jmp2.uk/plu-660e746024e1d00008610ea1.m3u8
AWSN (720p),https://jmp2.uk/plu-682e43b21295f98347710917.m3u8
AWSN,https://jmp2.uk/plu-660e7404e8fba8000853abc0.m3u8
AWSN,https://jmp2.uk/plu-660e7488aec9680008fabcf1.m3u8
AWSN,https://jmp2.uk/plu-66fd37885049580008d295b6.m3u8
AWTV (1080p) [Geo-blocked],https://awtv.nuvemplay.live/hls/stream.m3u8
Ax Men (720p),https://jmp2.uk/plu-6540fe4bbdf3cf0008aa2cdd.m3u8
Ax Men (720p),https://36dc2f37.wurl.com/master/f36d25e7e52f1ba8d7e56eb859c636563214f541/UmFrdXRlblRWLWdiX0F4TWVuX0hMUw/playlist.m3u8
Ax Men (720p),https://bcadcc64.wurl.com/master/f36d25e7e52f1ba8d7e56eb859c636563214f541/U2Ftc3VuZy1nYl9BeE1lbl9ITFM/playlist.m3u8
Ax Men (720p),https://d3kx0b11i5yg0n.cloudfront.net/v1/aenetworks_axmen_1/samsungheadend_us/latest/main/hls/playlist.m3u8
Ax Men (720p),https://live-manifest.production-public.tubi.io/live/b1fdb228-c169-48b3-b6a3-8dee2dd91839/playlist.m3u8
Ax Men Die Holzfäller (720p),https://jmp2.uk/plu-6914913274601d957ae35565.m3u8
Axel!,https://jmp2.uk/plu-667d63d236a2f90008f72269.m3u8
AXN (720p),http://45.190.28.50/AXN_HD/index.m3u8
AXN,http://znty.dyndns.org:5010/hls/axn.m3u8
AXN Adria,http://5.57.74.130:8000/play/a0at/index.m3u8
AXN Asia Philippines (576p),https://thinkkast.dpdns.org/thinkkast/cg_axn_sd/versiglia/index.m3u8
AXN Asia Taiwan (720p),https://play.wenxiang.cn/live/1a88465f153e1dd2108fd791bf4f25f7.flv
AXN Black,http://85.14.32.26:8800/udp/239.100.10.17:5000
AXN Black Czech Republic,http://88.212.15.19/live/test_black/playlist.m3u8
AXN Black Poland (576p),http://185.227.34.179:8080/axn-black/index.m3u8
AXN Black Romania [Not 24/7],http://315e5a5d.ottrast.com/iptv/MM4E93NGF5LADZ/6952/index.m3u8
AXN CEE,http://88.212.15.19/live/axn_hun/index.m3u8
AXN CEE Bulgary,http://85.11.144.9:4222/AXN
AXN CEE Czech Republic,http://88.212.15.19/live/test_axn/playlist.m3u8
AXN Latin America (1080p),http://138.121.15.230:9002/AXN/index.m3u8
AXN Latin America (1080p),http://15.204.246.24:8080/AXNHD/index.m3u8
AXN Latin America Andes (1080p),http://177.234.249.178:8888/AXN/index.m3u8
AXN Latin America Mexico,http://190.11.225.124:5000/live/axn_hd/playlist.m3u8
AXN Latin America South,http://45.228.235.116:8000/play/a0iy/index.m3u8
AXN Movies (720p),http://50.7.120.34:8080/AXN_BLACK/index.m3u8
AXN Poland,http://193.24.244.60:1001/udp/239.254.5.5:6060
AXN Spin,https://lb.dstvmultimedia.com/AXNSpin/index.m3u8
AXN Spin,http://193.24.244.60:1001/udp/239.254.5.6:6060
AXN White [Not 24/7],http://315e5a5d.ottrast.com/iptv/MM4E93NGF5LADZ/6950/index.m3u8
AXN White Bulgaria,http://85.14.32.26:8800/udp/239.100.10.18:5000
AXN White CzechRepublic,http://88.212.15.19/live/test_white/playlist.m3u8
AXN White Poland (576p),http://185.227.34.179:8080/axn-white/index.m3u8
AXN White Portugal (480p),http://50.7.120.34:8080/AXN_WHITE/index.m3u8
AXS TV (1080p),https://gpuserver3.tier1streams.com/AXS_TV/index.m3u8
Ayaz TV (720p),https://janya-ayaztv.vgcdn.net/ptnr-WebApp/title-Ayaz_TV/v1/vglive-sk-934820/main.m3u8
AYNI TV (1080p),http://15.204.246.24:8080/AyniTVHD/index.m3u8
Aysen TV (720p),https://v1.tustreaming.cl/aysentv/index.m3u8
Ayush TV (360p) [Not 24/7],https://95eryw39dwn4-hls-live.wmncdn.net/Ayushu/271ddf829afeece44d8732757fba1a66.sdp/index.m3u8
Az Cinema (1080p),http://bantel-cdn1.iptvperu.tv:1935/btnscrtn/azcinema.stream/playlist.m3u8
Az TV (1080p),https://str.yodacdn.net/azertv/index.m3u8
AZA TV HD (1080p),https://tv.webmedialive.com/azatvhn/live/playlist.m3u8
Azahares Radio Multimedia (720p),https://streamyes.alsolnet.com/azaharesfm/live/playlist.m3u8
Azan TV,https://dbcanada.sonarbanglatv.com/azantv/atv/index.m3u8
Azerbaijan Gharbi,https://ncdn.telewebion.ir/azarbayjangharbi/live/playlist.m3u8
Azerbaijan News TV (720p) [Not 24/7],https://edge1.socialsmart.tv/aznews/smil/playlist.m3u8
Azstar TV HD (1080p),https://live.livestreamtv.ca/azstar/amlst:azstar/playlist.m3u8
Azteca 7 (1080p),http://45.189.62.33:8002/play/a0fm/index.m3u8
Azteca Deportes Network (1080p),http://181.119.66.28:8081/AZTECA-DEPORTES-HD/index.m3u8
Azteca Deportes Premium (720p),https://jmp2.uk/plu-65cf60d166eec80008724e6f.m3u8
Azteca Honduras (720p),https://mdstrm.com/live-stream-playlist/65a1d2fd7e7f14355550d570.m3u8
Azteca Internacional (1080p),https://azt-mun.otteravision.com/azt/mun/mun.m3u8
Azteca Uno (1080p),http://45.189.62.33:8002/play/a0cc/index.m3u8
Azteca UNO -1 hora (720p),https://jmp2.uk/plu-646ccc7a2858cb0008127367.m3u8
Azzurra TV (576p),https://ed05.top-ix.org/avtvlive/azzurra/streaming/playlist.m3u8
B4U Bhojpuri (1080p),https://cdnb4u.wiseplayout.com/B4U_Bhojpuri/master.m3u8
B4U Hitz (576p),http://115.42.65.142:9981/stream/channelid/1099703605
B4U Kadak (1080p) [Not 24/7],https://cdnb4u.wiseplayout.com/B4U_Kadak/master.m3u8
B4U Movies (1080p) [Geo-blocked],https://amg00877-b4unew-amg00877c2-lg-in-5260.playouts.now.amagi.tv/playlist.m3u8
B4U Movies APAC (720p),https://s3.itcnbd.live/channel/129d01070adb9ee3.m3u8
B4U Music (576p),https://cdn-2.pishow.tv/live/415/master.m3u8
B4U Music (576p),http://103.175.73.12:8080/live/157/master.m3u8
B4U Music APAC (720p),https://s3.itcnbd.live/channel/6f6b7b6d25fbd0e6.m3u8
B15 Fresnillo (1080p),https://s5.mexside.net:1936/lsac/lsac/playlist.m3u8
B15 Zacatecas (1080p),https://s5.mexside.net:1936/envio2/envio2/playlist.m3u8
B Smart TV (320p),https://raw.githubusercontent.com/Sibprod/streams/main/ressources/dm/py/hls/bsmart.m3u8
B+ TV (480p),https://tv.btnrwanda.com:3432/live/bpluslive.m3u8
Baan Baan TV 73,https://vdo.plathong.net/live8794/live8794/playlist.m3u8
Bab Al Hara (1080p),https://shd-amg-fast.edgenextcdn.net/tx010/playlist.m3u8
Bábolnai TV (360p),https://cloudfront44.lexanetwork.com:1344/freerelay/babolnatv.sdp/playlist.m3u8
Baby Einstein (720p),https://ds25p79iq4576.cloudfront.net/master.m3u8
Baby Shark TV,https://c0c65b821b3542c3a4dca92702f59944.mediatailor.us-east-1.amazonaws.com/v1/master/04fd913bb278d8775298c26fdca9d9841f37601f/RakutenTV-eu_BabySharkTV/playlist.m3u8
Baby Shark TV (1080p),https://newidco-babysharktv-1-us.roku.wurl.tv/playlist.m3u8
Baby Time,http://89.218.32.179:18000/play/a028
Babyfirst,https://jmp2.uk/plu-5f4fb4cf605ddf000748e16f.m3u8
BabyFirst (720p),https://cdn.fast.jwp.services/v1/channel/1_jB6940Ei_TvhvIHDL/manifest.m3u8
BabyTV Latin America (720p),http://138.121.15.230:9002/BABY-TV/index.m3u8
BabyTV Netherlands (576p),http://185.102.171.218/BabyTV/index.m3u8
BabyTV Turkiye (1080p) [Geo-blocked],https://saran-live.ercdn.net/babytv/index.m3u8
Bacán Te Veo (360p),https://stmv6.voxtvhd.com.br/vacantveo2/vacantveo2/playlist.m3u8
Backstage (1080p),https://d2ah48mnofquik.cloudfront.net/Backstage.m3u8
Bad Girls Club (1080p),https://xumo-xumoent-vc-118-jed5p.fast.nbcuni.com/live/master.m3u8
Bad Girls Club (720p),https://jmp2.uk/plu-654932fa4d6d8f00084c4723.m3u8
Badakhshon (576p),https://live.teleradiocom.tj/11/3m.m3u8
Baden TV (1080p) [Not 24/7],http://badentv-stream2.siebnich.info/rtplive/btv.stream/live.m3u8
Baden TV Süd (480p),https://cdn.icu.de/rtplive/smil:btvsued.smil/playlist.m3u8
Bagmati TV,http://maxotts.maxdigitaltv.com/x-media/C167/master.m3u8
Bahar TV (720p) [Not 24/7],https://59d39900ebfb8.streamlock.net/bahartv/bahartv/playlist.m3u8
Bahrain International (720p) [Not 24/7],https://5c7b683162943.streamlock.net/live/ngrp:bahraininternational_all/playlist.m3u8
Bahrain Quran (720p) [Not 24/7],https://5c7b683162943.streamlock.net/live/ngrp:bahrainquran_all/playlist.m3u8
Bahrain Sports 1 (720p) [Not 24/7],https://5c7b683162943.streamlock.net/live/ngrp:sportsone_all/playlist.m3u8
Bahrain Sports 2 (720p) [Not 24/7],https://5c7b683162943.streamlock.net/live/ngrp:bahrainsportstwo_all/playlist.m3u8
Bahrain TV (720p) [Not 24/7],https://5c7b683162943.streamlock.net/live/ngrp:bahraintvmain_all/playlist.m3u8
Bailén TV (720p) [Not 24/7],http://cpd.bailen.tv:8080/Playlist_CANAL_24H/playlist.m3u8
Bajai TV (720p),https://cloudfront41.lexanetwork.com:1344/relay01/livestream002.sdp/playlist.m3u8
Bajo Techo TV (1080p) [Not 24/7],https://fox.hostlagarto.com:8081/bajotechotv/tracks-v1a1/mono.m3u8
Baku TV (720p),https://raw.githubusercontent.com/UzunMuhalefet/streams/refs/heads/main/myvideo-az/baku-tv.m3u8
Balabol (1080p),https://cdn-dvr.ntv.ru/Balabol/index.m3u8
Balapan HD (1080p),https://balapantv-stream.qazcdn.com/balapantv/balapantv/playlist.m3u8
Balapan International (1080p),https://live-3.otcnet.ru/Balapan/index.m3u8
Balaton TV (432p),https://stream.iptvservice.eu/hls/balatontv.m3u8
Balchi TV,https://rtmpcontrol.com:1936/balchitv/balchitv/playlist.m3u8
Balikpapan TV (720p),http://122.248.43.242:1935/BALIKPAPANTV/_definst_/myStream/playlist.m3u8
Balkan Radio Salzburg (480p),https://channel.streams.ovh:1936/balkanradiosalzburgtv/balkanradiosalzburgtv/playlist.m3u8
Balle Balle (1080p),https://d35j504z0x2vu2.cloudfront.net/v1/master/0bc8e8376bd8417a1b6761138aa41c26c7309312/balle-balle/index.m3u8?ads.vf=b8WZfP1_RIy
Bălţi TV (1080p) [Geo-blocked],http://77.89.199.174:8000/play/1024/index.m3u8
Balticum TV (576p),http://stream.mcquack.net/376/index.m3u8
BAM-TV,https://belafrikamediatv.vedge.infomaniak.com/livecast/ik:belafrikamediatv/manifest.m3u8
BamBarBia TV (720p) [Not 24/7],http://cdn1.live-tv.od.ua:8081/bbb/bbbtv-abr/playlist.m3u8
BAMOS TV (1080p) [Not 24/7],https://video2.getstreamhosting.com:19360/8092/8092.m3u8
Banat TV (720p),https://www.btv.ro/hls/banat-tv.m3u8
Band (720p),http://45.190.28.50/BAND_HD/index.m3u8
Band Sports (1080p),https://cdn-5.nxplay.com.br/BAND_SPORTS/index.m3u8
Bandamax USA (1080p),http://177.234.249.135:8888/Bandamax/index.m3u8
BandNews (1080p),https://cdn-5.nxplay.com.br/BAND_NEWS/index.m3u8
Bandung TV (360p),http://202.150.153.254:65500/bandungtvWEBSITE.m3u8
Bang Bang (480p),https://digitalb-live.morescreens.com/DAL_1_004/playlist.m3u8?application_id=backoffice1&application_installation_id=1&authority_instance_id=%2A%2A%2A&detected_delivery_method=hls&id=DAL_1_004&playlist_template=nginx&profile_id=1&ps=6ca6054c4d6f9fafd6e3202ad620d4cc30ee45fdbbf1526cab3fdcac143b283d2f7251b3babf442b3a4fb90820abcc0cfaab2bff9a76799adc92b09fa0151f25&subscriber_id=1&token=%2A%2A%2A&uuid=backoffice1&vh=7edb2a069c1d9e1872251cc87e99c568dfd18769f97905bd1dcaf519b259c970f880a1c43b6a7392ac496426adb0e55a2f6dbb06981536af9c1c987416282783&video_id=16377
Bang Bang TV (1080p),https://streams2.sofast.tv/v1/master/611d79b11b77e2f571934fd80ca1413453772ac7/6a98fce2-bf4c-4bfb-91f4-c43851bb3801/manifest.m3u8
Bangla TV (720p),https://tvsen6.aynaott.com/banglatv/index.m3u8
Bangla Vision (1080p),https://owrcovcrpy.gpcdn.net/bpk-tv/1715/output/index.m3u8
Bani Vision (720p) [Not 24/7],https://videostream.shockmedia.com.ar/hls/banivision/banivision.m3u8
Banijay Mr Bean Animé (1080p),https://amg00627-amg00627c31-rakuten-fr-3991.playouts.now.amagi.tv/playlist/amg00627-banijayfast-mrbeanfrcc-rakutenfr/playlist.m3u8
Banjar TV (720p) [Not 24/7],https://banjartv.siar.us/banjartv/live/playlist.m3u8
Bansal News (720p),https://8yzmq2gbdvax-hls-live.wmncdn.net/bansalnewstv1/live1.stream/playlist.m3u8
Banten TV (720p) [Not 24/7],https://5bf7b725107e5.streamlock.net/bantentv/bantentv/playlist.m3u8
Banyumas TV (720p) [Not 24/7],https://5bf7b725107e5.streamlock.net/bmstv/bmstv/playlist.m3u8
Bar Rescue,https://jmp2.uk/plu-655f2ee6c0fc88000877d26c.m3u8
Bar Rescue,https://jmp2.uk/plu-60a3d889a5b3690008dc7fe8.m3u8
Baraka Television (720p) [Not 24/7],https://stream.berosat.live:19360/baraka-hd/baraka-hd.m3u8
Baran,https://ncdn.telewebion.ir/baran/live/playlist.m3u8
Baraza TV (1080p),https://eco.streams.ovh:8081/barazatv/tracks-v1a1/mono.m3u8
Baraza TV Deep House (720p),https://rtmp.streams.ovh:1936/barazarelax/barazazararelax/barazarelax/playlist.m3u8
Baraza TV Relaxing (720p),https://rtmp.streams.ovh:1936/barazarelax/barazarelax/playlist.m3u8
Barbie & Friends,https://jmp2.uk/plu-688892172928933015abe479.m3u8
Barbie & Friends,https://jmp2.uk/plu-686e7499e0ecf0e0cc25dbe3.m3u8
Barbie & Friends,https://jmp2.uk/plu-686cfdf894a028da3aac4252.m3u8
Barbie and Friends (1080p),https://d1xqdnwy1bo05f.cloudfront.net/barb.m3u8
Barbud Music (720p),https://raw.githubusercontent.com/taodicakhia/IPTV_Exception/master/channels/af/tolomusic.m3u8
Barca TV,https://live20.bozztv.com/dvrfl06/astv/astv-barca/index.m3u8
Barinas TV (720p) [Not 24/7],https://vcp13.myplaytv.com/barinastv/barinastv/playlist.m3u8
Bark TV (1080p),https://bbb-barkt-streamstak.otteravision.com/bbb/barkt/barkt.m3u8
Barney & Friends,https://jmp2.uk/plu-62ac405b3874370007419b7f.m3u8
Barney and Friends (720p),https://d3vm2nhw5t7pkh.cloudfront.net/v1/cinedigm_entertainment_corp_barneyandfriends_1/samsungheadend_us/latest/main/hls/playlist.m3u8
Barrandov Krimi (1080p),https://dash4.antik.sk/live/test_barrandov_plus_atk_1200/playlist.m3u8
Batam TV (480p) [Not 24/7],http://122.248.43.242:1935/BATAMTV/_definst_/myStream/playlist.m3u8
batteryPOP (720p),https://d24c0gmuazjo9x.cloudfront.net/master.m3u8
Battlestar Galactica,https://jmp2.uk/plu-69d7ebff029c431826bd328e.m3u8
Bayon TV,https://live-evg2.tv360.metfone.com.kh/livebayontv/bayontvhd.stream/playlist.m3u8
Bayres TV (720p),https://streaming01.mikrolive.tv/bayrestv/live/playlist.m3u8
Baywatch (1080p),https://amg00145-fremantlemedian-baywatch-samsungau-gtsd6.amagi.tv/playlist/amg00145-fremantlemedian-baywatch-samsungau/playlist.m3u8
BBC Alba (1080p) (HEVC) [Geo-blocked],https://vs-cmaf-pushb-uk-live.akamaized.net/x=4/i=urn:bbc:pips:service:bbc_alba/hevc_iptv_mse_v0.mpd
BBC America (720p),http://23.239.31.26:8989/bbcamerica/index.m3u8
BBC America East HD (720p),https://gpuserver3.tier1streams.com/BBC_AMERICA/index.m3u8
BBC Arabic (720p),https://vs-cmaf-pushb-ww-live.akamaized.net/x=4/i=urn:bbc:pips:service:bbc_arabic_tv/pc_hd_abr_v2.mpd
BBC Comedy (720p),https://d1em2hga7sgumq.cloudfront.net/playlist.m3u8
BBC Doctor Who Classic (1080p),https://bbc-classicdrwho-1-us.roku.wurl.tv/playlist.m3u8
BBC Drama (1080p) [Geo-blocked],https://pb-0ix3l1oxmg1fj.akamaized.net/playlist.m3u8
BBC Drama (1080p),https://amg00793-amg00793c40-rakuten-es-5444.playouts.now.amagi.tv/playlist.m3u8
BBC Drama Italy (1080p),https://amg00793-amg00793c41-rakuten-it-5445.playouts.now.amagi.tv/playlist.m3u8
BBC Earth (1080p),https://amg00793-amg00793c6-xumo-us-2669.playouts.now.amagi.tv/BBCStudios-BBCEarthA-hls/playlist.m3u8
BBC Earth Asia (720p),https://thinkkast.dpdns.org/thinkkast/cg_bbcearth_hd1/versiglia/index.m3u8
BBC Earth Czechia,http://88.212.15.29/live/test_bbc_eartch_hevc/playlist.m3u8
BBC Earth Greece (1080p),http://185.102.171.218/BBCEarth/index.m3u8
BBC Earth Turkiye (720p),http://194.156.236.23:8004/play/a018
BBC First,http://91.146.94.234:10001/play/a087
BBC First Turkiye,http://88.212.15.29/live/bbc_first/index.m3u8
BBC Food (1080p),https://d1e9r0b71zfwk7.cloudfront.net/playlist.m3u8
BBC Four HD (720p) [Geo-blocked],https://vs-cmaf-pushb-uk.live.fastly.md.bbci.co.uk/x=4/i=urn:bbc:pips:service:bbc_four_hd/iptv_hd_abr_v1.mpd
BBC Four/CBeebies (720p),http://193.46.58.239:8080/CbeebiesHD/index.m3u8
BBC Home & Garden (1080p),https://d11r33s5i066xh.cloudfront.net/playlist.m3u8
BBC Impossible,https://bbc-impossible-1-us.xumo.wurl.tv/playlist.m3u8
BBC Kids (720p),https://dmr1h4skdal9h.cloudfront.net/playlist.m3u8
BBC Lifestyle Philippines (720p),https://thinkkast.dpdns.org/thinkkast/bbc_lstylehd/versiglia/index.m3u8
BBC News (1080p) [Geo-blocked],https://pb-iiczlgfysam0q.akamaized.net/v1/amcnetworks_bbcnews_1/samsungheadend_us/latest/main/hls/playlist.m3u8
BBC News (1080p),https://xemzi.short.gy/1000015
BBC News (1080p) (HEVC) (1080p),https://vs-cmaf-push-ww-live.akamaized.net/x=4/i=urn:bbc:pips:service:bbc_news_channel_hd/hevc_iptv_mse_v0.mpd
BBC News Asia Pacific (576p),https://thinkkast.dpdns.org/thinkkast/bbcworld_news_sd/versiglia/index.m3u8
BBC News Latin America (720p),http://138.121.15.230:9002/BBC-NEWS/index.m3u8
BBC News North America (1080p),https://gpuserver3.tier1streams.com/BBC_WORLD_NEWS/index.m3u8
BBC News Pashto (720p),https://vs-cmaf-pushb-ww.live.cf.md.bbci.co.uk/x=4/i=urn:bbc:pips:service:bbc_afghan_tv/pc_hd_abr_v2.mpd
BBC News UK HD (1080p),http://45.153.96.44:8001
BBC One Channel Islands (720p) [Geo-blocked],https://vs-cmaf-pushb-uk-live.akamaized.net/x=4/i=urn:bbc:pips:service:bbc_one_channel_islands/pc_hd_abr_v2.mpd
BBC One East (720p) [Geo-blocked],https://vs-cmaf-pushb-uk-live.akamaized.net/x=4/i=urn:bbc:pips:service:bbc_one_east/pc_hd_abr_v2.mpd
BBC One East (720p) [Geo-blocked],https://vs-cmaf-pushb-uk-live.akamaized.net/x=4/i=urn:bbc:pips:service:bbc_one_east_yorkshire/pc_hd_abr_v2.mpd
BBC One East Midlands (720p) [Geo-blocked],https://vs-cmaf-pushb-uk-live.akamaized.net/x=4/i=urn:bbc:pips:service:bbc_one_east_midlands/pc_hd_abr_v2.mpd
BBC One East Midlands (1080p) (HEVC) [Geo-blocked],https://vs-cmaf-pushb-uk-live.akamaized.net/x=4/i=urn:bbc:pips:service:bbc_one_east_midlands/hevc_iptv_mse_v0.mpd
BBC One London (720p) [Geo-blocked],https://vs-cmaf-push-uk-live.akamaized.net/x=4/i=urn:bbc:pips:service:bbc_one_london/iptv_hd_abr_v1.mpd
BBC One London HD (720p),http://193.46.58.239:8080/BBCOneHD/index.m3u8
BBC One North East (720p) [Geo-blocked],https://vs-cmaf-pushb-uk-live.akamaized.net/x=4/i=urn:bbc:pips:service:bbc_one_north_east/pc_hd_abr_v2.mpd
BBC One North East (1080p) (HEVC) [Geo-blocked],https://vs-cmaf-pushb-uk-live.akamaized.net/x=4/i=urn:bbc:pips:service:bbc_one_north_east/hevc_iptv_mse_v0.mpd
BBC One North West (720p) [Geo-blocked],https://vs-cmaf-pushb-uk-live.akamaized.net/x=4/i=urn:bbc:pips:service:bbc_one_north_west/pc_hd_abr_v2.mpd
BBC One North West (1080p) (HEVC) [Geo-blocked],https://vs-cmaf-pushb-uk-live.akamaized.net/x=4/i=urn:bbc:pips:service:bbc_one_north_west/hevc_iptv_mse_v0.mpd
BBC One Northern Ireland HD (720p) [Geo-blocked],https://vs-cmaf-pushb-uk-live.akamaized.net/x=4/i=urn:bbc:pips:service:bbc_one_northern_ireland_hd/pc_hd_abr_v2.mpd
BBC One Northern Ireland HD (1080p) (HEVC) [Geo-blocked],https://vs-cmaf-pushb-uk-live.akamaized.net/x=4/i=urn:bbc:pips:service:bbc_one_northern_ireland_hd/hevc_iptv_mse_v0.mpd
BBC One Scotland (540p) [Geo-blocked],https://vs-hls-pushb-uk-live.akamaized.net/x=4/i=urn:bbc:pips:service:bbc_one_scotland_hd/pc_hd_abr_v2.m3u8
BBC One Scotland HD (720p) [Geo-blocked],https://vs-cmaf-pushb-uk-live.akamaized.net/x=4/i=urn:bbc:pips:service:bbc_one_scotland_hd/pc_hd_abr_v2.mpd
BBC One South (720p) [Geo-blocked],https://vs-cmaf-pushb-uk-live.akamaized.net/x=4/i=urn:bbc:pips:service:bbc_one_south/pc_hd_abr_v2.mpd
BBC One South East (720p) [Geo-blocked],https://vs-cmaf-pushb-uk-live.akamaized.net/x=4/i=urn:bbc:pips:service:bbc_one_south_east/pc_hd_abr_v2.mpd
BBC One South West (720p) [Geo-blocked],https://vs-cmaf-pushb-uk-live.akamaized.net/x=4/i=urn:bbc:pips:service:bbc_one_south_west/pc_hd_abr_v2.mpd
BBC One Wales (720p) [Geo-blocked],https://vs-cmaf-pushb-uk-live.akamaized.net/x=4/i=urn:bbc:pips:service:bbc_one_wales_hd/pc_hd_abr_v2.mpd
BBC One West (720p) [Geo-blocked],https://vs-cmaf-pushb-uk-live.akamaized.net/x=4/i=urn:bbc:pips:service:bbc_one_west/pc_hd_abr_v2.mpd
BBC One West Midlands (720p) [Geo-blocked],https://vs-cmaf-pushb-uk-live.akamaized.net/x=4/i=urn:bbc:pips:service:bbc_one_west_midlands/pc_hd_abr_v2.mpd
BBC One Yorks (720p) [Geo-blocked],https://vs-cmaf-pushb-uk-live.akamaized.net/x=4/i=urn:bbc:pips:service:bbc_one_yorks/pc_hd_abr_v2.mpd
BBC Parliament (720p) [Geo-blocked],https://vs-cmaf-pushb-uk-live.akamaized.net/x=4/i=urn:bbc:pips:service:bbc_parliament/iptv_hd_abr_v1.mpd
BBC Persian (720p) (HEVC) (1080p),https://vs-cmaf-pushb-ww-live.akamaized.net/x=4/i=urn:bbc:pips:service:bbc_persian_tv/hevc_iptv_mse_v0.mpd
BBC RB 1 (720p) [Geo-blocked],https://vs-cmaf-pushb-uk.live.cf.md.bbci.co.uk/x=4/i=urn:bbc:pips:service:red_button_one/iptv_hd_abr_v1.mpd
BBC Red Button 2 (720p) [Geo-blocked],https://ve-cmaf-push-uk-live.akamaized.net/x=4/i=urn:bbc:pips:service:uk_bbc_stream_002/iptv_hd_abr_v1.mpd
BBC Red Button 3 (720p) [Geo-blocked],https://ve-cmaf-push-uk-live.akamaized.net/x=4/i=urn:bbc:pips:service:uk_bbc_stream_003/iptv_hd_abr_v1.mpd
BBC Red Button 4 (720p) [Geo-blocked],https://ve-cmaf-push-uk-live.akamaized.net/x=4/i=urn:bbc:pips:service:uk_bbc_stream_004/iptv_hd_abr_v1.mpd
BBC Red Button 5 (720p) [Geo-blocked],https://ve-cmaf-push-uk-live.akamaized.net/x=4/i=urn:bbc:pips:service:uk_bbc_stream_005/iptv_hd_abr_v1.mpd
BBC Red Button 6 (720p) [Geo-blocked],https://ve-cmaf-push-uk-live.akamaized.net/x=4/i=urn:bbc:pips:service:uk_bbc_stream_006/iptv_hd_abr_v1.mpd
BBC Red Button 7 (720p) [Geo-blocked],https://ve-cmaf-push-uk-live.akamaized.net/x=4/i=urn:bbc:pips:service:uk_bbc_stream_007/iptv_hd_abr_v1.mpd
BBC Red Button 8 (720p) [Geo-blocked],https://ve-cmaf-push-uk-live.akamaized.net/x=4/i=urn:bbc:pips:service:uk_bbc_stream_008/iptv_hd_abr_v1.mpd
BBC Red Button 9 (720p) [Geo-blocked],https://ve-cmaf-push-uk-live.akamaized.net/x=4/i=urn:bbc:pips:service:uk_bbc_stream_009/iptv_hd_abr_v1.mpd
BBC Red Button 10 (720p) [Geo-blocked],https://ve-cmaf-push-uk-live.akamaized.net/x=4/i=urn:bbc:pips:service:uk_bbc_stream_010/iptv_hd_abr_v1.mpd
BBC Red Button 11 (720p) [Geo-blocked],https://ve-cmaf-push-uk-live.akamaized.net/x=4/i=urn:bbc:pips:service:uk_bbc_stream_011/iptv_hd_abr_v1.mpd
BBC Red Button 12 (720p) [Geo-blocked],https://ve-cmaf-push-uk-live.akamaized.net/x=4/i=urn:bbc:pips:service:uk_bbc_stream_012/iptv_hd_abr_v1.mpd
BBC Red Button 13 (720p) [Geo-blocked],https://ve-cmaf-push-uk-live.akamaized.net/x=4/i=urn:bbc:pips:service:uk_bbc_stream_013/iptv_hd_abr_v1.mpd
BBC Red Button 14 (720p) [Geo-blocked],https://ve-cmaf-push-uk-live.akamaized.net/x=4/i=urn:bbc:pips:service:uk_bbc_stream_014/iptv_hd_abr_v1.mpd
BBC Red Button 15 (720p) [Geo-blocked],https://ve-cmaf-push-uk-live.akamaized.net/x=4/i=urn:bbc:pips:service:uk_bbc_stream_015/iptv_hd_abr_v1.mpd
BBC Red Button 16 (720p) [Geo-blocked],https://ve-cmaf-push-uk-live.akamaized.net/x=4/i=urn:bbc:pips:service:uk_bbc_stream_016/iptv_hd_abr_v1.mpd
BBC Red Button 17 (720p) [Geo-blocked],https://ve-cmaf-push-uk-live.akamaized.net/x=4/i=urn:bbc:pips:service:uk_bbc_stream_017/iptv_hd_abr_v1.mpd
BBC Red Button 18 (720p) [Geo-blocked],https://ve-cmaf-push-uk-live.akamaized.net/x=4/i=urn:bbc:pips:service:uk_bbc_stream_018/iptv_hd_abr_v1.mpd
BBC Red Button 19 (720p) [Geo-blocked],https://ve-cmaf-push-uk-live.akamaized.net/x=4/i=urn:bbc:pips:service:uk_bbc_stream_019/iptv_hd_abr_v1.mpd
BBC Red Button 20 (720p) [Geo-blocked],https://ve-cmaf-push-uk-live.akamaized.net/x=4/i=urn:bbc:pips:service:uk_bbc_stream_020/iptv_hd_abr_v1.mpd
BBC Red Button 21 (720p) [Geo-blocked],https://ve-cmaf-push-uk-live.akamaized.net/x=4/i=urn:bbc:pips:service:uk_bbc_stream_021/iptv_hd_abr_v1.mpd
BBC Red Button 22 (720p) [Geo-blocked],https://ve-cmaf-push-uk-live.akamaized.net/x=4/i=urn:bbc:pips:service:uk_bbc_stream_022/iptv_hd_abr_v1.mpd
BBC Red Button 23 (720p) [Geo-blocked],https://ve-cmaf-push-uk-live.akamaized.net/x=4/i=urn:bbc:pips:service:uk_bbc_stream_023/iptv_hd_abr_v1.mpd
BBC Red Button 24 (720p) [Geo-blocked],https://ve-cmaf-push-uk-live.akamaized.net/x=4/i=urn:bbc:pips:service:uk_bbc_stream_024/iptv_hd_abr_v1.mpd
BBC Scotland HD (720p) [Geo-blocked],https://vs-cmaf-pushb-uk-live.akamaized.net/x=4/i=urn:bbc:pips:service:bbc_scotland_hd/iptv_hd_abr_v1.mpd
BBC Series,https://jmp2.uk/plu-60dafb9a0df1ba000758d37b.m3u8
BBC Series,https://jmp2.uk/plu-62e7fa5ab5062e0007dcf97d.m3u8
BBC Three HD (720p) [Geo-blocked],https://vs-cmaf-pushb-uk-live.akamaized.net/x=4/i=urn:bbc:pips:service:bbc_three_hd/iptv_hd_abr_v1.mpd
BBC Three/CBBC (720p),http://193.46.58.239:8080/CBBCHD/index.m3u8
BBC Top Gear (1080p),https://amg00793-amg00793c5-xumo-us-2664.playouts.now.amagi.tv/bbcstudios-bbctopgear8min-all/playlist.m3u8
BBC Top Gear (1080p) [Geo-blocked],https://amg00793-amg00793c5-firetv-us-4068.playouts.now.amagi.tv/playlist.m3u8
BBC Top Gear Finland (1080p),https://amg00793-amg00793c49-rakuten-fi-5848.playouts.now.amagi.tv/playlist.m3u8
BBC Top Gear France (1080p),https://amg00793-amg00793c45-rakuten-fr-5539.playouts.now.amagi.tv/playlist.m3u8
BBC Top Gear Germany (1080p),https://amg00793-amg00793c44-rakuten-de-5538.playouts.now.amagi.tv/playlist.m3u8
BBC Top Gear Italy (1080p),https://amg00793-amg00793c43-rakuten-it-5537.playouts.now.amagi.tv/playlist.m3u8
BBC Travel,https://jmp2.uk/plu-60e4519e6873180007d3cddb.m3u8
BBC Two HD (720p),http://193.46.58.239:8080/BBCTwoHD/index.m3u8
BBC Two Northern Ireland (540p) [Geo-blocked],https://vs-hls-pushb-uk-live.akamaized.net/x=4/i=urn:bbc:pips:service:bbc_two_northern_ireland_hd/pc_hd_abr_v2.m3u8
BBC Two Northern Ireland HD (720p) [Geo-blocked],https://vs-cmaf-pushb-uk-live.akamaized.net/x=4/i=urn:bbc:pips:service:bbc_two_northern_ireland_hd/iptv_hd_abr_v1.mpd
BBC Two Wales (720p) [Geo-blocked],https://vs-cmaf-pushb-uk-live.akamaized.net/x=4/i=urn:bbc:pips:service:bbc_two_wales_digital/iptv_hd_abr_v1.mpd
BBC UHD 1 (1080p),https://xemzi.short.gy/1000001
BBC UHD 2 (1080p),https://xemzi.short.gy/1000002
BBN TV (720p),https://streamer2.nexgen.bz/06-BBN/index.m3u8
BBS Buddhist Broadcasting (1080p),http://bbstv.clouducs.com:1935/bbstv-live/livestream/playlist.m3u8
BBS TV,https://bbstv.ug/hls/ch01/index.m3u8
BCN Gospel TV HD (720p),https://live1.ovalcast.com:3916/live/bcngospeltvlive.m3u8
BCN TV,https://live.bcntv.org/live/bcn_16_9.m3u8
BCS StarCross TV (576p),https://viewmedia7219.bozztv.com/wmedia/viewmedia100/web_001/Stream/playlist.m3u8
BD Televisión (720p),https://stream.oursnetworktv.com/latin/telegtmb/playlist.m3u8
BDC TV (576p),https://video01.kshost.com.br/bdctv/bdctv/playlist.m3u8
BDNCOM (1080p),https://liveingesta318.cdnmedia.tv/badalonatvlive/smil:live.smil/playlist.m3u8
BE@TTV (1080p),https://tv.beatfm.nl/live.m3u8
Beach Bonfire Vibes (1080p),https://d104o6d3ybbtr3.cloudfront.net/playlist.m3u8
Beach Day (720p),https://jmp2.uk/plu-68bb162bb3900870ec364cbe.m3u8
Beach TV Florida & Alabama (720p),http://media4.tripsmarter.com:1935/LiveTV/DTVHD/playlist.m3u8
Beach TV Key West & Florida Keys (720p),https://5ed325193d4e1.streamlock.net:444/LiveTV/KTVHD/playlist.m3u8
Beach TV Myrtle Beach & The Grand Strand (720p),http://media4.tripsmarter.com:1935/LiveTV/MTVHD/playlist.m3u8
Beach TV Panama City (720p),http://media4.tripsmarter.com:1935/LiveTV/BTVHD/playlist.m3u8
Beats Radio (480p),https://videostream.shockmedia.com.ar:19360/beatsradio/beatsradio.m3u8
Beautiful Life TV,https://5ddce30eb4b55.streamlock.net/bltvhd/bltv1/playlist.m3u8
Beauty and the Beast,https://jmp2.uk/plu-6512ec7a2ce8e40008bdb433.m3u8
Beauty and the Beast,https://jmp2.uk/plu-6512d36ca765070008836eac.m3u8
Beauty and the Beast,https://jmp2.uk/plu-6512d6a0a1217e00092c1214.m3u8
Beavis and Butt-Head,https://jmp2.uk/plu-6486e8984cfc2c0008b6844e.m3u8
Beavis and Butt-Head,https://jmp2.uk/plu-6486e8328e3c0a0008e5686c.m3u8
Beavis and Butt-Head,https://jmp2.uk/plu-6486e8b48e3c0a0008e56914.m3u8
Beb TV (720p),https://live-hls-qunv.livepush.io/live_cdn/em8A-kbzIfHqu73/index.m3u8
Bebeto TV (1080p) [Not 24/7],https://edge.essastream.com/bebetotelevision/index.m3u8
Becker,https://jmp2.uk/plu-630348a54c48ce00077eb6c7.m3u8
Becker,https://jmp2.uk/plu-672e157d7d5da5000812872d.m3u8
Becker,https://jmp2.uk/plu-672e1634e482950008c759a5.m3u8
Becker,https://jmp2.uk/plu-672e16f5daad7f0008929a0d.m3u8
Beelzebub,https://jmp2.uk/plu-67fe498f9ebfe4142424c55d.m3u8
Beijing Traffic Radio TV [Geo-blocked],http://123.56.24.28:1935/live/fm1039/96K/tzwj_video.m3u8
Beijing Youth Radio [Geo-blocked],http://audiolive.rbc.cn:1935/live/am927/96K/tzwj_video.m3u8
beIN Sports USA (1080p) [Geo-blocked],https://messi.damitv.st/papi/ts/beinsports-usa/playlist.m3u8
beIN SPORTS XTRA (1080p),https://bein-xtra-bein.amagi.tv/playlist.m3u8
beIN SPORTS XTRA en Espanol (1080p),http://201.190.41.246:9060/play/a03y/index.m3u8
beIN SPORTS Xtra en Español (1080p),https://d35j504z0x2vu2.cloudfront.net/v1/master/0bc8e8376bd8417a1b6761138aa41c26c7309312/bein-sports-xtra-en-espanol/playlist.m3u8?ads.vf=SylQdpcCl2O
BeitolAbbas TV Channel (720p),https://live.beitolabbas.tv/live/beitolabbastv.m3u8
BeJoy.kids (1080p),https://64b16f23efbee.streamlock.net/bejoy/bejoy/playlist.m3u8
BEK TV News (720p),https://cdn3.wowza.com/5/ZWQ1K2NYTmpFbGsr/BEK-WOWZA-1/smil:BEKPRIMEeast.smil/playlist.m3u8
BEK TV Sports West (720p),https://cdn3.wowza.com/5/ZWQ1K2NYTmpFbGsr/BEK-WOWZA-1/smil:BEKPRIMEW.smil/playlist.m3u8
Bel RTL (1080p),https://bel-live-hls.akamaized.net/hls/live/2038650/BEL-Live-HLS/master.m3u8
Belarus-1 (1080p),https://ngtrk.dc.beltelecom.by/ngtrk/_definst_/smil:belarus1.smil/playlist.m3u8
Belarus-1 HD (1080p),https://ngtrk.dc.beltelecom.by/ngtrk/smil:belarus1.smil/playlist.m3u8
Belarus-2 HD (1080p),https://ngtrk.dc.beltelecom.by/ngtrk/smil:belarus2.smil/playlist.m3u8
Belarus-3 HD (1080p) [Not 24/7],https://ngtrk.dc.beltelecom.by/ngtrk/smil:belarus3.smil/playlist.m3u8
Belarus-4 Vitebsk (1080p),https://ngtrk.dc.beltelecom.by/vtv/bt4.stream/playlist.m3u8
Belarus-5 (1080p) [Not 24/7],https://ngtrk.dc.beltelecom.by/ngtrk/smil:belarus5.smil/playlist.m3u8
Belarus-5 HD (1080p),http://178.124.179.122:8080/BT5/index.m3u8
Belarus-24 (576p),http://ott-7.sevstar.net/belarus24/index.m3u8
Belarus-24 HD (1080p),https://ngtrk.dc.beltelecom.by/ngtrk/smil:belarus24.smil/playlist.m3u8
Belize Adventist Television Network (1080p),https://streamer1.nexgen.bz/ATN/index.m3u8
Bella Abanquina TV (720p),https://live-evg8.tv360.bitel.com.pe/bitel/bellaabanquinaSRT/playlist.m3u8
Bella Italia (Radio) [Geo-blocked],http://80.79.6.221:25461/smash/public/26
Bellator MMA,https://jmp2.uk/plu-5ebc8688f3697d00072f7cf8.m3u8
Bellavision (1080p) [Not 24/7],https://fox.hostlagarto.com:8081/bellavision8hd/tracks-v1a1/mono.m3u8
BelRos (720p),https://souzny.mediacdn.ru/cdn/souzny/playlist.m3u8
Belsat TV (576p),https://iptv.prosto.tv/ch171/index.m3u8
Bem Melhor (720p),https://cdn-tiva-video01-logicahost-com-br.smartbit.co/bemmelhor/bemmelhor/playlist.m3u8
Bendicion Channel (720p),https://s.emisoras.tv:8081/bendicionchannel/index.m3u8
Benguturk TV (1080p),http://185.234.111.229:8000/play/a05u
Benie TV (720p),https://tv.voozmedia.fun/benietv/index.m3u8
Bénin Web TV (720p),https://stream.beninwebtv.bj/2/live/stream.m3u8
Beond TV (720p) [Geo-blocked],https://amg01681-beondtv-amg01681c1-klowdtv-us-1826.playouts.now.amagi.tv/playlist/amg01681-beondtv-beondtv-klowdtvus/playlist.m3u8
Berente TV (1080p),https://stream.streaming4u.hu/BerenteTV/index.m3u8
Bergamo TV (1080p),https://db142859fd5541b09de25d6507f1f2d3.msvdn.net/live/S17501676/oIxAsgEEA46M/playlist_dvr.m3u8
Berita RTM [Geo-blocked],https://d25tgymtnqzu8s.cloudfront.net/smil:berita/playlist.m3u8?id=5
BeritaSatu (1080p),https://xtdslboppkkv-pull.bpmedialive.com/live/beritasatu/abr.m3u8
Berks Community TV (1080p),https://livestream.telvue.com/berkscmttv2/f7b44cfafd5c52223d5498196c8a2e7b.sdp/playlist.m3u8
Best Action TV (1080p),https://streams2.sofast.tv/v1/master/611d79b11b77e2f571934fd80ca1413453772ac7/9a4a5412-ca99-48d3-9013-d1811b95b9d2/manifest.m3u8
Best Drama TV (1080p),https://streams2.sofast.tv/v1/master/611d79b11b77e2f571934fd80ca1413453772ac7/9800ea5c-2183-4160-9f01-70e5d6428a50/manifest.m3u8
Best of Bobby Flay by Food Network (720p),https://jmp2.uk/plu-68bb167e00a2f063fdf7ee8f.m3u8
Best of Dance TV (1080p),https://m1b2.worldcast.tv/dancetelevisionone/dancetelevisionone.m3u8
Best of Dr. Phil,https://jmp2.uk/plu-666815f24b9fb400083f7e31.m3u8
Best of Magnus Midtbø,https://jmp2.uk/plu-69d7a0d0f57dc59a5f928fb2.m3u8
Best of Magnus Midtbø,https://jmp2.uk/plu-69d7a0dc805a68fcc92037b7.m3u8
Best of MTV,https://jmp2.uk/plu-632aff5e44111b00076ad9b1.m3u8
Best of MTV,https://jmp2.uk/plu-632afc466699570007ed1106.m3u8
Best of MTV,https://jmp2.uk/plu-632afdf820e83e000710ea12.m3u8
Best of Paradise Hotel: Finalveckan,https://jmp2.uk/plu-65e97d41f7f0af0008da2543.m3u8
Best of Paradise Hotel: Kyssar & kärlek,https://jmp2.uk/plu-65b1077e0d9ab40008245b20.m3u8
Best of Paradise Hotel: Pandoras Ask,https://jmp2.uk/plu-65e97d760d456100082da660.m3u8
Best of Paradise Hotel: Skolveckan,https://jmp2.uk/plu-65e97cd118036500082ed0ce.m3u8
Best of The Drew Barrymore Show,https://jmp2.uk/plu-62beb692cda2b10007d5fd76.m3u8
Best of The Drew Barrymore Show,https://jmp2.uk/plu-630478cfdb5a4a0007ec255e.m3u8
Best of The Drew Barrymore Show,https://jmp2.uk/plu-630483153a21200007f1920f.m3u8
Best of The Drew Barrymore Show,https://jmp2.uk/plu-6310cbee5a8ad300070fdb7c.m3u8
Best Thriller TV (1080p),https://streams2.sofast.tv/v1/master/611d79b11b77e2f571934fd80ca1413453772ac7/ce168a85-c8d4-41d6-a597-cc8fd7baddd9/manifest.m3u8
Best TV (720p) [Not 24/7],http://push-int.siliconweb.com/bestTV/stream/playlist.m3u8
BestClasicosTV (720p) [Not 24/7],https://acceso.mediosdecostarica.com:3873/hybrid/play.m3u8
BET,https://jmp2.uk/plu-61c1939b8929e40007ff6382.m3u8
BET,https://jmp2.uk/plu-61dd5bf8db0b8e00080804ff.m3u8
BET,https://jmp2.uk/plu-61c187ef1efe1b0007571711.m3u8
BET (720p),https://gpuserver3.tier1streams.com/BET_EAST/index.m3u8
BET25 LIVE (720p),https://jmp2.uk/plu-6405d444d200410008009419.m3u8
BET25 Live+,https://jmp2.uk/plu-675c0762f433320008707f68.m3u8
BET Cinema,https://jmp2.uk/plu-58af4c093a41ca9d4ecabe96.m3u8
BET Classics,https://jmp2.uk/plu-60f85644a9493e0007a1f035.m3u8
BET Comedy Movies,https://jmp2.uk/plu-68c32d88f56983aba40052bd.m3u8
BET Her (720p),https://gpuserver3.tier1streams.com/BET_HER/index.m3u8
BET Jams (576p),https://gpuserver3.tier1streams.com/BET_JAMS/index.m3u8
BET Pluto TV,https://jmp2.uk/plu-604f8f8622166000071a929f.m3u8
BET Pluto TV,https://jmp2.uk/plu-5ff768b6a4c8b80008498610.m3u8
BET Pluto TV,https://jmp2.uk/plu-5ca670f6593a5d78f0e85aed.m3u8
BET Soul (576p),https://gpuserver3.tier1streams.com/BET_SOUL/index.m3u8
BET Throwbacks,https://jmp2.uk/plu-61326275b3c86a00078e4833.m3u8
BET Visionaries,https://jmp2.uk/plu-663946c1b18d700008d9c168.m3u8
BET West (720p),https://gpuserver3.tier1streams.com/BET_WEST/index.m3u8
BET x Tyler Perry Comedy (1080p),https://d3vmpkkd3o2grv.cloudfront.net/playlist.m3u8
BET x Tyler Perry Comedy (720p),https://jmp2.uk/plu-666b265722acab000885c6aa.m3u8
BET x Tyler Perry Drama (1080p),https://doumbtmvnsp0z.cloudfront.net/playlist.m3u8
BET x Tyler Perry Drama (720p),https://jmp2.uk/plu-666b38a5efa2a10008b15b3a.m3u8
Bethel TV (720p),https://alfa.betheltv.tv/srt/3_abr/playlist.m3u8
Better Health TV (480p),https://tgn.bozztv.com/betterlife/betterhealth/betterhealth/index.m3u8
Better Life Nature Channel (480p),https://tgn.bozztv.com/betterlife/betternature/betternature/index.m3u8
Better Life TV (720p),https://tgn.bozztv.com/betterlife/betterlife/betterlife/index.m3u8
Beverly Hillbillies,https://jmp2.uk/plu-5f7796e470510900070d4e3d.m3u8
Beverly Hills 90210,https://jmp2.uk/plu-60afb576053df900076fa2f0.m3u8
Beverly Hills 90210,https://jmp2.uk/plu-5f4d83e0a382c00007bc02e7.m3u8
Beverly Hills Television 10 (720p),https://cdn3.wowza.com/5/V2Y2VmhqMEFDTUkx/beverlyhills/G0072_006/playlist.m3u8
Beverly Hills Television 35 (720p),https://cdn3.wowza.com/5/V2Y2VmhqMEFDTUkx/beverlyhills/G0072_007/playlist.m3u8
Beyaz TV (720p) [Not 24/7],https://mn-nl.mncdn.com/blutv_beyaztv2/live.m3u8
Beyblade (1080p),https://amg01796-amg01796c6-rakuten-fr-5334.playouts.now.amagi.tv/playlist/amg01796-fastmediafast-beybladefr-rakutenfr/playlist.m3u8
Beyblade,https://jmp2.uk/plu-633dc392e0282400071b0d39.m3u8
Beyblade,https://jmp2.uk/plu-664c8ba33d173b00080ef0c8.m3u8
Beyblade en Español (1080p),https://amg01796-amg01796c8-rakuten-es-5333.playouts.now.amagi.tv/playlist/amg01796-fastmediafast-beybladees-rakutenes/playlist.m3u8
Beyond Belief: Fact or Fiction,https://jmp2.uk/plu-611f85396abc84000738417b.m3u8
Beyond History,https://jmp2.uk/plu-62fb9844db5a4a0007ebc2a3.m3u8
Beyond Paranormal (1080p),https://videoelephantlimited-beyondparanormal-1-us.ohlscdn.wurl.tv/playlist.m3u8
Beyond Paranormal (720p),https://a-cdn.klowdtv.com/live3/beyondparanormal_720p/playlist.m3u8
Beyond the Gates,https://jmp2.uk/plu-687ff00ff6bc08130f16ab81.m3u8
BFM2 (1080p),https://d1ib1gsg71oarf.cloudfront.net/v1/master/3722c60a815c199d9c0ef36c5b73da68a62b09d1/cc-scp7wda722jph/BFM2_FR.m3u8
BFM Alsace (1080p),https://ncdn-live-bfm.pfd.sfr.net/shls/LIVE$BFM_ALSACE/index.m3u8?end=END&start=LIVE
BFM Business (1080p),https://ncdn-live-bfm.pfd.sfr.net/shls/LIVE$BFM_BUSINESS/index.m3u8?end=END&start=LIVE
BFM DICI Alpes du Sud (1080p),https://ncdn-live-bfm.pfd.sfr.net/shls/LIVE$BFM_DICI_ALPESDUSUD/index.m3u8?end=END&start=LIVE
BFM DICI Haute-Provence (1080p),https://ncdn-live-bfm.pfd.sfr.net/shls/LIVE$BFM_DICI_HAUTEPROVENCE/index.m3u8?end=END&start=LIVE
BFM Grand Lille (1080p),https://ncdn-live-bfm.pfd.sfr.net/shls/LIVE$BFMGRANDLILLE/index.m3u8?end=END&start=LIVE
BFM Grand Littoral (1080p),https://ncdn-live-bfm.pfd.sfr.net/shls/LIVE$BFMGRANDLITTORAL/index.m3u8?end=END&start=LIVE
BFM Grands Reportages (1080p),https://ncdn-live-bfm.pfd.sfr.net/shls/LIVE$BFM_GRANDSREPORTAGES/index.m3u8?end=END&start=LIVE
BFM Lyon (1080p),https://ncdn-live-bfm.pfd.sfr.net/shls/LIVE$BFM_LYON/index.m3u8?end=END&start=LIVE
BFM Marseille (1080p),https://ncdn-live-bfm.pfd.sfr.net/shls/LIVE$BFM_MARSEILLEPROV/index.m3u8?end=END&start=LIVE
BFM Nice Côte d'Azur (1080p),https://ncdn-live-bfm.pfd.sfr.net/shls/LIVE$BFM_NICECOTEDAZUR/index.m3u8?end=END&start=LIVE
BFM Normandie (1080p),https://ncdn-live-bfm.pfd.sfr.net/shls/LIVE$BFM_NORMANDIE/index.m3u8?end=END&start=LIVE
BFM Tech & Co (1080p),https://ncdn-live-bfm.pfd.sfr.net/shls/LIVE$BFM_TECHANDCO/index.m3u8?end=END&start=LIVE
BFM Toulon Var (1080p),https://ncdn-live-bfm.pfd.sfr.net/shls/LIVE$BFM_TOULONVAR/index.m3u8?end=END&start=LIVE
BFM TV (1080p),https://ncdn-live-bfm.pfd.sfr.net/shls/LIVE$BFM_TV/index.m3u8?end=END&start=LIVE
BHA TV (1080p),https://streamer2.nexgen.bz/15-BHA/index.m3u8
Bhakthi Siri (576p),https://d35j504z0x2vu2.cloudfront.net/v1/master/0bc8e8376bd8417a1b6761138aa41c26c7309312/bhakthi-siri/index.m3u8?ads.vf=gdvNYWzRJii
Bhakthi TV (720p),https://cdn-1.pishow.tv/live/397/master.m3u8
Bharat24 (1080p),https://cdn.ottlive.co.in/bharat24/index.fmp4.m3u8
Bharat Express (1080p),https://d35j504z0x2vu2.cloudfront.net/v1/master/0bc8e8376bd8417a1b6761138aa41c26c7309312/bharat-express/index.m3u8?ads.vf=rc4w_mtwL4W
Bharat Samachar (576p),https://trs1.aynaott.com/BharatSamachar/index.m3u8
Bhojpuri Cinema (720p),http://103.213.31.109:90/BhojpuriCinema/playlist.m3u8
BHRT (720p) [Geo-blocked],https://bhrtstream.bhtelecom.ba/bhrtportal.m3u8
BHT 1 (720p),https://webtvstream.bhtelecom.ba/hls13/bhrtportal_hd_1200.m3u8
BHTV (1080p),https://sc1.wasidata.com/Bhtv/index.fmp4.m3u8
Bialogardzka Telewizja Kablowa (1080p),https://bsmbialogard.pl/live/index.m3u8
Bibel TV (720p),https://bibint01.iptv-playoutcenter.de/bibint01/bibint01.stream_all/playlist.m3u8
Bibel TV Impuls (720p),https://bibeltv02.iptv-playoutcenter.de/bibeltv02/bibeltv02.stream_1/playlist.m3u8
Bibel TV Musik (720p),https://bibeltv03.iptv-playoutcenter.de/bibeltv03/bibeltv03.stream_1/playlist.m3u8
Big 12 Studios (1080p),https://d18pj8s9gbivdq.cloudfront.net/The_Big_12.m3u8
Big 12 Studios (1080p),https://amg01258-raycom-amg01258c7-xumo-us-5514.playouts.now.amagi.tv/playlist.m3u8
Big 12 Studios (720p) [Geo-blocked],https://aegis-cloudfront-1.tubi.video/d61265ac-4c98-4243-8e23-31fff4d399e1/playlist.m3u8
Big Brother,https://jmp2.uk/plu-6661f11a41af6400080e90d8.m3u8
BIG BROTHER CLASSIC,https://jmp2.uk/plu-663e09e4b18d700008e48dcf.m3u8
BIG Civic Channel,https://reflect-brookline-interactive-group.cablecast.tv/live-5/live/stream-2/live.m3u8
BIG Community Channel,https://reflect-brookline-interactive-group.cablecast.tv/live-4/live/stream-1/live.m3u8
Big Magic (576p),https://mumt05.tangotv.in/87NeALx2BIGMAGIC/index.m3u8
Big Planet (1080p),http://de.russkoe-iptv.com:88/s/s-e3dc39e0/big-planet-hd.m3u8
Big Ten Network (720p),http://23.237.104.106:8080/USA_BTN/index.m3u8
Big Time Plus (1080p),https://shd-gcp-live.edgenextcdn.net/live/bitmovin-big-time-plus/924283f994779a311c1389698ff7e736/index.m3u8
BIG TV (720p),https://cdn-1.pishow.tv/live/1059/master.m3u8
Big TV 24x7 (576i),https://d2gvyg6lvauoko.cloudfront.net/230226/bigtvmalyalam/chunks.m3u8
Bigtime,https://103f01c3ff79408e83c9212f8a374ecc.mediatailor.us-east-1.amazonaws.com/v1/master/0fb304b2320b25f067414d481a779b77db81760d/RakutenTV-eu_BjgtjmeDarmoweFilmy/playlist.m3u8
Bigudi (576p),http://stream.mcquack.net/340/index.m3u8
Bijoy TV (720p),https://tvsen6.aynaott.com/bijoytv/index.m3u8
Billboard TV (1080p),https://d2zmd59prfyzho.cloudfront.net/Billboard_TV.m3u8
Billiard TV (1080p) [Geo-blocked],https://pb-wm04vonaerv0k.akamaized.net/billi.m3u8
Billiards+ (1080p),https://streams2.sofast.tv/WiseM3U8_18/sofast/cleanhls/master.m3u8
Bilyonaryo News Channel (1080p),https://streams.comclark.com/transcode/bilyonaryo/playlist.m3u8
Binge,https://videostack1.cdnstream1.com:1936/binge-tv/binge-tv/playlist.m3u8
Bio Bio TV (720p),https://jireh-7-hls-video-us-isp.dps.live/hls-video/339f69c6122f6d8f4574732c235f09b7683e31a5/bbtv/bbtv.smil/playlist.m3u8
Biography The Icons (1080p),https://dkaiai6digij6.cloudfront.net/Lights_Legends_Icons.m3u8
Biosfera TV (720p) [Not 24/7],https://tvdatta.com:3021/live/biosferatvlive.m3u8
Bir TV (720p),https://edge.taksimbilisim.com/birtv/bant1/playlist.m3u8
bitMe (1080p),https://cablered.iptvperu.tv:1936/cablered/bitme-srt_new/playlist.m3u8
bitMe Latin America (1080p),https://cablered.iptvperu.tv:1936/cablered/bitme_new/playlist.m3u8
BIZ Cinema (1080p),https://fl.biztv.media/cinema_720_EMfSyXgoRdiIHgldXTZICucKTIeCKO/index.m3u8
BIZ Music (1080p),https://fl.biztv.media/music_720_QAKpGmVUjaPApCNjpsgBxrdqNihAkl/index.m3u8
Biz TV (1080p),https://2-fss-1.streamhoster.com/pl_154/205722-2251224-1/playlist.m3u8
BIZ TV (1080p),https://fl.biztv.media/biz_tv_720_uni8jhub4h8fub4idejswh8dh3j94finbu4nidj39inwsj92in3d/index.m3u8
BizaarTV (720p),https://d3s08lnvd4zcd7.cloudfront.net/webvtt/v1/18584c3f3a2a4df8/88886061/master.m3u8
Biznet Adventure (1080p),http://livestream.biznetvideo.net/biznet_adventure/smil:adventure.smil/playlist.m3u8
Biznet Kids (1080p),http://livestream.biznetvideo.net/biznet_kids/smil:kids.smil/index.m3u8
Biznet Lifestyle (1080p),http://livestream.biznetvideo.net/biznet_lifestyle/smil:lifestyle.smil/index.m3u8
Bizz TV,https://stream.bizzmedia.biz/bizz_tv/index.m3u8
BL-TV/TV Storbyen (720p) [Not 24/7],https://5eeb3940cfaa0.streamlock.net/webtv_live/_definst_/mp4:kanalnordvest/playlist.m3u8
Black Enterprise Streaming Network (1080p),https://videoelephant-limited-blackenterprisestreamingnetwork-1-us.ohlscdn.wurl.tv/playlist.m3u8
Black Enterprise Streaming Television (720p),https://a-cdn.klowdtv.com/live3/blackenterprise_720p/playlist.m3u8
Black Family Sitcoms,https://jmp2.uk/plu-686d61503484d6073283059d.m3u8
Black Ink Crew,https://jmp2.uk/plu-5d51e2bceca5b4b2c0e06c50.m3u8
Black News Channel (1080p),https://blacknewschannel-xumo-us.amagi.tv/playlist.m3u8
Blaze (576p) [Geo-blocked],https://live-blaze-ssai.simplestreamcdn.com/v1/master/774d979dd66704abea7c5b62cb34c6815fda0d35/blaze-live-broadcast-scte/index.m3u8
Blaze Live (720p),https://jmp2.uk/plu-5e46fba0c43b0d00096e5ac1.m3u8
Bleav Football (1080p),https://d35j504z0x2vu2.cloudfront.net/v1/master/0bc8e8376bd8417a1b6761138aa41c26c7309312/bleav-football/playlist.m3u8?ads.vf=MSzrK3wFsnu
Bleav Football (1080p),https://linear-493.frequency.stream/dist/glewedtv/493/hls/master/playlist.m3u8
Blippi (1080p),https://d2p70ev1g5q1aj.cloudfront.net/Blippi_SONO46.m3u8
Blitstv,https://stmv1.transmissaodigital.com/blitstv/blitstv/playlist.m3u8
BLK Regional TV (1080p),https://58bd5b7a98e04.streamlock.net/medienasa-live/_definst_/mp4:BLKonline_high/playlist.m3u8
Blokbaster HD (1080p),http://stream.mcquack.net/364/index.m3u8
Bloodline Detectives (1080p),https://4399c7ad.wurl.com/master/f36d25e7e52f1ba8d7e56eb859c636563214f541/U2Ftc3VuZy1nYl9NZWRpY2FsRGV0ZWN0aXZlc19ITFM/playlist.m3u8
Bloodline Detectives (720p),https://jmp2.uk/plu-63d91cc58795f30008678e9d.m3u8
Bloomberg Originals,https://e96a7526.wurl.com/master/f36d25e7e52f1ba8d7e56eb859c636563214f541/UmFrdXRlblRWLWV1X0Jsb29tYmVyZ09yaWdpbmFsc19ITFM/playlist.m3u8
Bloomberg Originals (1080p),https://86fdc85a.wurl.com/master/f36d25e7e52f1ba8d7e56eb859c636563214f541/TEctZ2JfQmxvb21iZXJnT3JpZ2luYWxzX0hMUw/playlist.m3u8
Bloomberg Originals (1080p),https://bloomberg.com/media-manifest/streams/qt.m3u8
Bloomberg TV (1080p),http://23.237.104.106:8080/USA_BLOOMBERG/index.m3u8
Bloomberg TV Asia (720p),https://bloomberg.com/media-manifest/streams/asia.m3u8
Bloomberg TV Asia Live Event (720p),https://bloomberg.com/media-manifest/streams/asia-event.m3u8
Bloomberg TV Australia (270p),https://bloomberg.com/media-manifest/streams/aus.m3u8
Bloomberg TV Bulgaria,http://213.91.179.28:8000/play/a04m
Bloomberg TV EMEA Live Event (720p),https://bloomberg.com/media-manifest/streams/eu-event.m3u8
Bloomberg TV Europe (720p),https://bloomberg.com/media-manifest/streams/eu.m3u8
Bloomberg TV Mongolia HD (1080p),https://cdn4.skygo.mn/live/disk1/BloombergMon/DASH-FTA/BloombergMon.mpd
Bloomberg TV US Live Event (720p),https://bloomberg.com/media-manifest/streams/us-event.m3u8
Bloomberg TV US Politics Live Event (720p),https://bloomberg.com/media-manifest/streams/politics.m3u8
Bloomberg TV+ (2160p),https://d8975dc3.wurl.com/master/f36d25e7e52f1ba8d7e56eb859c636563214f541/U2Ftc3VuZy1nYl9CbG9vbWJlcmdUVlBsdXNfSExT/playlist.m3u8
Bloomberg TV+,https://86ebec83.wurl.com/master/f36d25e7e52f1ba8d7e56eb859c636563214f541/UmFrdXRlblRWLWV1X0Jsb29tYmVyZ1RWUGx1c19ITFM/playlist.m3u8
BloombergHT (720p),https://ciner-live.daioncdn.net/bloomberght/bloomberght.m3u8
Bloomfield Access Government TV (480p),https://reflect-batv.cablecast.tv/live-3/live/live.m3u8
Bloomfield Access TV Channel 5 (480p),https://reflect-batv.cablecast.tv/live-5/live/live.m3u8
Blu Radio (720p),https://mdstrm.com/live-stream-playlist/58d1921a72e2b22e2905e493.m3u8
Blue Bloods,https://jmp2.uk/plu-66f55a9a747bfa0008521859.m3u8
Blue Bloods,https://jmp2.uk/plu-61b3b8c645b45d0007a9bb8d.m3u8
Blue Mountain State,https://jmp2.uk/plu-67ff7dd84906b1acfad97330.m3u8
Blue Sky TV (720p),https://cdn5.smart-tv-data.com/bluesky/bluesky-live/playlist.m3u8
Blues TV,https://2-fss-2.streamhoster.com/pl_138/205510-3094608-1/playlist.m3u8
BM&C News (720p),https://jmp2.uk/plu-666c9c60a7efd40008f552f0.m3u8
BMC-HD TV (720p),https://livestream.telvue.com/belmontmedia4/f7b44cfafd5c52223d5498196c8a2e7b.sdp/playlist.m3u8
BMG TV,https://tv.nucast.tv/lb/ge/bmg/index.m3u8
BN Channel (720p),https://flv.intechmedia.net/live/ch112.m3u8
BNB Digital (720p),https://live-evg8.tv360.bitel.com.pe/bitel/bnbSRT/playlist.m3u8
BNN Bloomberg,https://pe-ak-lp01a-9c9media.akamaized.net/live/News1BNNDigi/p/dash/00000001/1bba52dc66e4c68e/manifest.mpd
BNR Nieuwsradio (720p) [Geo-blocked],https://bnr-cache-cdp.triple-it.nl/studio/index.m3u8
BNT 1 (1080p),https://shift03.isp.bg/BNT1_HD/index.m3u8
BNT 2 (1080p),https://shift03.isp.bg/BNT2_HD/index.m3u8
BNT 3 (1080p),https://shift03.isp.bg/BNT3_HD/index.m3u8
BNT 4 (1080p),https://shift03.isp.bg/BNT4_HD/index.m3u8
Boas Novas (1080p),https://cdn.jmvstream.com/w/LVW-9375/LVW9375_6i0wPBCHYc/playlist.m3u8
Bob Esponja (720p),https://jmp2.uk/plu-5f1aca0b4e448e00075e7c5e.m3u8
Bob Esponja Calça Quadrada (720p),https://jmp2.uk/plu-62545c0b002f4b0007688b61.m3u8
Bob Esponja Pantalones Cuadrados (720p),https://jmp2.uk/plu-6254598f5083f800076d8563.m3u8
Bob l'éponge (720p),https://jmp2.uk/plu-5ffc8c345822750007e167de.m3u8
Bob l'éponge (720p),https://jmp2.uk/plu-66588931a3865300085ca800.m3u8
Boca Chica TV (720p) [Not 24/7],https://fox.hostlagarto.com:8081/bocachicatv/tracks-v1a1/mono.m3u8
Boishakhi TV (720p),https://tvsen6.aynaott.com/boishakhitv/index.m3u8
BOKTV (720p) [Not 24/7],https://livestream2.bokradio.co.za/hls/Bok5c.m3u8
Bol Entertainment (1080p),https://ml-pull-dvc-myco.io:2096/BOL_ENTERTAINMENT/index.m3u8
Bolajon (576p),https://stream8.cinerama.uz/1007/playlist.m3u8
Boligjakten,https://jmp2.uk/plu-61c1dc21b9587d0007e3fc15.m3u8
Boligkjøp i blinde,https://jmp2.uk/plu-63c6a1c46d126a000760b91c.m3u8
Boligkøb i blinde,https://jmp2.uk/plu-63c6a27a4faf1c0007b48f7b.m3u8
Bolivia Punto TV,https://streaming.hostpannel.lat/hls/fc517baca1d452f22f56a2563f93f500/index.m3u8
Bolivia TV (1080p),http://15.204.246.24:8080/BoliviaTvHD/index.m3u8
Bolivision (1080p),https://d135ohnuotzzyo.cloudfront.net/index.m3u8
Bolivision Santa Cruz (720p),https://d1mws3umreue1g.cloudfront.net/index.m3u8
Bollywood 4U (1080p),https://streams2.sofast.tv/umaxx/v1/0196d96223231ea506ec2e7986613e/0196d96312d71ebd416a37ff7b3317/playlist.m3u8
Bollywood HD (1080p),http://103.213.31.109:90/BollywoodHD/playlist.m3u8
Bollywood HD Russia (576p),https://xykt-fix.github.io/cinerama_edge01/hls/BOLLYWOOD_RU/Movie009.m3u8
Bollywood Masala (1080p),https://d35j504z0x2vu2.cloudfront.net/v1/master/0bc8e8376bd8417a1b6761138aa41c26c7309312/bollywood-masala/index.m3u8?ads.vf=SyLjWbscWiy
Bollywood Masala (1080p),https://streams2.sofast.tv/vglive-sk-373192/index.m3u8
Bolt (576p),http://hls127.freeott.top:8080/Bolt/video.m3u8
Bolt (1080p),http://stream.mcquack.net/73/index.m3u8
Bolton Community Voice Channel (CVC) Education (Bolton CT) (480p),https://dlttx48mxf9m3.cloudfront.net/vod_clients/bolton/live/ch2/video.m3u8
Bolton Community Voice Channel (CVC) Government (Bolton CT) (480p),https://dlttx48mxf9m3.cloudfront.net/vod_clients/bolton/live/ch3/video.m3u8
Bolton Community Voice Channel (CVC) Public (Bolton CT) (480p),https://dlttx48mxf9m3.cloudfront.net/vod_clients/bolton/live/ch1/video.m3u8
Bom Channel (720p),https://5f22d76e220e1.streamlock.net/canale6/canale6/playlist.m3u8
bon appétit (1080p),https://bonappetit-samsung.amagi.tv/playlist.m3u8
Bon Dia TV (1080p),https://directes-tv-int.3catdirectes.cat/live-content/bondia-hls/master.m3u8
Bonaire.tv (1080p) [Not 24/7],https://media.streambrothers.com:1936/8506/8506/playlist.m3u8
Bonanza,https://jmp2.uk/plu-696e647b07ea70192d49f6a5.m3u8
Bonanza,https://jmp2.uk/plu-68e9913c4a666b9054849832.m3u8
Bonao TV (720p) [Not 24/7],https://tele-stream.telecasa.net/live/st2/bonaotv-hd/index.m3u8
Bonce TV (480p) [Not 24/7],https://seswa.bonce.tv/hls/bonceswa.m3u8
Bonches Latinos TV (720p),https://5790d294af2dc.streamlock.net/latinostv/latinostv/playlist.m3u8
Bondi Rescue (1080p) [Geo-blocked],https://pb-xcqdiadvt1x0q.akamaized.net/playlist.m3u8
Bondi Rescue,https://jmp2.uk/plu-660be37e7bcd860008793a6a.m3u8
Bondi Rescue (720p),https://jmp2.uk/plu-660d66be7bcd8600087cfee5.m3u8
Bondi Rescue (720p),https://jmp2.uk/plu-660d67c419ca71000849a4e9.m3u8
Bondi Rescue (720p),https://jmp2.uk/plu-660d67eec8311c0008b8c3f7.m3u8
Bondi Rescue (720p),https://jmp2.uk/plu-66166989635c7500084105a2.m3u8
Bondi Vet (720p),https://wtfn-bondivet-1-au.samsung.wurl.tv/playlist.m3u8
Bondi Vet (720p),https://wtfn-bondivet-1-nz.samsung.wurl.tv/playlist.m3u8
Boonniyom TV,https://live.x2.co.th/live/bntv.m3u8
Boreal (720p) [Not 24/7],https://edge.essastream.com/borealtelevision/tracks-v1a1/mono.m3u8
Born to Kill (1080p),https://amg00654-itv-amg00654c7-samsung-gb-1168.playouts.now.amagi.tv/playlist/amg00654-itvstudiosfast-truelives-samsunggb/playlist.m3u8
Born to Kill (720p),https://jmp2.uk/plu-650315163a0d700008bb07f8.m3u8
Boruto: Naruto Next Generations,https://jmp2.uk/plu-656f389c3944b60008e5bdab.m3u8
Boruto: Naruto Next Generations,https://jmp2.uk/plu-656f37f257fe4a000884dfee.m3u8
Boruto: Naruto Next Generations,https://jmp2.uk/plu-696997049889f8db34c936c2.m3u8
Boss Brothers TV (1080p),http://51.254.199.122:8080/bossbrothersTV/index.m3u8
Bouke (504p),https://dlgt0tdl2hpq3.cloudfront.net/rtbf/clr-rtbf/e1ccc6aa/index.m3u8
Bounce (1080p),http://40.160.24.58/BOUNCE_TV/index.m3u8
Bounce XL (1080p),https://cdn-uw2-prod.tsv2.amagi.tv/linear/amg01438-ewscrippscompan-bouncexl-tablo/playlist.m3u8
Box Kids TV (720p),http://45.190.28.50/BOX_KIDS_HD/index.m3u8
BOX TV,http://213.91.179.28:8000/play/a0an
BPX TV Radio,https://video1.getstreamhosting.com:1936/8212/8212/playlist.m3u8
BR6 TV (720p),https://58c04fb1d143f.streamlock.net/slob/slob/playlist.m3u8
BR8 TV,https://cdn.live.br1.jmvstream.com/w/LVW-11668/ngrp:LVW11668_wiJpjbMrks_all/playlist.m3u8
BR Fernsehen Nord (720p),https://mcdn.br.de/br/fs/bfs_nord/hls/de/master.m3u8
BR Fernsehen Sud (1080p),https://mcdn.br.de/br/fs/bfs_sued/hls/de/master.m3u8
Bragado TV,https://mp.panelchs.com:1936/8028/ngrp:8028_all/playlist.m3u8
Brat TV (1080p),https://streams2.sofast.tv/v1/master/611d79b11b77e2f571934fd80ca1413453772ac7/04072b68-dc6a-4d5e-98af-f356ba8d5063/playlist.m3u8
Brave Wilderness (1080p),https://d95zc3i1pxhs7.cloudfront.net/playlist.m3u8
Bravo (1080p),https://gpuserver3.tier1streams.com/BRAVO/index.m3u8
Bravo +1,https://i.mjh.nz/.r/bravo-plus1.m3u8
Bravo Farsi TV (360p),https://bravoohls.wns.live/hls/stream.m3u8
Bravo TV (1080p),https://redirector.rudo.video/hls-video/c54ac2799874375c81c1672abb700870537c5223/bravo/bravo.smil/playlist.m3u8
Bravo Vault (1080p),https://xumo-xumoent-vc-114-x0p7i.fast.nbcuni.com/live/master.m3u8
Bravo Vault (720p),https://jmp2.uk/plu-6549310a53fc97000838fcc9.m3u8
Bravo West (1080p),http://40.160.24.52/BRAVO_WEST/index.m3u8
Bravo! Kids TV (1080p),https://streaming.social3.hr/play/r3CK_tdsFIFL3bN7w4NW1plrwsCToUBsRFjhxM68sZY/m3u8
Bravo! TV (1080p),https://streaming.social3.hr/bravoTVkdjd7djd/XAbSERW5p3/2.m3u8
Bread TV面包台 (720p),https://video.bread-tv.com:8091/hls-live24/online/index.m3u8
Breaking News by LeadStory (1080p),https://amg02703-leadstory-leadstory-samsungau-rr75f.amagi.tv/playlist/amg02703-leadstory-leadstory-samsungau/playlist.m3u8
Breaking News by LeadStory (1080p),https://amg02703-leadstory-leadstory-samsungnz-vc7nn.amagi.tv/playlist/amg02703-leadstory-leadstory-samsungnz/playlist.m3u8
Bref Cinéma 100% Court Métrage,https://lagenceducourtmetrage-brefcinema-01-eu.rakuten.wurl.tv/playlist.m3u8
Breinholts,https://jmp2.uk/plu-660d6c0094db140008fe2f74.m3u8
Brevard County Government Access TV (Brevard FL) (720p),https://cdn3.wowza.com/5/cXdyRHF0Z3kxN0k2/brevardfl/G2111_002/playlist.m3u8
Brian TV (720p) [Not 24/7],https://livefta.malimarcdn.com/ftaedge00/briantv.sdp/playlist.m3u8
Bride TV (576p),https://viewmedia7219.bozztv.com/wmedia/viewmedia100/web_013/Stream/playlist.m3u8
BRIDGE (576p),http://stream.mcquack.net/318/index.m3u8
BRIDGE Classic (576p),http://stream.mcquack.net/272/index.m3u8
BRIDGE Deluxe (1080p),http://31.148.48.15/Bridge_TV_HD/index.m3u8
BRIDGE Deluxe HD (576p),http://stream.mcquack.net/92/index.m3u8
BRIDGE Hits (576p),http://stream.mcquack.net/320/index.m3u8
Bring It! (1080p) [Geo-blocked],https://pb-46i4usnz2g1z1.akamaized.net/Bring_It.m3u8
Brio TV (576p),https://mumt03.tangotv.in/Dsly5z3HBRIOTV/index.m3u8
Brionnais TV (720p),https://stream2.mandarine.media/brionnaistv/brionnaistv/playlist.m3u8
Brit Asia TV (1080p),https://hls.autopo.st/hls/britasiatv/index.m3u8
Britain's Next Top Model,https://jmp2.uk/plu-67a09ddc21af380008088dc3.m3u8
Britain's Next Top Model,https://jmp2.uk/plu-67a09e25c070cf00083c40fa.m3u8
Britain's Next Top Model,https://jmp2.uk/plu-67a09e5921af38000808900a.m3u8
BritBox Mysteries (1080p),https://aegis-cloudfront-1.tubi.video/c95700f8-e51c-4a36-ad46-56f70fc9f1d9/playlist.m3u8
British Screen Classics (1080p),https://amg00654-itv-amg00654c25-samsung-gb-4838.playouts.now.amagi.tv/playlist.m3u8
British Screen Classics (720p),https://jmp2.uk/plu-65031534d545e9000881ed10.m3u8
Brividy Cinema (720p),https://ixmediasrl-serially-1-it.rakuten.wurl.tv/playlist.m3u8
BRK News (576p),https://cdn-1.pishow.tv/live/1037/master.m3u8
Broad City,https://jmp2.uk/plu-65cba73611ced700082123bc.m3u8
Broad City,https://jmp2.uk/plu-65cba778ec452d0008acbe86.m3u8
Broad City,https://jmp2.uk/plu-65cba7b1ec452d0008acbed8.m3u8
Bromas Gags Just for Laughs (720p),https://jmp2.uk/plu-678029c654f43dad4b5c1ec0.m3u8
Bronco (720p),https://jmp2.uk/plu-684ac10236c9361b1977f7bc.m3u8
Brøndby TV,https://jmp2.uk/plu-685029cda1e091e16ff57fc8.m3u8
BRTV (720p),https://5bf7b725107e5.streamlock.net/brtv/brtv/playlist.m3u8
BRTV (720p) [Geo-blocked],https://live.artidijitalmedya.com/artidijital_brtv/brtv/playlist.m3u8
BRTV Kaku Childrens Channel,http://223.111.191.105/downflv.brtvcloud.com/kkkkasd/winfr.m3u8
BRTV 北京卫视 (1080p),http://go.bkpcp.top/mg/bjws
Bruno Masi TV (720p),https://rds3.desdeparaguay.net/brunomasitv/brunomasitv/playlist.m3u8
Bruzz (720p),https://hls-origin01-bruzz.cdn02.rambla.be/main/adliveorigin-bruzz/_definst_/V3n5YY.smil/playlist.m3u8
BS Film (576p),https://live20.bozztv.com/akamaissh101/ssh101/bsfilm/playlist.m3u8
BSTV (576p),https://lbgo.bozztv.com/ssh101/ssh101/bstv/playlist.m3u8
BT TV (720p),https://feeds.intoday.in/bttv/itgd.m3u8
BTA TV (720p),https://cloud.fastchannel.es/manifiest/hls/prog9/btatv.m3u8
BTB (1080p),https://emisja.btb.j00r.us/iptv/session/1/hls.m3u8
BTB 2 (1080p),https://emisja.btb.j00r.us/iptv/session/2/hls.m3u8
BTB 3 (1080p),https://emisja3.btb.j00r.us/iptv/session/3/hls.m3u8
BTB Info (1080p),https://emisja2.btb.j00r.us/iptv/session/4/hls.m3u8
BTB Music (1080p),https://panel.btb.j00r.us/memfs/ebaffae6-0086-49d7-843d-57f2c561de86.m3u8
BTL TV (720p) [Not 24/7],https://goliveafrica.media:9998/live/638da5440743c/index.m3u8
BTM TV (480p) [Not 24/7],https://btmug.zerocdn.org/hls/stream.m3u8
BTN TV (1080p),https://btn.nowcdn.co.kr/btn/btnlive2m/playlist.m3u8
BTN TV (480p),https://tv.btnrwanda.com:3086/live/btnlive.m3u8
bTV,http://213.91.179.28:8000/play/a03w
BTV [Geo-blocked],https://op-group1-swiftservehd-1.dens.tv/h/h129/S4/mnf.m3u8
BTV (576p),http://stream.mcquack.net/35/index.m3u8
BTV (480p),https://streamfi-alphadgtl1.zettawiseroutes.com:8181/hls/stream.m3u8
bTV Action,http://213.91.179.28:8000/play/a04n
BTV Chattogram (1080p),https://bozztv.com/rongo/rongo-BTVChattagram/index.m3u8
bTV Cinema,http://213.91.179.28:8000/play/a04i
bTV Comedy,http://213.91.179.28:8000/play/a04k
bTV Lady,http://213.91.179.28:8000/play/a05i
BTV National (1080p),https://owrcovcrpy.gpcdn.net/bpk-tv/1709/output/1709.m3u8
BTV News (720p),https://tvsen6.aynaott.com/BTVNews/index.m3u8
BTV News (720p),https://live-evg2.tv360.metfone.com.kh/livetest/bayontest.stream/playlist.m3u8
BTV Panamá (720p) [Not 24/7],https://stream.oursnetworktv.com/latin/btvpanama/playlist.m3u8
BTV World (1080p),https://www.btvlive.gov.bd/streams/ef8b8bbc-98b7-4ba7-a49d-a0adaf259d35/ES/d96eb7f4-83c2-4472-9597-3568390a8ebf/d96eb7f4-83c2-4472-9597-3568390a8ebf_3_playlist.m3u8
Bucovina TV (576i),https://www.bucovinatv.ro/proxy/video/playlist.m3u8
Budapest Európa Televízió (576p),https://cloudfront44.lexanetwork.com:1344/freerelay/bpetv.sdp/playlist.m3u8
Buena Park Television (360p),https://buenapark.cablecast.tv/live/stream-1/live.m3u8
Buena TV (1080p),https://59825a54e4454.streamlock.net:8443/papo351/papo351/playlist.m3u8
Buendia TV,https://servilive.com:3508/stream/play.m3u8
Buenisima Radio TV,https://canal.mediaserver.com.co/live/buenisimatv.m3u8
Buin Somos Todos (720p) [Not 24/7],https://bst.buin.cl/0.m3u8
Bukedde TV 1 (576p),https://stream.hydeinnovations.com/bukedde1flussonic/index.m3u8
Bukedde TV 2 (576p) [Not 24/7],https://stream.hydeinnovations.com/bukedde2flussonic/index.m3u8
Bulgaria On Air,http://213.91.179.28:8000/play/a05x
Bull,https://jmp2.uk/plu-6964b982ca459f9b939da8e6.m3u8
Bull,https://jmp2.uk/plu-6964b9b97d2afdec4f9390f6.m3u8
Bull,https://jmp2.uk/plu-6964b9e19bf57be1537fc7d7.m3u8
BUM Televisión (720p) [Not 24/7],https://movil.ejeserver.com/live/visiondorada.m3u8
Bungo TV (480p) [Not 24/7],https://5bf7b725107e5.streamlock.net/bungotv/bungotv/playlist.m3u8
Burbank Channel (720p),https://cdn3.wowza.com/5/djRwZmQvTEJidmZD/burbank/G0240_009/playlist.m3u8
Burkina Info TV (540p),http://69.64.57.208/burkinainfo/index.m3u8
Bursa AS TV (900p),https://live.artidijitalmedya.com/artidijital_astv/astv/playlist.m3u8
Bursa TV (720p) [Not 24/7],https://win1.yayin.com.tr/bursatv/bursatv/playlist.m3u8
Bushehr,https://ncdn.telewebion.ir/bushehr/live/playlist.m3u8
Business Rockstars (720p),https://stream-us-east-1.getpublica.com/playlist.m3u8?network_id=2220
Busted at the Border,https://jmp2.uk/plu-62fb9c4539183b00076a3875.m3u8
Busuioc TV,https://tt.nfthost.net/static/streaming-playlists/hls/bb907ca9-5cb5-49dd-b276-d77721a9bc6d/master.m3u8
BUTV10 (Boston University) (1080p) [Not 24/7],https://cdnapisec.kaltura.com/p/2184561/sp/218456100/playManifest/entryId/1_68qxw4eu/format/applehttp/a.m3u8
Buxoro MTRK (720p),https://stream8.cinerama.uz/1459/tracks-v1a1/mono.m3u8
Buying Blind Denmark,https://jmp2.uk/plu-63c6a7544faf1c0007b496d7.m3u8
BuzzFeed Celeb (1080p),https://d1gdoah3axw004.cloudfront.net/BuzzFeed_Celeb.m3u8
BuzzFeed Tasty (1080p),https://d2tlbbjop5ksk2.cloudfront.net/BuzzFeed_Tasty.m3u8
BuzzFeed Unsolved (1080p),https://d1727vwt6h9ghr.cloudfront.net/BuzzFeed_Unsolved.m3u8
Buzzfeed Unsolved,https://d39g1vxj2ef6in.cloudfront.net/v1/master/3fec3e5cac39a52b2132f9c66c83dae043dc17d4/prod-rakuten-stitched/master.m3u8?ads.xumo_channelId=88883099
Buzzr (1080p),http://23.237.104.106:8080/USA_BUZZR/index.m3u8
BVB-Frauen,https://jmp2.uk/plu-66337ea1307fa300082c28a0.m3u8
BVC,https://vivo.solumedia.com:19360/bvnet/bvnet.m3u8
BX1 (720p) [Not 24/7],https://59959724487e3.streamlock.net/stream/live/playlist.m3u8
BX Arts (720p),https://reflect-stream-bronxnet.cablecast.tv/live-19/live/stream-2/live.m3u8
BX Culture (720p),https://reflect-stream-bronxnet.cablecast.tv/live-7/live/stream-3/live.m3u8
BX Inform (1080p),https://reflect-stream-bronxnet.cablecast.tv/live-8/live/stream-4/live.m3u8
BX Inspire (720p),https://reflect-stream-bronxnet.cablecast.tv/live-18/live/stream-7/live.m3u8
BX Omni (720p),https://reflect-stream-bronxnet.cablecast.tv/live-16/live/stream-1/live.m3u8
BYUtv (1080p),https://d13j8jpstr8iqz.cloudfront.net/BYUtv.m3u8
C1 (1080p),https://cdn4.skygo.mn/live/disk1/C1/DASH-FTA/C1.mpd
C4 en Alerta (720p),https://jmp2.uk/plu-673f7446030a2c0008231bc3.m3u8
C9N (1080p),https://alba-py-c9n-c9n.stream.mediatiquestream.com/index.m3u8
C31 Melbourne (240p),https://d1k6kax80wecy5.cloudfront.net/RLnAKY/index.m3u8
C Malayalam TV (1080p),https://2-fss-2.streamhoster.com/pl_120/206508-3261972-1/playlist.m3u8
C Star (1080p),http://145.239.5.177/361/index.m3u8
C'est pas sorcier,https://jmp2.uk/plu-63b579961bdba100071214cb.m3u8
C-SPAN (1080p),https://gpuserver3.tier1streams.com/C-SPAN_HD/index.m3u8
C-SPAN 2 (1080p),https://gpuserver3.tier1streams.com/C-SPAN_2/index.m3u8
Cà Mau TV (720p) [Geo-blocked],https://tv.ctvcamau.vn/live/tv/tv.m3u8
Cable 14 Hamilton,https://flowcaster1-ch.cdn.clearcable.net/C14/smil:C14.smil/playlist.m3u8?iimae0UC2aendtime=1665196120&iimae0UC2ahash=NzcDbuotaJAVf1DsNxuGHBlfCXSvHDIt5sqMUMgrRMU%3D&iimae0UC2astarttime=1665181720
Cable Imagen Armstrong (540p) [Not 24/7],https://stream.arcast.com.ar/casse/casse/playlist.m3u8
Cable Nobsa TV (720p),https://eu1.servers10.com:8081/8164/index.m3u8
Cable Sur TV,https://tvlatina.live:1936/8025/8025/playlist.m3u8
Cablenet Sports 1 (1080p),http://185.102.171.218/CablenetSports1/index.m3u8
Cablenet Sports 2 (1080p),http://185.102.171.218/CablenetSports2/index.m3u8
Cabo Frio TV (720p),https://59f2354c05961.streamlock.net:1443/ararutv/_definst_/ararutv/playlist.m3u8
Caçadores de Óvnis,https://jmp2.uk/plu-656e2a10954b020008ed167c.m3u8
CAD TV,https://videoserver.tmcreativos.com:19360/dcsajkpvrh/dcsajkpvrh.m3u8
Cadena 103 (720p) [Not 24/7],http://arcast.net:1935/cadena103/cadena103/playlist.m3u8
Cadena A (720p) [Not 24/7],https://5fe2654d6127d.streamlock.net/cadenaa/videocadenaa/playlist.m3u8
Cadena Elite (720p) [Not 24/7],https://cloudvideo.servers10.com:8081/8004/index.m3u8
Cadena TV (720p) [Not 24/7],https://tv.bitstreaming.net:3789/live/cdntvlive.m3u8
Cadena TV SD,https://live-evg10.tv360.bitel.com.pe/bitel/cadenatv/playlist.m3u8
Cafe Film,https://cafefhls.wns.live/hls/stream.m3u8
Cafe Trade TV,https://cafetradehls.wns.live/hls/stream.m3u8
CafeTV24 (720p),https://srvx1.selftv.video/cafe/live/playlist.m3u8
Cagney & Lacey,https://jmp2.uk/plu-6960c5a906d76f50db2816dc.m3u8
Caillou (720p),https://d2mshoh3usf646.cloudfront.net/playlist.m3u8
Caillou,https://do7nccdsswstc.cloudfront.net/v1/manifest/3722c60a815c199d9c0ef36c5b73da68a62b09d1/cc-1aso0bc668saa/a5233c83-f772-4a81-959a-45ec7877ef61/5.m3u8
Cajamarca TV (720p),https://live-evg8.tv360.bitel.com.pe/bitel/cajamarcatvSRT/playlist.m3u8
Calabasas Channel (480p),https://cdn3.wowza.com/5/UWpORHhLSEs5SkJs/calabasas/G0009_003/playlist.m3u8
Calabria TV,https://64b16f23efbee.streamlock.net/calabriatv/calabriatv/playlist.m3u8
Caldera Vision,https://tv.arkeo.cl:1936/kymczwbrge/kymczwbrge/playlist.m3u8
California Medios TV (720p),https://s5.mexside.net:1936/medios/medios/playlist.m3u8
California Music Channel (1080p),https://cmc-cmctv-cineverse.amagi.tv/playlist.m3u8
Call My Agent!,https://jmp2.uk/plu-69776f2b2c00406316a01945.m3u8
Call the Midwife,https://jmp2.uk/plu-65dded6966eec80008947157.m3u8
CAM 10 TV (720p),https://stream.it-innov.com/cam10tv/index.m3u8
Camera dei Deputati (via RR) (240p),https://video-ar.radioradicale.it/diretta/camera2/playlist.m3u8
Camera Smile (480p),https://rpn.bozztv.com/gusa/gusa-camerasmile/index.m3u8
Camp Kulinaris,https://jmp2.uk/plu-61c1dce2fb9ae40007d0ac15.m3u8
Camp Kulinaris,https://jmp2.uk/plu-6400bf66dff38e00083f4ee8.m3u8
Camp Spoopy (576p),https://stream.ads.ottera.tv/playlist.m3u8?network_id=269
Campfire Vibes (1080p),https://d1bcz21zn68he1.cloudfront.net/playlist.m3u8
Campo Abierto TV (720p),https://v2.tustreaming.cl/catvlive/index.m3u8
Campus TV (480p) [Not 24/7],https://5e85d90130e77.streamlock.net/6052/6052/playlist.m3u8
Campus TV (Talca) (720p) [Not 24/7],https://pantera1-100gb-cl-movistar.dps.live/campustv/campustv.smil/playlist.m3u8
Camu TV (480p) [Not 24/7],https://live20.bozztv.com/akamaissh101/ssh101/camutv/playlist.m3u8
Cần Thơ TV1 (1080p),https://live.canthotv.vn/live/tv/chunklist.m3u8
Cần Thơ TV2 (1080p),https://megasystems-6c680321cd.gw-dthcdn.com/haugiangtv/haugiangtv.m3u8
Cần Thơ TV3 (1080p),https://live.canthotv.vn/cs3/tv/chunklist.m3u8
Can TV (720p),https://livetv.canbroadcast.com:7443/canlican/tv.m3u8
CAN TV19 (1080p),https://cantv.streamguys1.com/cantv/cantv19hls/playlist.m3u8
CAN TV21 (1080p),https://cantv.streamguys1.com/cantv/cantv21hls/playlist.m3u8
CAN TV27 (1080p),https://cantv.streamguys1.com/cantv/cantv27hls/playlist.m3u8
CAN TV36 (1080p),https://cantv.streamguys1.com/cantv/cantv36hls/playlist.m3u8
Cana TV Digital (720p) [Not 24/7],https://stream.hostuis.com:19360/canatvdigital/canatvdigital.m3u8
Canada One (720p) [Not 24/7],http://cdn8.live247stream.com/canadaone/tv/playlist.m3u8
Canaf54 TV,https://5caf24a595d94.streamlock.net:1937/pvyugfkzkc/pvyugfkzkc/playlist.m3u8
Canal 1 (1080p) [Geo-blocked],https://mdstrm.com/live-stream-playlist/5a5e1c2568b1910913db5fe2.m3u8
Canal 1 (720p) [Not 24/7],https://vid.canal1cr.com:3424/multi_live/play_720.m3u8
Canal 1 Mar Menor-Torre Pacheco (1080p),https://directo.tuwebtv.es/canal1.m3u8
Canal 1 Nuble,https://tls-cl.cdnz.cl/canal21tv/live/playlist.m3u8
Canal 2 (720p) [Not 24/7],https://d2hha8xu9trvi8.cloudfront.net/ts:abr.m3u8
Canal 2 (576p),https://signal.teleon.live/stream/canal2sv.m3u8?token=%2A%2A%2A
Canal 2 Alpavisión Neiva (720p) [Not 24/7],https://stmv1.voxtvhd.com.br/alpavision/alpavision/playlist.m3u8
Canal 2 de Ushuaia (1080p),https://nd106.republicaservers.com:4433/hls/c6611/index.m3u8
Canal 2 Gualeguay,https://stream.arcast.net:4443/gualeguay/gualeguay/playlist.m3u8
Canal 2 International (720p),http://69.64.57.208/canal2international/playlist.m3u8
Canal 2 Mar del Plata,https://tv.streamcasthd.com:3641/live/canal2mdplive.m3u8
Canal 2 Misiones (1080p),https://nd106.republicaservers.com:4433/hls/canal2misioness/index.m3u8
Canal 2 NexTV Rafaela (720p),https://edge.enhdtv.com/nexthd/index.m3u8
Canal 3,https://cs2.push2stream.com/CANAL3BENIN/playlist.m3u8
Canal 3 (720p),https://d2qsan2ut81n2k.cloudfront.net/live/6b4f0a21-94d5-4fb6-9742-0f78923723cd/medialist_5900814650867226228_hls.m3u8
Canal 3 (720p),https://d3jocgwjuhw91y.cloudfront.net/ts:abr.m3u8
Canal 3 Biar (480p) [Not 24/7],https://avantstreaming.es/hls/canal3.m3u8
Canal 3 Formosa,https://stmvideo6.livecastv.com/agenfor/agenfor/playlist.m3u8
Canal 3 Impresionante (480p),https://cloud2.streaminglivehd.com:2020/hls/8036/8036.m3u8
Canal 3 KMK TV (720p),https://live20.bozztv.com/giatv/giatv-KMKTV/KMKTV/chunks.m3u8
Canal 3 La Pampa (1080p),https://stream.arcast.com.ar/c3lapampa/ngrp:c3lapampa_all/playlist.m3u8
Canal 3 Las Heras (720p),https://stream.arcast.com.ar/canal3/canal3/playlist.m3u8
Canal 3 Pinamar,http://intelincloud01.com.ar/hls/cn3/index.m3u8
Canal 3 Tacural,http://vivo.canal3tacural.com.ar:8081/hls/stream.m3u8
Canal 4 (720p),https://dlhn7gdemxofz.cloudfront.net/ts:abr.m3u8
Canal 4 (480p) [Not 24/7],http://138.117.4.70:8075/Canal04_CooTelmnbv/playlist.m3u8
Canal 4 (1080p),https://signal.teleon.live/stream/canal4sv.m3u8?token=%2A%2A%2A
Canal 4 Catalunya (1080p),https://limited35.todostreaming.es/live/mitjans-livestream.m3u8
Canal 4 Esquel,https://stream.arcast.com.ar/canal4esquel/canal4esquel/playlist.m3u8
Canal 4 Jujuy,https://5cd577a3dd8ec.streamlock.net/CANAL4/smil:CANAL4.smil/playlist.m3u8
Canal 4 Mallorca (1080p),https://limited35.todostreaming.es/live/mitjans-livestream1.m3u8
Canal 4 Mancha Centro (720p) [Not 24/7],https://5924d3ad0efcf.streamlock.net/canal4/canal4live/playlist.m3u8
Canal 4 Posadas (576p),https://iptv.ixfo.com.ar:30443/live/C4POS/playlist.m3u8
Canal 4 RD (1080p),https://cdn.protvradiostream.com/canal4rd-1/ngrp:canal4rd-1_all/playlist.m3u8
Canal 4 San Juan (576p),https://streamlov.alsolnet.com/canal4sanjuan/live/playlist.m3u8
Canal 4 Teleaire,https://stmvideo6.livecastv.com/canal4/canal4/playlist.m3u8
Canal 4 Villa Dolores,https://stmvideo3.livecastv.com/canal4vd/canal4vd/playlist.m3u8
Canal 5 (1080p),http://45.181.87.106/CANAL5HD/index.m3u8
Canal 5 (720p),https://tinyurl.com/canal5uy
Canal 5 Del Pueblo [Not 24/7],https://stmv4.voxtvhd.com.br/canal5pueblo/canal5pueblo/playlist.m3u8
Canal 5 El Líder (720p) [Not 24/7],https://mdstrm.com/live-stream-playlist/6287fda8ea3b8b397d1ca2ed.m3u8
Canal 5 Puerto Montt,https://5ff3d9babae13.streamlock.net/aufymdjpjf/aufymdjpjf/playlist.m3u8
Canal 5 Santa Fe (240p),https://stream.arcast.com.ar/c5sf/c5sf/playlist.m3u8
Canal 5 TV Chepes,https://videostream.shockmedia.com.ar:19360/canal5alfatvchepes/canal5alfatvchepes.m3u8
Canal 5 TV Cozumel (1080p),https://video0.rogohosting.com:19360/tvcozumel/tvcozumel.m3u8
Canal 5 TV Max (1080p),https://tvmaxsa.com.py/hls/FB-430927919930380-0-AbzjnbAzAIR0NaFg.m3u8
Canal 6 (720p),https://d3xpfoln9sj56.cloudfront.net/ts:abr.m3u8
Canal 6 (576p),https://signal.teleon.live/stream/canal6sv.m3u8?token=%2A%2A%2A
Canal 6 CdMX (720p),https://jmp2.uk/plu-652e91fd6208700008dcaf7b.m3u8
Canal 6 Nicaragüense (480p) [Not 24/7],http://138.117.4.70:8075/Canal06_CooTel/playlist.m3u8
Canal 6 Panadish (720p),https://stream.meteorito.cloud:1947/canal6/smil:canal6.smil/playlist.m3u8
Canal 6 Posadas (1080p),https://iptv.ixfo.com.ar:30443/live/c6digital/playlist.m3u8
Canal 6 Viento Recio,https://stmvideo6.livecastv.com/vientorecio/vientorecio/playlist.m3u8
Canal 7 (720p),https://d1zq2gydd8y59v.cloudfront.net/ts:abr.m3u8
Canal 7 Boaco (1080p) [Not 24/7],https://cdn.amixtv.com/c7boaco/index.m3u8
Canal 7 Jujuy,https://stream.arcast.live/canal7jujuy/ngrp:canal7jujuy_all/playlist.m3u8
Canal 7 Neuquén (1080p),https://stream.arcast.com.ar/c7nq/ngrp:c7nq_all/playlist.m3u8
Canal 7 Salta (1080p),https://vivo.solumedia.com:19360/cooperativa/cooperativa.m3u8
Canal 7 Santiago del Estero (720p),https://stream.arcast.com.ar/envivo/castv/playlist.m3u8
Canal 7 Talanga Vision (720p),https://amixtv.com:8081/talangavision/index.m3u8
Canal 8 (720p) [Not 24/7],https://mdstrm.com/live-stream-playlist/5a7b1e63a8da282c34d65445.m3u8
Canal 8 C&C Producciones,https://video.hostingcaaguazu.com:19360/canal8cvs/canal8cvs.m3u8
Canal 8 Catacaos (720p) [Not 24/7],https://live.obslivestream.com/canal8/index.m3u8
Canal 8 TV+ (720p),https://movil.ejeserver.com/live/canal8tv.m3u8
Canal 8 Vision TV (1080p),https://tigocloudgen.desdeparaguay.net/satelitaltv/satelitaltv/playlist.m3u8
Canal 9 Barbe TV (720p) [Not 24/7],https://cdn.streamhispanatv.net:3549/live/barbetvlive.m3u8
Canal 9 Bío Bío Televisión (1080p) [Not 24/7],https://unlimited6-cl.dps.live/c9/c9.smil/playlist.m3u8
Canal 9 Cosespu,https://video2.lhdserver.es/canal9cosespu/live.m3u8
Canal 9 en Français (1080p),https://livehd.vedge.infomaniak.com/livecast/livehd/master.m3u8
Canal 9 Link,https://617c5175c970b.streamlock.net:4444/9linklivert/smil:9linkmultibr.smil/playlist.m3u8
Canal 9 Litoral (720p),https://stream.arcast.live/ahora/ahora/playlist.m3u8
Canal 9 Resistencia (720p),http://coninfo.net:1935/9linklivert/smil:9linkmultibr.smil/playlist.m3u8
Canal 10 (720p) [Not 24/7],https://acceso.mediosdecostarica.com:3606/hybrid/play.m3u8
Canal 10 (360p),https://www.canal10.com.ni/envivo
Canal 10 (720p),https://5ca3e84a76d30.streamlock.net/tves/videotves/playlist.m3u8
Canal 10 Cancún (720p) [Not 24/7],http://stream2.dynalias.com:1935/live/tvlive1/playlist.m3u8
Canal 10 Chiapas (720p),https://5ca9af4645e15.streamlock.net/chiapas/videochiapas/playlist.m3u8
Canal 10 Cordoba,https://stream.arcast.net:4443/canal10/ngrp:canal10_all/playlist.m3u8
Canal 10 Durango (1080p),https://5e50264bd6766.streamlock.net/canal10durango/videocanal10durango/playlist.m3u8
Canal 10 Empordà (360p) [Not 24/7],https://ventdelnord.tv:8080/escala/directe.m3u8
Canal 10 Mar del Plata,https://g1.mc-hor.transport.edge-access.net/a12/ngrp:canal10mdq-100044_all/Playlist.m3u8?sense=true
Canal 10 SOL TV (1080p),http://190.211.140.89:8081/SVTranscoder/SOLTVabr.stream/playlist.m3u8
Canal 11 (720p),https://d3mstgwjcwqz1y.cloudfront.net/ts:abr.m3u8
Canal 11 (1080p),http://190.11.225.124:5000/live/canal11_hd/playlist.m3u8
Canal 11 de la Costa (720p),https://vivo.solumedia.com:19360/dadaproductora/dadaproductora.m3u8
Canal 11 TuTV (349p),https://stream.giostreaming.app/canal11/canal11.m3u8
Canal 12 (480i),https://d2b5h5wyivfnfl.cloudfront.net/live/53108ffe-0b7e-46ab-bc14-3a9c30010939/ts:abr.m3u8
Canal 12 Puerto Madryn (720p) [Not 24/7],https://5f700d5b2c46f.streamlock.net/madryntv/madryntv/playlist.m3u8
Canal 13 (1080p),http://38.250.127.17:9800/play/a067/index.m3u8
Canal 13 Bajío (720p) [Not 24/7],https://stream-207963.castr.net/65313d270e749722b6474684/live_1c690d40dfb711eeabd66ba1b9ba93a1/index.fmp4.m3u8
Canal 13 Campeche (720p) [Not 24/7],https://stream-207963.castr.net/65313d270e749722b6474684/live_38c14fb0dfbd11ee8847c303f3096501/index.fmp4.m3u8
Canal 13 Chiapas (720p) [Not 24/7],https://stream-207963.castr.net/65313d270e749722b6474684/live_55784330f36711ee97a7a19a8448730c/index.fmp4.m3u8
Canal 13 Esquipulas (720p),https://tv91.hostingnuclear.com:19360/intercable/intercable.m3u8
Canal 13 Guadalajara (720p) [Not 24/7],https://stream-207963.castr.net/65313d270e749722b6474684/live_fa0ed380dfbe11eeabd66ba1b9ba93a1/index.fmp4.m3u8
Canal 13 Jujuy TV (720p),https://genexservicios.com:19360/canal13jujuy/canal13jujuy.m3u8
Canal 13 La Rioja (480p),http://arcast.net:1935/mp/mp/playlist.m3u8
Canal 13 Michoacán (720p) [Not 24/7],https://stream-207963.castr.net/65313d270e749722b6474684/live_0424eb20dfbf11ee821911a0b6ba5091/index.fmp4.m3u8
Canal 13 Oaxaca (720p) [Not 24/7],https://stream-207963.castr.net/65313d270e749722b6474684/live_0bd65ed0dfbf11ee848c53d8a686e201/index.fmp4.m3u8
Canal 13 Puebla (720p) [Not 24/7],https://stream-207963.castr.net/65313d270e749722b6474684/live_19c1e870dfbf11eeadd41749c3286f4a/index.fmp4.m3u8
Canal 13 San Luis,https://stream.radiosmundiales.com:19360/sanluismas/sanluismas.m3u8
Canal 13 Tabasco (720p) [Not 24/7],https://stream-207963.castr.net/65313d270e749722b6474684/live_185f5f10888711ee83e2f144889e3879/index.fmp4.m3u8
Canal 13 Tapachula (720p) [Not 24/7],https://stream-207963.castr.net/65313d270e749722b6474684/live_2b589fc0dfbf11ee9ce13534ca2a46c3/index.fmp4.m3u8
Canal 14 Codazzi (720p) [Not 24/7],https://eu1.servers10.com:8081/8056/index.m3u8
Canal 14 San Carlos (720p) [Not 24/7],http://tvn.obix.tv:1935/TVN/CH14.stream_720p/playlist.m3u8
Canal 15 El Zamorano [Not 24/7],https://vdo.tecnoservix.stream:3007/live/canal15zamoranolive.m3u8
Canal 15 ILCE Summa Sabres (720p),https://live-ilce.ovp-vivaro.digital/ovp-origin-abr/ngrp:6359ef999f3fb_all/playlist.m3u8
Canal 15 Nicaragüense (1080p) [Not 24/7],https://cootv.cootel.com.ni:8095/Canal15_CooTel/playlist.m3u8
Canal 15 Teleor (720p),https://ares.disfrutaenlared.com:1936/activatv/activatv/playlist.m3u8
Canal 15 Usulután (720p) [Not 24/7],https://streaming.grupocsanetwork.com:19360/canal15/canal15.m3u8
Canal 17 RTVD (1080p),https://cdn.protvradiostream.com/rtvd17/ngrp:rtvd17_all/playlist.m3u8
Canal 17 TV Nosara (720p),https://latamvdo.com:3870/hybrid/play.m3u8
Canal 17 TV Nosara,https://acceso.radiosportstv.online:3430/hybrid/play.m3u8
Canal 21 Huancayo (720p),https://play.agenciastreaming.com:8081/tvwanka/tracks-v1/index.fmp4.m3u8
Canal 21 Huancayo (720p),https://live-evg11.tv360.bitel.com.pe/bitel/tvwanka/playlist.m3u8
Canal 21 Táchira (360p),https://stmv2.voxtvhd.com.br/canal21/canal21/playlist.m3u8
Canal 21 TV (1080p),https://iptv.ixfo.com.ar:30443/c21tv/hd/c21tv/playlist.m3u8
Canal 22 (720p),https://5f700d5b2c46f.streamlock.net/canal22/canal22/playlist.m3u8
Canal 22 Nacional (720p) [Geo-blocked],https://5fc584f3f19c9.streamlock.net/canal22/smil:canal22.smil/playlist.m3u8
Canal 24 Horas Canarias (720p),https://ztnr.rtve.es/ztnr/5473142.m3u8
Canal 24 Horas Catalunya (720p),https://ztnr.rtve.es/ztnr/4952053.m3u8
Canal 25 Ayacucho (720p),https://live-evg10.tv360.bitel.com.pe/bitel/canal25ayacucho/playlist.m3u8
Canal 25 Jundiai (720p),https://cdn-tiva-stream01-msolutionbrasil-com-br.smartbit.co/hls/canal25/live.m3u8
Canal 25 TV (1080p),https://limited49.todostreaming.es/live/tvbarbastro-livestream.m3u8
Canal 26 (1080p),https://stream-gtlc.telecentro.net.ar/hls/canal26hls/main.m3u8
Canal 26 Aguascalientes (1080p),https://60417ddeaf0d9.streamlock.net/telemetrika3/smil:telemetrika3.smil/playlist.m3u8
Canal 26 TV IAP (1080p),https://vdo.tecnoservix.stream:3899/live/canal26tvlive.m3u8
Canal 27 (1080p),https://live.canal27.tv:3633/live/canal27live.m3u8
Canal 28 (720p) [Not 24/7],https://stream.castr.com/653d77dcde70014f52ad1e19/live_bf24d4208d8611eeb116dbe87aa63be0/rewind-3600.m3u8
Canal 30 Cintalapa (720p) [Not 24/7],https://rpn3.bozztv.com/ssh101/ssh101/canal30mx/playlist.m3u8
Canal 30 Loncomilla (720p),https://v1.tustreaming.cl/canal30loncomilla/index.m3u8
Canal 30 TV Bethel (720p) [Not 24/7],https://s.emisoras.tv:8081/canal30tvbethel/index.m3u8
Canal 32 (1080p),https://event.vedge.infomaniak.com/livecast/ik:canal32_4/manifest.m3u8
Canal 32 STO (720p) [Not 24/7],https://s.emisoras.tv:8081/stocanal32hn/playlist.m3u8
Canal 32 Telemax (720p) [Not 24/7],https://cdn.streamhispanatv.net:3824/live/telemaxlive.m3u8
Canal 33 Madrid,https://media2.streambrothers.com:1936/8140/8140/playlist.m3u8
Canal 33 Tijuana (720p),https://5f2c1b0d880e5.streamlock.net/canal33tijuana/videocanal33tijuana/playlist.m3u8
Canal 34 San Juan (720p),https://streamyes.alsolnet.com/canal34hd/live/playlist.m3u8
Canal 38 (720p),https://cdn.jmvstream.com/w/LVW-8503/LVW8503_d0V5oduFlK/playlist.m3u8
Canal 44 Chihuahua (720p) [Not 24/7],https://5e50264bd6766.streamlock.net/canal442/videocanal442/playlist.m3u8
Canal 44 Ciudad Juárez (720p) [Not 24/7],https://5e50264bd6766.streamlock.net/canal44/videocanal44/playlist.m3u8
Canal 45 (576p),https://nlb1-live.emitstream.com/hls/625csn5et2iszm9oze65/master.m3u8
Canal 50.1 Juárez (XEJ-TDT) (614p),https://stream.oursnetworktv.com/latin/juarez50/playlist.m3u8
Canal 50 Morteros,https://online.coopmorteros.coop/canal50/vivo.m3u8
Canal 51,https://live.cn51hn.com/live/cn51.m3u8
Canal 55 Telemorisco TV (720p),http://canal.mediaserver.com.co/live/telemorisco.m3u8
Canal 56 (720p),https://vdopanel.jlahozconsulting.com/p/3124/hybrid/play.m3u8
Canal 56 (576p) [Not 24/7],https://videos.canal56.com/directe/stream/index.m3u8
Canal 56 Quiero TV (720p),http://45.5.118.152:8000/play/a08z/index.m3u8
Canal 65 (1080p) [Not 24/7],https://panel.streamingtv-mediacp.online:1936/tv65/tv65/playlist.m3u8
Canal 70 (720p),https://183.bozztv.com/giatv/giatv-cnal70tv/cnal70tv/playlist.m3u8
Canal 74 San Antonio,https://stmv5.voxtvhd.com.br/canal74hd/canal74hd/playlist.m3u8
Canal 79 La Costa (240p),https://streamconex.com:19360/lacosta/lacosta.m3u8
Canal 79 Mar del Plata,https://streamconex.com:19360/mardelplata/mardelplata.m3u8
Canal 79 Puan (240p),https://streamconex.com:19360/puan/puan.m3u8
Canal 79 Santa Clara del Mar (240p),https://streamconex.com:19360/santaclara-1/santaclara-1.m3u8
Canal 79 Villa Maza,https://streamconex.com:19360/villamaza/villamaza.m3u8
Canal 99 Miramar,https://vivo.solumedia.com:19360/cardinal/cardinal.m3u8
Canal 100 Chinique (1080p),https://live20.bozztv.com/giatv/giatv-chinique100tvenvivo/chinique100tvenvivo/playlist.m3u8
Canal 2000 La Solana (720p) [Not 24/7],http://canal2000.berkano-systems.net/streaming/streams/canal2000.m3u8
Canal A (1080p),https://edgectc.com/CANAL_A/index.m3u8
Canal Alpha Jura (1080p),https://canalalphaju.vedge.infomaniak.com/livecast/ik:canalalphaju/playlist.m3u8
Canal Alpha Neuchatel (1080p) [Not 24/7],https://canalalpha.vedge.infomaniak.com/livecast/ik:canalalpha/playlist.m3u8
Canal C del Zulia (1080p),https://calm-forest-3478.cristianbracho904.workers.dev/master.m3u8
Canal Calima TV (720p),https://movil.ejeserver.com/live/calimatv.m3u8
Canal Capital (1080p),http://138.121.15.230:9002/CANAL-CAPITAL/index.m3u8
Canal Catorce (1080p) [Not 24/7],https://stream.haislin.com/14tv/index.m3u8
Canal CHD,https://vs20.live.opencaster.com/canalchd2025_8d99626c/index.m3u8
Canal Chilote (720p),https://videostream.chileservidores.com:8081/chiloe2/index.m3u8
Canal Cine Dios,https://canal.mediaserver.com.co/live/cinedios.m3u8
Canal Claro (720p),https://jmp2.uk/plu-68224482c5d53e1351aaf2f2.m3u8
Canal Clave (480p) [Not 24/7],https://tv.picta.cu/clave/clave_0.m3u8
Canal Coín (1080p),https://canalcoin.garjim.es/hls/directo.m3u8
Canal Congreso (1080p),http://138.121.15.230:9002/CANAL-CONGRESO/index.m3u8
Canal Cvisión (720p) [Not 24/7],https://stream.cvision.live/cvision_stream.m3u8
Canal de la Fe (720p),https://cdn-cloudfront.us-east-1.prod.ingest.aws-infra.dacast.com/live/dad6a736-9efb-40ce-89b6-81d1d54f92bd/master.m3u8
Canal del Congreso 45.1,https://ccstreaming.packet.mx/WebRTCAppEE/streams/45.1_kd5oiNTTWO0gEOFc431277834.m3u8
Canal del Sol (1080p) [Not 24/7],https://stream.canaldelsol.com/sol26/live_1080.m3u8
Canal del Sur (720p),https://oracle.streaminghd.cl/canal-del-sur/canal-del-sur/playlist.m3u8
Canal Diocesano (576p),https://nlb2-live.emitstream.com/hls/5i3pxfuz4az356yu22ij/master.m3u8
Canal Diplomatico,https://master.myplaytv.com:2020/hls/canaldiplomatico/canaldiplomatico.m3u8
Canal do Boi (720p),http://45.162.64.114/CANAL_DO_BOI/index.m3u8
Canal do Criador (1080p),https://607d2a1a47b1f.streamlock.net/crur/smil:canaldocriador.smil/playlist.m3u8
Canal do Inter (720p) [Not 24/7],https://video01.soultv.com.br/internacional/internacional/playlist.m3u8
Canal Doñana (720p) [Not 24/7],https://secure5.todostreaming.es/live/division-alm.m3u8
Canal Dos Yopal (720p),http://131.221.41.94/hls/canal2.m3u8
Canal DTV (720p),https://s.emisoras.tv:8081/dtv/index.m3u8
Canal E (720p),https://unlimited1-us.dps.live/perfiltv/perfiltv.smil/playlist.m3u8
Canal Educacao (720p),http://45.162.64.114/CANAL_EDUCACAO/index.m3u8
Canal Educativo (480p) [Not 24/7],https://tv.picta.cu/educativo/educativo_0.m3u8
Canal Educativo 2 (480p) [Not 24/7],https://tv.picta.cu/educativo2/educativo2_0.m3u8
Canal Extremadura (576p) [Not 24/7],https://cdnlive.codev8.net/canalextremaduralive/smil:channel1DVR.smil/playlist.m3u8?DVR=
Canal Extremadura Satelite (1080p),https://canalextremadura-live.flumotion.cloud/canalextremadura/live_all/playlist.m3u8
Canal FDR,https://v-us-01.wisestream.io/memfs/e4ade538-7924-4359-81ef-b9d4dd229e91.m3u8
Canal Futura (720p),http://45.162.64.114/FUTURA/index.m3u8
Canal Gov (720p),https://canalgov-stream.ebc.com.br/index.m3u8
Canal Habana (480p) [Not 24/7],https://tv.picta.cu/infantil/infantil_0.m3u8
Canal I (1080p),https://streaming.canal-i.com/canal-i/live/master.m3u8
Canal Iglesia Luz y Verdad (1080p),https://stream.oursnetworktv.com/latin/IglesialuzyVerdad/playlist.m3u8
Canal Infantil (1080p),http://bantel-cdn1.iptvperu.tv:1935/btnscrtn/canalinfantil/playlist.m3u8
Canal Institucional (720p),https://streaming.rtvc.gov.co/TV_CanalInstitucional_live/smil:live.smil/playlist.m3u8
Canal IPe (720p),http://187.102.210.46/IPE/index.m3u8
Canal ISB (Iglesia San Bernardo) (720p),https://unlimited1-us.dps.live/isb/isb.smil/playlist.m3u8
Canal Latino 54 (360p),https://videostream.chileservidores.com:8081/latina/index.m3u8
Canal Libras (720p),https://canallibras-stream.ebc.com.br/mux_video_ts/index-1.m3u8
Canal Local (720p),https://v2.tustreaming.cl/canallocalcl/index.m3u8
Canal Luz,https://g4.vxral-hor.transport.edge-access.net/a11/ngrp:canal_luz01-100009_all/Playlist.m3u8
Canal Luz Televisión (1080p),https://5d8d85cf2c308.streamlock.net:1936/CanalLuz/enDirecto/playlist.m3u8
CANAL M Television (720p),https://live-evg10.tv360.bitel.com.pe/bitel/anqaratv/playlist.m3u8
Canal Macau Ch. 92 (720p) [Not 24/7],https://live3.tdm.com.mo/ch2/ch2.live/playlist.m3u8
Canal Málaga RTV (720p) [Not 24/7],https://canalmalaga-tv-live.flumotion.com/playlist.m3u8
Canal Más Televisión (720p),https://movil.ejeserver.com/live/teledoradahd.m3u8
Canal Mas TV (720p),https://live-evg11.tv360.bitel.com.pe/bitel/mastvSRT/playlist.m3u8
Canal Metropolitano de Noticias,https://stmv5.samcast.com.br/claudio8701/claudio8701/playlist.m3u8
Canal Motor (720p),https://digicom.hls.iptvdc.com/canalmotor/index.m3u8
Canal Multivision (720p) [Not 24/7],https://live20.bozztv.com/akamaissh101/ssh101/canalmulti24/playlist.m3u8
Canal Mundo Visión (720p) [Not 24/7],https://movil.ejeserver.com/live/mundovisiontv.m3u8
Canal N (576p),http://8.243.126.131:8000/play/a058/index.m3u8
Canal Nets (720p) [Not 24/7],https://movil.ejeserver.com/live/nets.m3u8
Canal Off (1080p),http://170.82.202.31/OFF/index.m3u8
Canal Once (480p),https://tv.streamcasthd.com:3676/live/canal11delzulialive.m3u8
Canal Oración Con Son (1080p),https://canal.mediaserver.com.co/live/oracionconson.m3u8
Canal Orbe 21,https://stream.arcast.net:4443/canal21/ngrp:canal21_all/playlist.m3u8
Canal Parlamento (360p) [Not 24/7],https://congresodirecto.akamaized.net/hls/live/2037973/canalparlamento/master.m3u8
Canal Parlamento del Congreso de Jalisco (720p) [Not 24/7],https://60417ddeaf0d9.streamlock.net/srtc/smil:srtc.smil/playlist.m3u8
Canal Peniel (720p) [Not 24/7],https://cdn.streamhispanatv.net:3840/live/penielfamlive.m3u8
Canal Pro,https://www.desde-paraguay.com/pro.m3u8
Canal Provincial (360p),https://streaming.telered.com.ar/provincial/streaming/mystream.m3u8
Canal Pulpo TV,https://vs20.live.opencaster.com/canalpulpotv_bdeee6e2/index.m3u8
Canal PyC (720p),https://live20.bozztv.com/akamaissh101/ssh101/pyctelevision/playlist.m3u8
Canal RCN (1080p),http://138.121.15.230:9002/RCN/index.m3u8
Canal Reus TV (720p),https://liveingesta318.cdnmedia.tv/canalreustvlive/smil:live.smil/playlist.m3u8
Canal Ricos (480p),https://5d82644094cc0.streamlock.net/ricostv/ricostv/playlist.m3u8
Canal Rural (1080p),https://607d2a1a47b1f.streamlock.net/crur/smil:canalrural.smil/playlist.m3u8
Canal San Roque (1080p) [Not 24/7],https://cdnlivevlc.codev8.net/aytosanroquelive/smil:channel1.smil/playlist.m3u8
Canal Santa María (360p),https://streaming.telered.com.ar/santa-maria/streaming/mystream.m3u8
Canal Saúde (720p) [Not 24/7],https://arkyvbre1g.zoeweb.tv/fiocruz/fiocruz.stream/playlist.m3u8
Canal Savoir (360p),https://hls.savoir.media/live/stream.m3u8
Canal Sete,http://play.canalsete.com.br:1935/canalsete/xpl-c7_source/playlist.m3u8
Canal Showsport (720p),https://livestream.lumpentv.com.ar/hls/lumpen.m3u8
Canal Sierra de Cádiz (1080p) [Not 24/7],https://s.emisoras.tv:8081/sierradecadiz/index.m3u8
Canal START (720p),https://cdn-tiva-srv5-zcast-com-br.smartbit.co/canalstart/canalstart/playlist.m3u8
Canal Sur (720p),https://avm.ecuamedia.net/canalsur/live/playlist.m3u8
Canal Sur Andalucia (1080p),https://dfk2a268yviz9.cloudfront.net/v1/master/3722c60a815c199d9c0ef36c5b73da68a62b09d1/cc-ddiii1m6jt6of/CanalSurAndaluciaES.m3u8
Canal Sur Andalucía 2 (720p),https://cdnlive.codev8.net/rtvalive/smil:channel22.smil/playlist.m3u8
Canal Sur Noticias,https://cdnlive.codev8.net/rtvalive/smil:channel42.smil/playlist.m3u8
Canal Survision Alerce (720p),https://s1.tvdatta.com:3384/live/canal20tvlive.m3u8
Canal Taronja Comarques Centrals (1080p) [Not 24/7],https://ingest1-video.streaming-pro.com/canaltaronja/central/playlist.m3u8
Canal Taronja Osona i Moianés (1080p) [Not 24/7],https://ingest1-video.streaming-pro.com/canaltaronja/osona/playlist.m3u8
Canal TDC,https://tdcserver.com:19360/tdconlione-2/tdconlione-2.m3u8
Canal Telefamilia (360p) [Not 24/7],https://stmv2.voxtvhd.com.br/telefamilia/telefamilia/playlist.m3u8
Canal Terrassa (1080p),https://ingest2-video.streaming-pro.com/canalterrassa/stream/playlist.m3u8
Canal Terres de L'Ebre (1080p),https://ingest1-video.streaming-pro.com/canalteABR/ctestream/playlist.m3u8
Canal TRO (1080p),https://liveingesta118.cdnmedia.tv/canaltro2live/smil:live.smil/playlist.m3u8
Canal TRO Plus (1080p) [Geo-blocked],https://liveingesta118.cdnmedia.tv/canaltro2live/smil:troplus.smil/playlist.m3u8
Canal TV3 (720p) [Not 24/7],https://streaming.telenetdigital.net.co:8086/canal3tv/stream.m3u8
Canal TV Radio Maya TGBA (480p),https://s.emisoras.tv:8081/radiomaya/index.m3u8
Canal Universidad,https://videostream.shockmedia.com.ar/hls/canaluniversidadmdp/canaluniversidadmdp.m3u8
Canal UOL (1080p),https://video24.mais.uol.com.br/live/6146.m3u8
Canal Visof (720p),https://stream.oursnetworktv.com/latin/Visof/playlist.m3u8
Canal Womtv (720p),https://live.amelbatv.co:81/womtvlive/index.m3u8
Canal Zoom [Geo-blocked],https://tvlocales-live.freecaster.com/live/95d2e3af-5ab8-45a9-9dc9-f544d006b5d5/95d2e3af-5ab8-45a9-9dc9-f544d006b5d5.isml/master.m3u8
Canal+ Action Europe Czechia,http://46.149.191.219:9106/play/a01g
Canal+ Cinemas (720p),http://151.80.18.177:86/Canal+_cinema_HD/index.m3u8
Canal+ Sport 360,https://futbol9865.ultratv13.workers.dev/deportivo111/14.m3u8
CanalCosta (1080p),https://5d8d85cf2c308.streamlock.net:1936/CanalcostaTV/endirecto/playlist.m3u8
Canalda 26 HD [Not 24/7],https://canalda.rgradio.net:3084/live/canaldalive.m3u8
Canale 2 Altamura (576p) [Not 24/7],https://59d7d6f47d7fc.streamlock.net/canale2/canale2/playlist.m3u8
Canale 5,http://91.146.94.234:10001/play/a03g
Canale 7 (480p),http://wms.shared.streamshow.it/canale7/canale7/playlist.m3u8
Canale 8 (480p),http://wms.shared.streamshow.it/canale8/canale8/playlist.m3u8
Canale 10 (540p) [Not 24/7],http://37.187.142.147:1935/ch10live/high.stream/playlist.m3u8
Canale 21 Extra (576p),https://0ff9dd7fe9b64bc08a5fc4ed525454c3.msvdn.net/live/S42170132/sT6C3LFaD1iA/playlist.m3u8
Cananga TV (720p),https://cdn.streamingcpanel.com:3545/live/canangatlive.m3u8
Cancionero TV (360p),http://89.140.229.5/hls1/cancionero.m3u8
Candelaria TV (720p) [Not 24/7],https://cdn.streamhispanatv.net:3921/live/candetvlive.m3u8
Candelita TV (480p),https://6110f70ea8d0e.streamlock.net/1689/1689/playlist.m3u8
Canela Clasicos,https://stream.ads.ottera.tv/playlist.m3u8?network_id=652
Canela Hits,https://stream.ads.ottera.tv/playlist.m3u8?network_id=1058
Canela Kids,https://stream.ads.ottera.tv/playlist.m3u8?network_id=654
Canela Music Presents,https://stream.ads.ottera.tv/playlist.m3u8?network_id=2548
Canela Telenovelas,https://stream.ads.ottera.tv/playlist.m3u8?network_id=1152
Canela.TV (1080p),https://d3cx6yargdnl7q.cloudfront.net/canelatv.m3u8
Canica TV (240p),https://stmv4.voxtvhd.com.br/canicatv/canicatv/playlist.m3u8
Cannes Lérins TV (1080p),https://vdo2.pro-fhi.net:3628/live/uppodsfqlive.m3u8
Cao Bằng TV (720p),https://stream.thingnet.vn/live/smil:CRTV.smil/chunklist.m3u8
Caoba TV Radio (720p) [Not 24/7],https://host.streamingnation.live:3940/live/caobatvlive.m3u8
Cap Terre (1080p),http://145.239.5.177/359a/index.m3u8
Cape Town TV (576p),https://cdn.freevisiontv.co.za/sttv/smil:ctv.stream.smil/playlist.m3u8
Capital 21 (1080p) [Not 24/7],https://video.cdmx.gob.mx/redes/stream.m3u8
Capital TV (1080p),https://streaming.tvnepal.com:19360/capitaltv/capitaltv.m3u8
Capricho TV (720p) [Not 24/7],https://video.compuwebecuador.com:3783/live/caprichotvlive.m3u8
Captain Tsubasa,https://jmp2.uk/plu-64666345f3f5b1000882bfb4.m3u8
Capuchin TV,https://goliveafrica.media:9998/live/64227f58b8413/index.m3u8
Car Chase (720p),https://jmp2.uk/plu-65a93b0607e03a000895abda.m3u8
Car Chase (720p),https://jmp2.uk/plu-65a93b870c7ff50008d1ca47.m3u8
Car Chase (720p),https://jmp2.uk/plu-65a93be02fac9c00083cbac4.m3u8
Car Chase (720p),https://jmp2.uk/plu-65244c403fd33c0008ffff31.m3u8
Car City Adventures,https://d39g1vxj2ef6in.cloudfront.net/v1/master/3fec3e5cac39a52b2132f9c66c83dae043dc17d4/prod-rakuten-stitched/master.m3u8?ads.xumo_channelId=88883095
Carabinieri,https://jmp2.uk/plu-66a0eea88561260008b1c5d0.m3u8
Carac 1 (1080p),https://edge13.vedge.infomaniak.com/livecast/ik:event/manifest.m3u8
Carac 2 (1080p),https://onefmhd.vedge.infomaniak.com/livecast/ik:onefmhd/manifest.m3u8
Carac 3 (1080p),https://lfmhd.vedge.infomaniak.com/livecast/lfmhd/playlist.m3u8
Carac 4 (1080p),https://edge17.vedge.infomaniak.com/livecast/ik:compack_media_1/playlist.m3u8
Carac 5,https://lfmmd.vedge.infomaniak.com/livecast/ik:carac5/manifest.m3u8
Caracol HD2 (1080p),http://181.78.14.26:4000/play/a00d/index.m3u8
Caracol TV (1080p),http://45.171.108.253:8888/CARACOL/index.m3u8
Caracola TV,https://wifispeed.trapemn.tv:1936/comunales/caracola-tv/chunks.m3u8
Caras TV (1080p),https://unlimited1-us.dps.live/carastv/carastv.smil/playlist.m3u8
Caribbean Advantage TV (1080p) [Not 24/7],https://video2.getstreamhosting.com:19360/8216/8216.m3u8
Caribbean Gospel TV,https://25466019af9b7aed.servers.dvcloud.tv/hls/iptv_providers/fhvtgifbqbcjp0g19mdd76t18tpalu4k.m3u8
Caribbean Hot 7 TV (720p),https://586a9edea75f1.streamlock.net/caribbeanhot7tv/ch7-1.stream/playlist.m3u8
CarinaTV,https://samson.streamerr.co:8081/carinatv/tracks-v1a1/playlist.m3u8
Cariñosa TV (720p) [Not 24/7],https://cdn.streamhispanatv.net:3110/live/carinosatvlive.m3u8
Cáritas TV (1080p),https://rds3.desdeparaguay.net/caritastv/caritastv/playlist.m3u8
Carivision (1080p) [Geo-blocked],https://ss2.tvrdomi.com:1936/carivision/carivision/playlist.m3u8
Carlsbad City TV Channel (Carlsbad CA) (720p),https://edge-f.swagit.com/live/carlsbadca/live-3-a-1/playlist.m3u8
Caroline in the City,https://jmp2.uk/plu-66a7aa44cd0d31000843942b.m3u8
Caroline in the City,https://jmp2.uk/plu-66a7aac9d512590008ab2dcb.m3u8
Caroline in the City,https://jmp2.uk/plu-66a7ab4dcd0d3100084395b4.m3u8
Carousel (720p),http://185.37.150.46/Karusel/index.m3u8
Carousel (1080p),http://31.148.48.15/Karusel_HD/index.m3u8
Cartago Medios TV (720p) [Not 24/7],https://acceso.mediosdecostarica.com:3511/stream/play.m3u8
Cartoon Channel PH (720p) [Geo-blocked],https://stream-cdn-iad3.vaughnsoft.net/play/live_cartoonchannelph.flv
Cartoon Classics (1080p),https://streams2.sofast.tv/v1/master/611d79b11b77e2f571934fd80ca1413453772ac7/d5543c06-5122-49a7-9662-32187f48aa2c/manifest.m3u8
Cartoon Classics (576p),http://5.188.159.128:8070/Cartoon_Network/index.m3u8
Caruban TV (1080p),https://stream.carubantv.id/hls/0/stream.m3u8
Casa Italia 53 (720p),https://ovp-live.akamaized.net/ac115_live/canale3.smil/playlist.m3u8
Cascara TV (720p),https://ss2.tvrdomi.com:1936/cascaratv/cascaratv/playlist.m3u8
Cash in the Attic (720p),https://fifth-season-cashintheattic-1-gb.samsung.wurl.tv/playlist.m3u8
Cash In The Attic,https://jmp2.uk/plu-65a7af553af63d000828acca.m3u8
Casma TV (720p),https://live-evg7.tv360.bitel.com.pe/bitel/casmatvSRT-TRA/playlist.m3u8
Casos de la Dra. Polo,https://jmp2.uk/plu-60d393e5579a420007ee553c.m3u8
Catamarca TV (720p),https://stream.arcast.com.ar/canal7catamarca/ngrp:canal7catamarca_all/playlist.m3u8?DVR=
Catatumbo TV (406p),https://cloud.fastchannel.es/manifiest/hls/prog9/catatumbotv.m3u8
Catchy Comedy (720p),http://40.160.24.52/DECADES/index.m3u8
Catfish,https://jmp2.uk/plu-64f8a2a23a0d700008a6ed7b.m3u8
Catfish,https://jmp2.uk/plu-625eaebc2a73a00007d3f855.m3u8
Catfish,https://jmp2.uk/plu-6093f9ed2c75660007322bb7.m3u8
CATFISH TV (720p),https://jmp2.uk/plu-5f8eb66537867f0007146953.m3u8
Catholic TV (1080p),https://catholictvhd-lh.akamaized.net/hls/live/2043390/CTVLiveHD/master.m3u8
Catve2 (720p),https://5b33b873179a2.streamlock.net:1443/catve2/catve2/playlist.m3u8
Catve FM (720p) [Not 24/7],https://5b33b873179a2.streamlock.net:1443/radiocamera/livestream/playlist.m3u8
Catve Master TV (720p) [Not 24/7],https://5b33b873179a2.streamlock.net:1443/mastertv/livestream/playlist.m3u8
Caught on Tape (1080p) [Geo-blocked],https://pb-chkjjtiael60a.akamaized.net/playlist.m3u8
Caught-Up TV (480p) [Not 24/7],https://webstreaming-3.viewmedia.tv/web_031/Stream/playlist.m3u8
Cay TV (720p),https://edge1.socialsmart.tv/caytv/bant1/playlist.m3u8
Cazador de Homicidas,https://jmp2.uk/plu-60ed5fb9c4716d0007d180c5.m3u8
Cazasubastas,https://jmp2.uk/plu-6335a6b6e6f7a600076e589e.m3u8
CazeTV (1080i),https://dfr80qz435crc.cloudfront.net/MNOP/Amagi/Caze/Caze_TV_BR/Caze_TV.m3u8
CB TV Michoacan,https://5ca3e84a76d30.streamlock.net/cbtv/videoc3b3t3v3/playlist.m3u8
CBBC HD (720p) [Geo-blocked],https://vs-cmaf-pushb-uk-live.akamaized.net/x=4/i=urn:bbc:pips:service:cbbc_hd/iptv_hd_abr_v1.mpd
CBC (576p),https://flu.systemnet.tv/CBC/index.m3u8
CBC Calgary (CBRT-DT) (720p) [Geo-blocked],https://cbcrclinear-tor.akamaized.net/hls/live/2042763/CBCRCLINEAR_TOR_9/master5.m3u8
CBC Comedy (1080p) [Geo-blocked],https://amagi-streams.akamaized.net/hls/live/2110963/cbccomedy/master.m3u8
CBC Drama (576p),https://flu.systemnet.tv/CBCDrama/index.m3u8
CBC Edmonton (CBXT-DT) (720p) [Geo-blocked],https://cbcrclinear-tor.akamaized.net/hls/live/2042765/CBCRCLINEAR_TOR_11/master5.m3u8
CBC Heartland (1080p) [Geo-blocked],https://amagi-streams.akamaized.net/hls/live/2113391/cbcheartland/master.m3u8
CBC Kids Channel (1080p) [Geo-blocked],https://amagi-streams.akamaized.net/hls/live/2120483/cbckids/master.m3u8
CBC Manitoba (CBWT-DT) (720p) [Geo-blocked],https://cbcrclinear-tor.akamaized.net/hls/live/2042767/CBCRCLINEAR_TOR_13/master5.m3u8
CBC Montréal (CBMT-DT) (720p) [Geo-blocked],https://cbcrclinear-tor.akamaized.net/hls/live/2042761/CBCRCLINEAR_TOR_7/master5.m3u8
CBC Murdoch Mysteries (1080p) [Geo-blocked],https://amagi-streams.akamaized.net/hls/live/2113390/cbcmurdoch/master.m3u8
CBC New Brunswick (CBAT-DT) (720p) [Geo-blocked],https://cbcrclinear-tor.akamaized.net/hls/live/2042757/CBCRCLINEAR_TOR_3/master5.m3u8
CBC Newfoundland and Labrador (CBNT-DT) (720p) [Geo-blocked],https://cbcrclinear-tor.akamaized.net/hls/live/2042755/CBCRCLINEAR_TOR_1/master5.m3u8
CBC News,https://jmp2.uk/plu-6536725167bd1a00084481bc.m3u8
CBC News (1080p),https://d2ny9lo79ujali.cloudfront.net/CBC_News_International.m3u8
CBC News BC (1080p) [Geo-blocked],https://amagi-streams.akamaized.net/hls/live/2110960/cbcnewsbc/master.m3u8
CBC News British Columbia,https://jmp2.uk/plu-66a8f01914a2bb00084dd86c.m3u8
CBC News Explore (1080p) [Geo-blocked],https://amagi-streams.akamaized.net/hls/live/2110962/cbcexplore/master.m3u8
CBC News Toronto (1080p) [Geo-blocked],https://amagi-streams.akamaized.net/hls/live/2110961/cbctoronto/master.m3u8
CBC News Toronto (720p),https://jmp2.uk/plu-6536721dbfbaec00088687c0.m3u8
CBC North (CFYK-DT) (720p) [Geo-blocked],https://cbcrclinear-tor.akamaized.net/hls/live/2042766/CBCRCLINEAR_TOR_12/master5.m3u8
CBC Nova Scotia (CBHT-DT) (720p) [Geo-blocked],https://cbcrclinear-tor.akamaized.net/hls/live/2042758/CBCRCLINEAR_TOR_4/master5.m3u8
CBC Ottawa (CBOT-DT) (720p) [Geo-blocked],https://cbcrclinear-tor.akamaized.net/hls/live/2042762/CBCRCLINEAR_TOR_8/master5.m3u8
CBC Prince Edward Island (CBCT-DT) (720p) [Geo-blocked],https://cbcrclinear-tor.akamaized.net/hls/live/2042756/CBCRCLINEAR_TOR_2/master5.m3u8
CBC Saskatchewan (CBKT-DT) (720p) [Geo-blocked],https://cbcrclinear-tor.akamaized.net/hls/live/2042764/CBCRCLINEAR_TOR_10/master5.m3u8
CBC Sofra (576p),https://flu.systemnet.tv/CBCSofra/index.m3u8
CBC Sport HD [Geo-blocked],https://mn-nl.mncdn.com/cbcsports_live/cbcsports/playlist.m3u8
CBC Toronto (CBLT-DT) (720p) [Geo-blocked],https://cbcrclinear-tor.akamaized.net/hls/live/2042760/CBCRCLINEAR_TOR_6/master5.m3u8
CBC TV8 (1080p) [Not 24/7],https://1740288887.rsc.cdn77.org/1740288887/index.m3u8
CBC Vancouver (CBUT-DT) (720p) [Geo-blocked],https://cbcrclinear-tor.akamaized.net/hls/live/2042768/CBCRCLINEAR_TOR_14/master5.m3u8
CBC Windsor (CBET-DT) (720p) [Geo-blocked],https://cbcrclinear-tor.akamaized.net/hls/live/2042759/CBCRCLINEAR_TOR_5/master5.m3u8
CBeebies HD (720p) [Geo-blocked],https://vs-cmaf-pushb-uk-live.akamaized.net/x=4/i=urn:bbc:pips:service:cbeebies_hd/iptv_hd_abr_v1.mpd
CBN Espanol (1080p),https://fastly.live.brightcove.com/6383462549112/us-east-1/734546207001/eyJhbGciOiJIUzI1NiIsInR5cCI6IkpXVCJ9.eyJob3N0IjoiczFpM3ZpLmVncmVzcy50N2M3emwiLCJhY2NvdW50X2lkIjoiNzM0NTQ2MjA3MDAxIiwiZWhuIjoiZmFzdGx5LmxpdmUuYnJpZ2h0Y292ZS5jb20iLCJpc3MiOiJibGl2ZS1wbGF5YmFjay1zb3VyY2UtYXBpIiwic3ViIjoicGF0aG1hcHRva2VuIiwiYXVkIjpbIjczNDU0NjIwNzAwMSJdLCJqdGkiOiI2MzgzNDYyNTQ5MTEyIn0.g04lznsvgqgIXQt2ZH0H_tWtIeTsMgGjVORsjOJ0T6U/playlist-hls.m3u8
CBN Family (1080p),https://fastly.live.brightcove.com/6380399588112/us-east-1/734546207001/eyJhbGciOiJIUzI1NiIsInR5cCI6IkpXVCJ9.eyJob3N0IjoiczFpM3ZpLmVncmVzcy50N2M3emwiLCJhY2NvdW50X2lkIjoiNzM0NTQ2MjA3MDAxIiwiZWhuIjoiZmFzdGx5LmxpdmUuYnJpZ2h0Y292ZS5jb20iLCJpc3MiOiJibGl2ZS1wbGF5YmFjay1zb3VyY2UtYXBpIiwic3ViIjoicGF0aG1hcHRva2VuIiwiYXVkIjpbIjczNDU0NjIwNzAwMSJdLCJqdGkiOiI2MzgwMzk5NTg4MTEyIn0.LYfIeObmX4AEStY_xCnPZwMJHXgOAPFMTKfztq-9F8U/playlist-hls.m3u8
CBN Gospel (720p),https://59d39900ebfb8.streamlock.net/ccbn/ccbn/playlist.m3u8
CBN News Channel (1080p),https://fastly.live.brightcove.com/6380396819112/us-east-1/734546207001/eyJhbGciOiJIUzI1NiIsInR5cCI6IkpXVCJ9.eyJob3N0IjoiczFpM3ZpLmVncmVzcy50N2M3emwiLCJhY2NvdW50X2lkIjoiNzM0NTQ2MjA3MDAxIiwiZWhuIjoiZmFzdGx5LmxpdmUuYnJpZ2h0Y292ZS5jb20iLCJpc3MiOiJibGl2ZS1wbGF5YmFjay1zb3VyY2UtYXBpIiwic3ViIjoicGF0aG1hcHRva2VuIiwiYXVkIjpbIjczNDU0NjIwNzAwMSJdLCJqdGkiOiI2MzgwMzk2ODE5MTEyIn0.GDYp4IWtzwPkupEWeeOavnioVknO-Ev3UGlHvM1rE6I/playlist-hls.m3u8
CBN TV (720p),https://5790d294af2dc.streamlock.net/CBNVI/CBNVI/playlist.m3u8
CBS (1080p),http://stream.cammonitorplus.net/1783/index.m3u8
CBS 2 Salt Lake City UT (KUTV) (1080p),https://linear-707.frequency.stream/dist/stirr/707/hls/master/playlist.m3u8
CBS 3 Kalamazoo MI (WWMT) (1080p),https://linear-701.frequency.stream/dist/stirr/701/hls/master/playlist.m3u8
CBS 3 Omaha NE (KMTV) (720p),https://aegis-cloudfront-1.tubi.video/0b16cabe-a8fd-4d91-99e5-3efb7aa740cc/playlist.m3u8
CBS 4 El Paso TX (KDBC) (1080p),https://linear-706.frequency.stream/dist/stirr/706/hls/master/playlist.m3u8
CBS 6 Richmond VA (WTVR) (720p),https://aegis-cloudfront-1.tubi.video/d8fc1d6c-fd55-45c8-973b-b7327ee1a6e0/playlist.m3u8
CBS 8 Des Moines IA (KCCI) (720p),https://aegis-cloudfront-1.tubi.video/8d1f164d-34ef-4f70-b948-ae33826a0aaa/playlist.m3u8
CBS 9 Oklahoma City OK (KWTV-DT1) (720p) [Not 24/7],https://fuel-streaming-prod01.fuelmedia.io/v1/sem/e48409e7-672d-42f2-b5e0-ebb6744b0425.m3u8
CBS 12 Cincinnati OH (WKRC) (1080p),https://linear-691.frequency.stream/dist/stirr/691/hls/master/playlist.m3u8
CBS 12 West Palm Beach FL (WPEC) (1080p),https://linear-692.frequency.stream/dist/stirr/692/hls/master/playlist.m3u8
CBS 21 Harrisburg PA (WHP) (1080p),https://linear-697.frequency.stream/dist/stirr/697/hls/master/playlist.m3u8
CBS 22 South Bend IN (WSBT) (1080p),https://linear-693.frequency.stream/dist/stirr/693/hls/master/playlist.m3u8
CBS 42 Austin TX (KEYE) (1080p),https://linear-704.frequency.stream/dist/stirr/704/hls/master/playlist.m3u8
CBS en español,https://jmp2.uk/plu-668c5cb4f01dbe0008dd4082.m3u8
CBS News (720p),https://jmp2.uk/plu-62310f66d5888f0007534342.m3u8
CBS News (720p),https://jmp2.uk/plu-62310d5a5dc9550007c6f580.m3u8
CBS News 24/7 (720p),https://jmp2.uk/plu-6350fdd266e9ea0007bedec5.m3u8
CBS News Baltimore (720p),https://lineup.cbsivideo.com/playout/8877a7d5-b094-4ac8-bc72-75a5fed68e5b/index.m3u8
CBS News Bay Area (720p),https://cbsn-sf.cbsnstream.cbsnews.com/out/v1/dac63c1abb3f4a2dac9f508f44bb072a/master.m3u8
CBS News Boston (720p),https://cbsn-bos.cbsnstream.cbsnews.com/out/v1/589d66ec6eb8434c96c28de0370d1326/master.m3u8
CBS News Chicago (720p),https://cbsn-chi.cbsnstream.cbsnews.com/out/v1/b2fc0d5715d54908adf07f97d2616646/master.m3u8
CBS News Colorado (720p),https://cbsn-den.cbsnstream.cbsnews.com/out/v1/2e49baf2906244ecb01b07d9885fbe7a/master.m3u8
CBS News Detroit (720p),https://cbsn-det.cbsnstream.cbsnews.com/out/v1/169f5c001bc74fa7a179b19c20fea069/master.m3u8
CBS News Los Angeles (720p),https://cbsn-la.cbsnstream.cbsnews.com/out/v1/57b6c4534a164accb6b1872b501e0028/master.m3u8
CBS News Miami (720p),https://cbsn-mia.cbsnstream.cbsnews.com/out/v1/ac174b7938264d24ae27e56f6584bca0/master.m3u8
CBS News Minnesota (720p),https://cbsn-min.cbsnstream.cbsnews.com/out/v1/76518f06941246ba810c8d175600bf74/master.m3u8
CBS News New York (720p),https://cbsn-ny.cbsnstream.cbsnews.com/out/v1/ec3897d58a9b45129a77d67aa247d136/master.m3u8
CBS News Philadelphia (720p),https://jmp2.uk/plu-5eb1b05ea168cc000767ba67.m3u8
CBS News Philadelphia (720p),https://cbsn-phi.cbsnstream.cbsnews.com/out/v1/5c9ad3e215984b0e9ad845b335216b72/master.m3u8
CBS News Pittsburgh (720p),https://cbsn-pit.cbsnstream.cbsnews.com/out/v1/6966dabf8150405ab26f854e3cd6a2b8/master.m3u8
CBS News Sacramento (720p),https://lineup.cbsivideo.com/playout/c1ed69db-6b71-4581-a937-a70ab4089f8a/index.m3u8
CBS News Texas (720p),https://cbsn-dal.cbsnstream.cbsnews.com/out/v1/ffa98bbf7d2b4c038c229bd4d9122708/master.m3u8
CBS News Texas (720p),https://jmp2.uk/plu-5eceb0d4065c240007688ec6.m3u8
CBS Sports Golazo Network (720p),https://proped3fhg87.airspace-cdn.cbsivideo.com/golazo-live-dai/master/golazo-live-dai.m3u8
CBS Sports HQ (1080p) [Geo-blocked],https://propee33f9c2.airspace-cdn.cbsivideo.com/index.m3u8
CBS Sports Network USA (1080p),https://gpuserver3.tier1streams.com/CBS_SPORTS_NETWORK/index.m3u8
CBS West (720p),http://stream.cammonitorplus.net/1798/index.m3u8
CC Pluto TV,https://jmp2.uk/plu-5d4947590ba40f75dc29c26b.m3u8
CCI Channel (1080p),https://livestream.mediacci.com/ccitv/index.m3u8
CCPV TV (1080p),https://tnt-television.com/CCPV-TV/index.m3u8
CCTN 47 (1080p) [Not 24/7],http://122.55.252.134:8443/live/bba5b536faeacb9b56a3239f1ee8e3b3/1.m3u8
CCTV+ 1 (600p) [Not 24/7],https://cd-live-stream.news.cctvplus.com/live/smil:CHANNEL1.smil/playlist.m3u8
CCTV+ 2 (600p) [Not 24/7],https://cd-live-stream.news.cctvplus.com/live/smil:CHANNEL2.smil/playlist.m3u8
CCTV-4 America (1080p),https://global.cgtn.cicc.media.caton.cloud/master/cgtn-america.m3u8
CCTV-4 Europe,https://dash2.antik.sk/live/test_cctv_tizen/playlist.m3u8
CCTV-8K (1080p),http://192.151.150.154/live/cctv8k.m3u8
CCTV-Billiards (1080p),http://38.75.136.137:98/gslb/dsdqpub/ystq.m3u8?auth=%2A%2A%2A
CCTV-Culture of Quality (1080p),http://38.75.136.137:98/gslb/dsdqpub/ysjp.m3u8?auth=%2A%2A%2A
CCTV-Golf & Tennis (1080p),http://38.75.136.137:98/gslb/dsdqpub/gefwq.m3u8?auth=%2A%2A%2A
CCTV-Health (1080p),http://38.75.136.137:98/gslb/dsdqpub/wsjk.m3u8?auth=%2A%2A%2A
CCTV-Nostalgia Theater (1080p),http://38.75.136.137:98/gslb/dsdqpub/hjjc.m3u8?auth=%2A%2A%2A
CCTV-Storm Football (1080p),http://38.75.136.137:98/gslb/dsdqpub/fyzq.m3u8?auth=%2A%2A%2A
CCTV-Storm Music (1080p),http://38.75.136.137:98/gslb/dsdqpub/fyyy.m3u8?auth=%2A%2A%2A
CCTV-Storm Theater (1080p),http://38.75.136.137:98/gslb/dsdqpub/fyjc.m3u8?auth=%2A%2A%2A
CCTV-The First Theater (1080p),http://38.75.136.137:98/gslb/dsdqpub/dyjc.m3u8?auth=%2A%2A%2A
CCTV-Weapon & Technology (1080p),http://38.75.136.137:98/gslb/dsdqpub/gfjs.m3u8?auth=%2A%2A%2A
CCTV-Women's Fashion (1080p),http://38.75.136.137:98/gslb/dsdqpub/nxss.m3u8?auth=%2A%2A%2A
CCTV-World Geography (1080p),http://38.75.136.137:98/gslb/dsdqpub/sjdl.m3u8?auth=%2A%2A%2A
CCV (480p),https://5a1178b42cc03.streamlock.net/8212/8212/playlist.m3u8
CCX1 (1080p),http://reflect-ccx.cablecast.tv/live-9/live/stream-1/live.m3u8
CDM Internacional (480p) [Not 24/7],https://627bb251f23c7.streamlock.net:444/CDMInternacional/CDMInternacional/playlist.m3u8
CDN (576p),http://190.61.90.17:40000/play/a03p/index.m3u8
CDNN 23 (1080p) [Not 24/7],https://cootv.cootel.com.ni:8095/Canal23_CooTel/playlist.m3u8
CDTV (720p) [Not 24/7],http://camara.03.cl.cdnz.cl/camara19/live/playlist.m3u8
CEACOM TV (1080p) [Not 24/7],https://eu1.servers10.com:8081/ceacom/index.m3u8
Cekmeköy TV (1080p),https://cdn-cekmekoybeltv.yayin.com.tr/cekmekoybeltv/cekmekoybeltv_1080p/playlist.m3u8
Celeb Reality (720p),https://d3453fcf.wurl.com/master/f36d25e7e52f1ba8d7e56eb859c636563214f541/UmFrdXRlblRWLWV1X0NlbGViUmVhbGl0eUlOVExfSExT/playlist.m3u8
Celeb Reality (720p),https://jmp2.uk/plu-6578843432c1b300089a9a98.m3u8
Celeb Reality (720p),https://jmp2.uk/plu-65788727a620e30008fe4d88.m3u8
Celeb Reality (684p),https://jmp2.uk/plu-65788076b228b7000843fc9a.m3u8
Celebes TV [Not 24/7],https://ams.juraganstreaming.com:5443/LiveApp/streams/celebesmedia.m3u8
Celebrity Name Game (1080p) [Geo-blocked],https://amg00353-amg00353c19-xumo-us-2608.playouts.now.amagi.tv/lionsgate-clbng/playlist.m3u8
Celebrity Scene TV (720p),https://rpn.bozztv.com/gusa/gusa-celebrityscene/index.m3u8
Celestial Movies (576i),http://103.58.160.157:8278/720-CELESTIALMOVIES/playlist.m3u8
Celta TV (240p),https://vivo.solumedia.com:19360/celta/celta.m3u8
CEN Télévision (1080p),https://strhlslb01.streamakaci.tv/cen/cen-multi/playlist.m3u8
Cenovision HD (720p),https://5790d294af2dc.streamlock.net/cenovision/cenovision/playlist.m3u8
Center TV (1080p),https://eu1.streams.gr:8081/centertv/index.m3u8
Central TV (720p),https://freya.mivideo.pro/centraltv/video.m3u8
Central TV (1080p),https://cdn4.skygo.mn/live/disk1/Ekh_Oron/DASH-FTA/Ekh_Oron.mpd
Cerritos TV3 (360p),https://cdn3.wowza.com/5/UWpORHhLSEs5SkJs/cerritos/G0010_002/playlist.m3u8
Cetelmón TV (404p),http://player.cetelmon.tv/protecteddfd43c2f3a8b41f3f28582bf8993aca6/992_high.m3u8
CFJC Kamloops BC (720p) [Not 24/7],https://videostream.jpbgdigital.com/CFJCTV.m3u8
CFM TV Channel 98 (360p),https://cdn3.wowza.com/5/djRwZmQvTEJidmZD/cityftmyers/G2083_002/playlist.m3u8
CFN Catholic Faith Network (720p),https://uni8rtmp.tulix.tv/cfntv/cfntv/playlist.m3u8
CFTO-DT (720p),http://stream.cammonitorplus.net/1712/index.m3u8
CG Entertainment,https://cgentertainment-cgtv-1-it.samsung.wurl.tv/playlist.m3u8
CG Grandi Film (720p),https://cgentertainment-cgtv-1-it.rakuten.wurl.tv/playlist.m3u8
CGNTV Chinese (1080p),https://d3e05csss9c272.cloudfront.net/out/v1/f0bf71c57581470fb9379f603e8f5d83/CGNWebLiveCN.m3u8
CGNTV Japan (1080p),https://d2p4mrcwl6ly4.cloudfront.net/out/v1/8d50f69fdbbf411a8d302743e4263716/CGNWebLiveJP.m3u8
CGNTV South Korea (1080p),https://du35ivadp6cxj.cloudfront.net/out/v1/81781d23cbbf490990b2aa9181d4ce19/CGNWebLiveKR.m3u8
CGTN (1080p),https://amg00405-rakutentv-cgtn-rakuten-i9tar.amagi.tv/master.m3u8
CGTN Arabic (1080p) [Not 24/7],https://arabic-livews.cgtn.com/hls/LSveq57bErWLinBnxosqjisZ220802LSTefTAS9zc9mpU08y3np9TH220802cd/playlist.m3u8
CGTN Documentary (1080p),https://amg00405-rakutentv-cgtndocumentary-rakuten-0ql8j.amagi.tv/master.m3u8
CGTN Español (1080p),https://espanol-livews.cgtn.com/hls/LSveOGBaBw41Ea7ukkVAUdKQ220802LSTexu6xAuFH8VZNBLE1ZNEa220802cd/playlist.m3u8
CGTN French (1080p),http://145.239.5.177/214/index.m3u8
CGTN Global Biz (1080p),https://amg01314-amg01314c6-distrotv-us-10220.playouts.now.amagi.tv/playlist/amg01314-cgtn-cgtnglobalbiz-distrotvus/playlist.m3u8
CGTN Русский (1080p),https://russian-livews.cgtn.com/hls/LSvexABhNipibK5KRuUkvHZ7220802LSTeze9o8tdFXMHsb1VosgoT220802cd/playlist.m3u8
Ch4Teen (1080i),https://ch14.tv/live/ch4teen1/playlist.m3u8
Ch4Teen (1080p),https://ch14.tv/live/ch4teenclip/playlist.m3u8
Ch4Teen Documentary (1080p),https://ch14.tv/live/ch4teendoc/playlist.m3u8
Chabiba TV (360p) [Not 24/7],https://endour.net/hls/RUgLAPCbPdF5oPSTX2Hvl/index.m3u8
Chaco TV (720p) [Not 24/7],https://wowzasrv.chaco.gov.ar/Streamtv/chacotv/playlist.m3u8
Chacra TV,https://5f700d5b2c46f.streamlock.net/chacratv/chacratv/playlist.m3u8
Chada TV (720p),https://chadatv.vedge.infomaniak.com/livecast/chadatv/playlist.m3u8
Challenge Accepted (1080p),https://d1vy897y7cwgcv.cloudfront.net/playlist.m3u8
Chamame TV,https://srv4.zcast.com.br/chamametv/chamametv/playlist.m3u8
Chamber TV (1080p),https://media02.webtvlive.eu/chd-edge/smil:chamber_tv_hd.smil/playlist.m3u8
Champaign Government Television (CGTV) (Champaign IL) (720p),https://champaign-cablecast.cablecast.tv/live/stream-2/live.m3u8
Champion TV,https://stream.berosat.live/hls/champion-tv/champion-tv.m3u8
Chandel TV (720p),https://kali.vdopanel.com:3660/live/vj6jlam1rlive.m3u8
Channel 5 (1080p),https://streamer2.nexgen.bz/05-CHANNEL5/index.m3u8
Channel 5 (1080p),https://639bc5877c5fe.streamlock.net/tv5hdlive/tv5hdlive/playlist.m3u8
Channel 5 (1080p),https://api-tv.ipnet.ua/api/v1/manifest/2118742539.m3u8
Channel 5 (1080p),https://xemzi.short.gy/1000030
Channel 5 +2 (576p),http://94.230.128.107:8080/5_kanal/index.m3u8
Channel 5 HD (720p),http://193.46.58.239:8080/Channel5/index.m3u8
Channel 5 International (576p),http://178.134.1.158:8081/5channel/index.m3u8
Channel 7 (720p) [Geo-blocked],https://npc.cdn.7livecloud.io/hls/live/SYD1/master.m3u8
Channel 7 (720p),https://streamer2.nexgen.bz/07-CHANNEL7/index.m3u8
Channel 7 (1080p),https://lb1-live-mv.v2h-cdn.com/hls/ffac/gohg/gohg.m3u8
Channel 7 Kazakhstan (576p),http://stream.mcquack.net/27/index.m3u8
Channel 7 Melbourne,http://44.32.200.142:5004/auto/v7
Channel 7 Ukraine (720p),http://cdn10.live-tv.od.ua:8081/7tvod/7tvod-abr/7tvod/7tvod/playlist.m3u8
Channel 8 (1080p),https://gra1.crystalweb.net:1936/channel8/channel8/playlist.m3u8
Channel 8 (576p),http://45.11.139.43:8555/8kanal/index.m3u8
Channel 8 (1080p) [Not 24/7],http://usa.login.in.th:1935/ch8/ch8/playlist.m3u8
Channel 8 International (576p),https://v4.proofix.ru/8tv-europe/index.m3u8
Channel 8 Krasnoyarsk HD (1080p),https://tshift-1.telecoma.tv/8channel/tracks-v1a1/mono.ts.m3u8
Channel 8 Kurdish (720p),https://live.channel8.com/Channel8-Kurdish/index.fmp4.m3u8
Channel 8 Novosibirsk (480i),https://live-8knsk.cdnvideo.ru/8knsk/stream1/playlist.m3u8
Channel 9 (1080p),https://owrcovcrpy.gpcdn.net/bpk-tv/1729/output/index.m3u8
Channel 9 (1080p),https://contact.gostreaming.tv/Con-11/index.m3u8
Channel 9 (720p),https://mmtvs.exliatycl.online/channel9/stream.m3u8
Channel 9 Adelaide (720p) [Geo-blocked],https://9now-livestreams-fhd-t.akamaized.net/u/prod/simulcast/adl/ch9/hls/r1/index.m3u8
Channel 9 Brisbane (720p) [Geo-blocked],https://9now-livestreams-fhd-t.akamaized.net/u/prod/simulcast/bne/ch9/hls/r1/index.m3u8
Channel 9 Perth (720p) [Geo-blocked],https://9now-livestreams-fhd-t.akamaized.net/u/prod/simulcast/per/ch9/hls/r1/index.m3u8
Channel 9 Sydney (720p) [Geo-blocked],https://9now-livestreams-fhd-t.akamaized.net/u/prod/simulcast/syd/ch9/hls/r1/index.m3u8
Channel 10 (576i),https://bl.rutube.ru/livestream/c9e26bf5c003fd8d477200065ca1a05f/index.m3u8?e=2072611029&s=eqlTXebDP9wSWTZgre6BwQ&scheme=https
Channel 10 (720p),https://cdn3.wowza.com/5/cFh0V0QwUVc4SDl2/santa-paula/G0930_002/playlist.m3u8
Channel 11 (1080p),https://cdn4.skygo.mn/live/disk1/Channel11/DASH-FTA/Channel11.mpd
Channel 11 (Scottsdale AZ),https://cdn3.wowza.com/5/RXJNMFI3VlVkOEFP/scottsdale/G0040_007/chunklist.m3u8
Channel 13 (1080p),http://stream.mcquack.net/295/index.m3u8
Channel 13 (720p) [Not 24/7],https://stream.theyraonline.com/live/channel13@live/index.m3u8
Channel 18 GAC,https://reflect-channel18vod-springfield-il-us.cablecast.tv/live-13/live/stream-1/live.m3u8
Channel 24 (1080p),https://bozztv.com/rongo/rongo-Channel24HD/index.m3u8
Channel 24 (1080p),http://stream.mcquack.net/42/index.m3u8
Channel 44 (480p),https://d1k6kax80wecy5.cloudfront.net/WFqZJc/index.m3u8
Channel 200 (540p),https://d1jlnqid3sfc6m.cloudfront.net/out/v1/3fc2254c865a457c8d7fbbce227a2aae/index.m3u8
Channel247 (1080p),https://tv.localstreamgh.com/Channel247/index.m3u8
Channel A [Geo-blocked],http://channelalive.ktcdn.co.kr/chalivepc/_definst_/atv2/playlist.m3u8
Channel C (720p),https://mini.allinonereborn.fun/tata.php?id=11588
Channel Divya (1080p),https://vg-pitaaratvlive.akamaized.net/v1/vglive-sk-906482/playlist.m3u8
Channel Fight (1080p),https://d15wqvt0xm15k4.cloudfront.net/v1/master/9d062541f2ff39b5c0f48b743c6411d25f62fc25/ChannelFight-DistroTV/266.m3u8?ads.vf=KqVbYyU2qD8
Channel Fight (1080p),https://d15wqvt0xm15k4.cloudfront.net/scheduler/scheduleMaster/266.m3u8
Channel I (1080p),https://owrcovcrpy.gpcdn.net/bpk-tv/1723/output/index.m3u8
Channel Jowo [Geo-blocked],https://op-group1-swiftservehd-1.dens.tv/h/h77/index.m3u8
Channel K (720p),https://mmtvs.exliatycl.online/channelk/stream.m3u8
Channel One (720p),https://mini.allinonereborn.fun/tata.php?id=11589
Channel One,https://pemirateshls.persiana.live/hls/stream.m3u8
Channel One +8 (576p),http://188.113.190.13/1/video.m3u8
Channel One HD (720p),https://edge1.1internet.tv/dash-live2/streams/1tv-dvr/1tvdash.mpd
Channel S,https://app.ncare.live/c3VydmVyX8RpbEU9Mi8xNy8yMDE0GIDU6RgzQ6NTAgdEoaeFzbF92YWxIZTO0U0ezN1IzMyfvcGVMZEJCTEFWeVN3PTOmdFsaWRtaW51aiPhnPTI2/channels.stream/live-orgin/channels.stream/playlist.m3u8
Channel S (576p),https://app.ncare.live/c3VydmVyX8RpbEU9Mi8xNy8yMDE0GIDU6RgzQ6NTAgdEoaeFzbF92YWxIZTO0U0ezN1IzMyfvcGVMZEJCTEFWeVN3PTOmdFsaWRtaW51aiPhnPTI/chsukoff.stream/playlist.m3u8
Channel WIN (720p),https://cdn-4.pishow.tv/live/229/master.m3u8
Channel Y (720p) [Not 24/7],http://cdn19.live247stream.com/channely/tv/playlist.m3u8
Channels 24,https://live20.bozztv.com/dvrfl06/astv/astv-channel24africa/index.m3u8
Channels TV,https://cs2.push2stream.com/CHANNELSTV-DVR/playlist.m3u8
Chaos City,https://jmp2.uk/plu-60afbad343e3840007164348.m3u8
Chaos on Cam (1080p),https://amg26277-amg26277c7-samsung-gb-11285.playouts.now.amagi.tv/playlist.m3u8
Chaos on Cam (720p),https://jmp2.uk/plu-68c8202f5ec82769fdfcd0a2.m3u8
Chappelle's Show,https://jmp2.uk/plu-65e976ad0d456100082d9b74.m3u8
Chappelle's Show,https://jmp2.uk/plu-65e977a618036500082ec972.m3u8
Chappelle's Show,https://jmp2.uk/plu-65e9783b0d456100082d9e05.m3u8
Charana TV (360p),https://edge3-moblive.yuppcdn.net/transhd2/smil:chtv05.smil/index.m3u8
Charapa TV (720p),https://live-evg10.tv360.bitel.com.pe/bitel/charapatvSRT/playlist.m3u8
Chardikla Gurbaani TV (1080p),https://chardikalatimestv.gigabitcdn.net/in-chardikala/chardikala-gurbani-tv/playlist.m3u8
Chardikla Time TV (1080p),https://chardikalagurbanitv.gigabitcdn.net/in-chardikala/chardikala-timetv/playlist.m3u8
Chardikla Time TV North America (1080p),https://chardikalanorthamerica.gigabitcdn.net/in-chardikala/chardikala-north-usa/playlist.m3u8
Charge! (1080p),https://fast-channels.sinclairstoryline.com/CHARGE/index.m3u8
CharityTV (1080p) [Not 24/7],http://185.105.4.236:1935/live/ngrp:livestream_all/live.m3u8
Charlotte aux Fraises,https://jmp2.uk/plu-60dc6937b450ad0007377e48.m3u8
Charlotte County CC-TV (Charlotte County FA) (720p),https://cdn3.wowza.com/5/cHYzekYzM2kvTVFH/charlotte/G0055_009/playlist.m3u8
Charmed: Jovens Bruxas,https://jmp2.uk/plu-67f9602ee173fa5664fafae8.m3u8
Charoen Cable 37 TV,http://www5.cabletv.co.th/StreamToCTV/cablechannel/playlist.m3u8
Charterfeber,https://jmp2.uk/plu-61c1dda0fe470d00080f85b8.m3u8
CHCH-DT (720p),http://185.246.209.113/CHCHHD/index.m3u8
CHCO-TV (720p) [Geo-blocked],https://temp4.isilive.ca/live/CHCOTV/live/index.m3u8
Cheaters (1080p) [Geo-blocked],https://pb-yu0ylzo7vk8v4.akamaized.net/Cheaters_SONO39.m3u8
Cheaters,https://jmp2.uk/plu-6582f7d612d5ee00089a663d.m3u8
Cheaters,https://jmp2.uk/plu-651e719b575f660008d2e629.m3u8
Cheaters,https://jmp2.uk/plu-651e6607575f660008d2cb7f.m3u8
Cheaters,https://jmp2.uk/plu-651e67763fd33c0008f07170.m3u8
Cheaters,https://jmp2.uk/plu-627d355aa95efd00077afcc7.m3u8
Cheddar Business (720p),https://gpuserver3.tier1streams.com/CHEDDAR_BUSINESS/index.m3u8
Cheddar News (1080p),https://hls.livecdn.io/cheddar.com/cheddar/playlist.m3u8
Cheers,https://jmp2.uk/plu-611e7f224676bf00076a4d8d.m3u8
Cheers,https://jmp2.uk/plu-65cce14060eb870008dbd003.m3u8
Cheers,https://jmp2.uk/plu-63e389dcc111bc0008ee5b8c.m3u8
Cheers,https://jmp2.uk/plu-62bdb7f0db2eb30007376d4d.m3u8
Cheers + Frasier,https://jmp2.uk/plu-66ba495ffe11e5000881f049.m3u8
Chef Champion (720p) [Not 24/7],https://rpn.bozztv.com/gusa/gusa-chefchampion/index.m3u8
Chef Roc Show (720p) [Not 24/7],https://rpn.bozztv.com/gusa/gusa-chefrock/index.m3u8
Chef TV (720p),http://45.190.28.50/CHEF_TV/index.m3u8
Chef vs Chef by Food Network (720p),https://jmp2.uk/plu-68bb16a500a2f063fdf89f8c.m3u8
Cheksiz TV,https://fl.biztv.media/cheksiz_tv_480_unif7hujidth7f4du83jrhuid3k94j8hfj8d93eubych8eju93n4ubt/tracks-v1a1/mono.m3u8
Chemnitz Fernsehen (1080p),https://chemnitz.iptv-playoutcenter.de/chemnitz/chemnitzfernsehen.stream_1/playlist.m3u8
Chemodan TV (1080p),http://stream.mcquack.net/399/index.m3u8
Cherif,https://jmp2.uk/plu-66d71c656b63480008cf0427.m3u8
Cherif,https://jmp2.uk/plu-66a8c7aefe11e500085b1587.m3u8
Cherifla TV (360p),http://69.64.57.208/cherifla/playlist.m3u8
Cherniveckiy promin (720p),https://langate.tv/promin/live_720/index.m3u8
Chifeng Comprehensive News Chanel,http://play1-qk.nmtv.cn/live/1735546697341033.m3u8
Chile Channel (720p),https://v2.tustreaming.cl/chilechannel/index.m3u8
Chilecito TV (480p),https://vivo.solumedia.com:19360/grupoemail/grupoemail.m3u8
ChileVision (1080p),http://45.162.193.35/CHILEVISION/index.m3u8
Chill Latino,https://stream.ads.ottera.tv/playlist.m3u8?network_id=1085
Chiloe Red 25 (720p),https://v2.tustreaming.cl/chiloered/index.m3u8
China Channel (720p),https://v2.tustreaming.cl/chinachannel/index.m3u8
China Travel (1080p),https://amg01314-amg01314c7-distrotv-us-10219.playouts.now.amagi.tv/playlist/amg01314-cgtn-cgtnchinatravel-distrotvus/playlist.m3u8
Chino Hills City TV Channel 3/41 (360p),https://edge-f.swagit.com/live/chinohillsca/live-1-a/playlist.m3u8
Chinola TV (480p),https://tv.wracanal10.com:3300/live/chinolatvlive.m3u8
Chip & Jo: Feels Like Home by Magnolia Network (720p),https://jmp2.uk/plu-68bb16e7f89c82a68bcc4397.m3u8
Chithiram (576p),https://cdn-6.pishow.tv/live/1243/master.m3u8
Chivacoa TV Internacional (720p),https://live20.bozztv.com/akamaissh101/ssh101/1234chivacoa/chunks.m3u8
Chizhik (1080p),http://de.russkoe-iptv.com:88/s/s-e3dc39e0/chizik-hd.m3u8
Chocolate FM (720p),https://5eaccbab48461.streamlock.net:1936/8180/8180/playlist.m3u8
Cholusat Sur 36 (214p) [Not 24/7],http://audiotvserver.net:1935/livemedia/cholusat/playlist.m3u8
Choluteca TV (1080p),https://s.emisoras.tv:8081/cholutecatv/index.m3u8
Choppertown (720p),https://linear-11.frequency.stream/dist/glewedtv/11/hls/master/playlist.m3u8
Chosen TV English (360p),https://viewmedia7219.bozztv.com/wmedia/viewmedia100/web_024/Stream/playlist.m3u8
Christian Youth Channel (CYC) (1080p),http://media3.smc-host.com:1935/cycnow.com/smil:cyc.smil/playlist.m3u8
Christmas 365,https://jmp2.uk/plu-62fb6d4308f5ec0007453c09.m3u8
Chroma TV (480p),https://5c483b9d1019c.streamlock.net/8054/8054/playlist.m3u8
Chrono (1080p),https://streams2.sofast.tv/v1/master/611d79b11b77e2f571934fd80ca1413453772ac7/d375ebca-9cd0-475e-ad4d-0cde6634de9c/manifest.m3u8
CHTV (1080p),https://viewhn.com/chtv/live/playlist.m3u8
Chukker (1080p),https://streams2.sofast.tv/v1/master/611d79b11b77e2f571934fd80ca1413453772ac7/3bd726a3-0d30-491d-b5e7-e1afb6e02112/manifest.m3u8
Cibaeña TV (720p),https://streamunoapp.com:3958/live/cibaenatvlive.m3u8
Cielo TV (1080p),https://streaming.servervideo.net:1936/cielotv/cielotv/playlist.m3u8
Çiftçi TV (720p) [Not 24/7],https://live.artidijitalmedya.com/artidijital_ciftcitv/ciftcitv/playlist.m3u8
Cigar TV (1080p),https://streams2.sofast.tv/vglive-sk-798765/index.m3u8
Cin Cin,https://jmp2.uk/plu-65cb78b83a116800079e2e35.m3u8
CINDIE TV (1080p),https://cc-hqw8u5r1nshjc.akamaized.net/scheduler/scheduleMaster/352.m3u8
Cine34,http://91.146.94.234:10001/play/a04o
Cine35mm,https://micanal.ovh/livestreams/262.D9DCDM7EXNRT.m3u8
Ciné 666 by Pluto TV,https://jmp2.uk/plu-6823648580b2665220d9e69a.m3u8
Ciné Action by Pluto TV,https://jmp2.uk/plu-5f8ed1ff5c39700007e2204a.m3u8
Cine adrenalina,https://jmp2.uk/plu-5d8d164d92e97a5e107638d2.m3u8
Cine Aliens (720p),https://9d597739.wurl.com/master/f36d25e7e52f1ba8d7e56eb859c636563214f541/UmFrdXRlblRWLWl0X0JpenphcnJvTW92aWVzX0hMUw/playlist.m3u8
Cine Amor,https://jmp2.uk/plu-5f5136317aedfb0007016f93.m3u8
Cine aventura,https://jmp2.uk/plu-60fb2f47c133270007327375.m3u8
Ciné by Pluto TV,https://jmp2.uk/plu-5f8ed0f17564a300082b676a.m3u8
Ciné Catastrophe by Pluto TV,https://jmp2.uk/plu-65a69ef53af63d000825e0ee.m3u8
Cine comedia,https://jmp2.uk/plu-5f513564e4622a0007c578c0.m3u8
Ciné d'Asie by Pluto TV,https://jmp2.uk/plu-62f3e2d000418d00070f7dbc.m3u8
Cine en Espanol (720p) [Geo-blocked],https://amg02724-somos-amg02724c1-klowdtv-us-2002.playouts.now.amagi.tv/playlist/amg02724-somosfast-cineenespanol-klowdtvus/playlist.m3u8
Cine en español,https://jmp2.uk/plu-5cf96b1c4f1ca3f0629f4bf0.m3u8
Cine Estrella (1080p),https://aegis-cloudfront-1.tubi.video/e1921b21-6cd6-4b21-bb46-832cbb74485c/playlist.m3u8
Cine Familiar (1080p),http://bantel-cdn1.iptvperu.tv:1935/btnscrtn/cinefamiliar.stream/playlist.m3u8
Cine Hispano (1080p),http://bantel-cdn1.iptvperu.tv:1935/btnscrtn/cinehispano.stream/playlist.m3u8
Ciné Horreur by Pluto TV,https://jmp2.uk/plu-66e1978babec540008ce41ac.m3u8
Cine Mexicano (1080p),http://177.234.249.178:8888/AMERICA/index.m3u8
Cine Premiere,https://jmp2.uk/plu-5cf968040ab7d8f181e6a68b.m3u8
Cine Premium (1080p),http://bantel-cdn1.iptvperu.tv:1935/btnscrtn/cinepremium.stream/playlist.m3u8
Ciné Rétro by Pluto TV,https://jmp2.uk/plu-5f8ed168f72fcd0007e56269.m3u8
Ciné Romance by Pluto TV,https://jmp2.uk/plu-60812fc8539963000707d1e1.m3u8
Cine Romantico (720p),https://d1si3n1st4nkgb.cloudfront.net/10502/88886011/hls/master.m3u8?ads.xumo_channelId=88886011
Ciné Sci-Fi by Pluto TV,https://jmp2.uk/plu-60c34592c911890007f29a73.m3u8
Cine Sony (1080p),http://177.234.249.178:8888/SONY-MOVIES/index.m3u8
Cine terror,https://jmp2.uk/plu-5d8d180092e97a5e107638d3.m3u8
Ciné Thrillers by Pluto TV,https://jmp2.uk/plu-60c3472a51a2050008dad272.m3u8
Ciné Western by Pluto TV,https://jmp2.uk/plu-65cca3e2ec452d0008af3a65.m3u8
Cine+ Classic,http://99.27.51.147/CineClassic/index.m3u8
Cine+ Emotion (720p),http://145.239.5.177/337/index.m3u8
Cine+ Frisson (1080p),http://99.27.51.147:8080/CineFrisson/index.m3u8
cine.box,http://212.70.131.37:8000/play/a08b
Cinecanal (1080p),http://bantel-cdn1.iptvperu.tv:1935/btnscrtn/cinecanal.stream/playlist.m3u8
Cinecanal Pacific (1080p),http://138.121.15.230:9002/CINECANAL/index.m3u8
Cinecanal South (1080p),http://45.162.193.35/CINECANAL/index.m3u8
CineLatino (720p),http://45.162.193.35/CINELATINO_HD/index.m3u8
Cinema (1080p),https://cdn4.skygo.mn/live/disk1/CinemaTV/DASH-FTA/CinemaTV.mpd
Cinema,http://catchup.videoline.ru/cinema/playlist.m3u8
Cinema Poliziottesco,https://jmp2.uk/plu-671754d8e482950008962aaf.m3u8
Cinemaraton Moldova,https://aes.m3u8simplu.workers.dev/cinemaratonmoldova/index.m3u8
CinemaWorld (720p),https://cdn.qd.je/163189/cinemaworld
Cinemo (480p),https://streams.comclark.com/pknsd/cinemo/playlist.m3u8
CinePride (720p),https://stream-us-east-1.getpublica.com/playlist.m3u8?network_id=2223
Cinerama Television (720p),https://live.cineramatvbo.com/hls/stream.m3u8
CineStar 1 Bulgaria,http://213.91.179.28:8000/play/a05h
CineThriller (720p),https://jmp2.uk/plu-653660b4295b840008a70ba3.m3u8
Cinevault 80s (720p),https://aegis-cloudfront-1.tubi.video/ea1ab5d1-f554-4f6b-b03f-2611fcd94257/playlist.m3u8
Cinevault Classics (720p),https://aegis-cloudfront-1.tubi.video/9ab6d1a7-9ab7-4281-8fde-e067ca002830/playlist.m3u8
Cinevault Classics (540p),https://gsn-cinevault-classics-1-us.roku.wurl.tv/playlist.m3u8
Cinevault Murder and Mayhem (540p),https://gsn-cinevault-70s-2-us.roku.wurl.tv/playlist.m3u8
Cinevault Westerns (720p),https://aegis-cloudfront-1.tubi.video/72b8dd6b-391b-401c-a3e4-03f9c29555c8/playlist.m3u8
Cinevision Canal 19 (1080p) [Not 24/7],https://5790d294af2dc.streamlock.net/tvhdlive/tvhdlive/playlist.m3u8
Cinturao Verde,https://play.redecinturaoverde.com.br/playlist.m3u8
Cira TV (1080p),https://hlspackager.akamaized.net/live/DB/CIRA_TV/HLS/CIRA_TV.m3u8
Ciracu TV (720p) [Not 24/7],https://cloud37.ecuatel.com/ciracutv/live/manifest.m3u8
Circle (1080p),https://circle-roku.amagi.tv/playlist.m3u8
Cirque du Soleil (1080p) [Geo-blocked],https://amg01439-amg01439c1-amgplt0081.playout.now3.amagi.tv/playlist/amg01439-amg01439c1-amgplt0081/playlist.m3u8
Citi Hitz (720p),https://mini.allinonereborn.fun/tata.php?id=11590
Citrico TV (480p) [Not 24/7],https://edge.essastream.com/citricotv/playlist.m3u8
CITV Channel,http://43.252.18.195:5080/live/streams/CITVChannel.playlist.m3u8
City 41 (576p),http://163.61.227.29:8000/play/a02r/index.m3u8
City Channel (720p) [Not 24/7],https://dev.aftermind.xyz/edge-hls/unitrust/citychannel/index.m3u8?token=%2A%2A%2A
City of Monroe Government Channel,https://reflect-monroe-mi-ci.cablecast.tv/live-1/live/live.m3u8
City of Oakland (KTOP) (480p),https://cdn3.wowza.com/5/cHYzekYzM2kvTVFH/oakland/G0219_002/playlist.m3u8
City One Television (1080p),http://maxotts.maxdigitaltv.com/x-media/C209/master.m3u8
City TV (576p) [Not 24/7],https://tv.city.bg/play/tshls/citytv/index.m3u8
City TV,https://citytv.hu/playlist.m3u8
City TV Capital City Connection [Not 24/7],https://capitalcityconnection.cablecast.tv/live/stream-1/live.m3u8
CityNews Calgary (720p),https://citynewsregional.akamaized.net/hls/live/1024053/Regional_Live_8/master.m3u8
CityNews Edmonton,https://citynewsregional.akamaized.net/hls/live/1024053/Regional_Live_8/Video-2Mbps.m3u8
CityNews Toronto (720p),https://citynewsregional.akamaized.net/hls/live/1024052/Regional_Live_7/master.m3u8
CityNews Vancouver (720p),https://citynewsregional.akamaized.net/hls/live/1024054/Regional_Live_9/master.m3u8
Citytv Bogota (1080p),http://138.121.15.230:9002/CITY-TV/index.m3u8
CityTV San Diego (360p),https://cdn3.wowza.com/5/dk84U1p2UUdoMGxT/sandiego/G1826_005/playlist.m3u8
Ciudad Magazine (1080p),http://190.7.19.197:232/play/a04l/index.m3u8
Ciudad Magica (720p),https://lbgo.bozztv.com/ssh101/ssh101/verycoolfgr/playlist.m3u8
Ciudadano Radio (720p),https://oracle.streaminghd.cl/ciudadanoradiotv/ciudadanoradiotv/playlist.m3u8
Ciudadanos por el mundo,https://jmp2.uk/plu-622f42b831233300078658cc.m3u8
Ciudades Del Ocio TV (720p),https://cloudvideo.servers10.com:8081/8024/index.m3u8
CJ OnStyle (540p),https://live-ch1.cjonstyle.net/cjmalllive/stream2/playlist.m3u8
CJ OnStyle Plus (540p),https://live-ch2.cjonstyle.net/cjosplus/live2/playlist.m3u8
CJC Television Network (1080p),https://d35j504z0x2vu2.cloudfront.net/v1/master/0bc8e8376bd8417a1b6761138aa41c26c7309312/cjc-television-network/55e06661da359ab51bbb2d563521f4b2.m3u8?ads.vf=MyS88Juu55G
CKPG Prince George BC (720p) [Not 24/7],https://videostream.jpbgdigital.com/CKPGTV.m3u8
Clan (1080p),http://185.47.212.25:8080/Clan_HD/index.m3u8
Clan Internacional Americas (1080p) [Geo-blocked],https://rtvelivestream-rtveplayplus.rtve.es/rtvesec/int/clan_int_main_1080.m3u8
Clarity 4K (2160p) [Geo-blocked],https://pb-qyrvophnifz47.akamaized.net/Clarity_4K.m3u8
Claro Sports (720p),https://jmp2.uk/plu-6320d2755e54db000783fd87.m3u8
Claro Televisión Dominicana (360p),https://streamunoapp.com:3960/live/claroteledomlive.m3u8
Claro Visión TV (720p),https://streamunoapp.com:3057/live/clarovisiontvlive.m3u8
Class CNBC (1080p) [Geo-blocked],https://amg14891-amg14891c5-amgplt0020.playout.now3.amagi.tv/playlist.m3u8
Classic Arts Showcase (720p),https://classicarts.akamaized.net/hls/live/1024257/CAS/master.m3u8
Classic Cinema (240p) [Not 24/7],https://rpn.bozztv.com/gusa/gusa-classiccinema/index.m3u8
Classic Movie Westerns,https://jmp2.uk/plu-61f33318210549000806a530.m3u8
Classic Movies Channel,https://jmp2.uk/plu-561c5b0dada51f8004c4d855.m3u8
Classic Music (1080p),http://stream.mcquack.net/312/index.m3u8
Classic TV,https://clshls.wns.live/hls/stream.m3u8
Classic TV Comedy,https://jmp2.uk/plu-5f15e32b297f96000768f928.m3u8
Classic TV Crime Drama,https://jmp2.uk/plu-61325c4f982acd000723287e.m3u8
Classic TV Drama,https://jmp2.uk/plu-5f15e3cccf49290007053c67.m3u8
Classic TV: Families,https://jmp2.uk/plu-61325d18f5166c00081b84e0.m3u8
Classica (720p),https://jmp2.uk/plu-5f779951372da90007fd45e8.m3u8
Classique TV (360p),https://stmv1.srvif.com/classique/classique/playlist.m3u8
Cleo TV (720p),https://gpuserver3.tier1streams.com/Cleo_TV/index.m3u8
Clergy TV (720p) [Not 24/7],https://goliveafrica.media:9998/live/650452cf2ddb2/index.m3u8
Clic TV (360p),https://stmv1.voxhdnet.com/yorka7322/yorka7322/playlist.m3u8
Click TV (Coronel) (720p),https://v2.tustreaming.cl/clicktv/playlist.m3u8
Cloudflare TV (720p),https://cloudflare.tv/hls/live.m3u8
cLoveworld TV (480p),https://live-hls-5rxy.livepush.io/live_cdn/em_LJ5aZjqp0LdiQ/index.m3u8
CLTV 36 (720p) [Not 24/7],https://live.cltv36.tv:5443/LiveApp/streams/cltvlive.m3u8
Club TV,https://tv.arkeo.cl:1936/clubtv/clubtv/playlist.m3u8
Clubbing TV France,https://d1j2csarxnwazk.cloudfront.net/v1/master/3722c60a815c199d9c0ef36c5b73da68a62b09d1/cc-uze1m6xh4fiyr-ssai-prd/master.m3u8
Clubbing TV UK (720p),https://a-cdn.klowdtv.com/live3/clubbingtv_720p/playlist.m3u8
Clube do Terror,https://jmp2.uk/plu-64e501eec630a900088ed0f8.m3u8
Clubland TV (576i),http://109.157.194.186:4040/clublandhls/now.m3u8
CMB Television (1080p),https://cdn1.cmbcolombia.tv/bethesda/video.m3u8
CMC TV (1080p),https://stream.cmctv.hr:49998/cmc/live.m3u8
CMC-USA Country Music Channel (720p),https://hwlive.streamingmediahosting.com/14215-live/0_obd393sh/playlist.m3u8
CMM TV HD (1080p),https://cdnapisec.kaltura.com/p/2288691/sp/228869100/playManifest/entryId/1_gnz6ity9/protocol/https/format/applehttp/flavorIds/1_a9gxgxzy,1_v71ryg4b,1_vbfvtjw6,1_obo1bqsx,1_3shk3s5d/a.m3u8
CMT (1080p),https://gpuserver3.tier1streams.com/CMT/index.m3u8
CMT Equal Play (720p),https://jmp2.uk/plu-5f68f53eb1e5800007390bf8.m3u8
CMTv Kenya (576p) [Not 24/7],https://goliveafrica.media:9998/live/64ede813cfe1a/index.m3u8
CN3 Television (720p),https://edge.enhdtv.com/cn3/index.m3u8
CN News (1080p),https://d35j504z0x2vu2.cloudfront.net/v1/master/0bc8e8376bd8417a1b6761138aa41c26c7309312/cn-news/index.m3u8?ads.vf=VKCO5qOgIx8
CNA (1080p),https://live1.mediadesk.al/cnatvlive.m3u8
CNA (360p) [Not 24/7],https://live.creacast.com/cna/stream/playlist.m3u8
CNA (1080p) [Geo-blocked],https://d2e1asnsl7br7b.cloudfront.net/7782e205e72f43aeb4a48ec97f66ebbe/index.m3u8
CNA Originals (1080p),https://amg01082-cna-amg01082c1-rlaxx-us-11304.playouts.now.amagi.tv/playlist.m3u8
CNBC (1080p),https://gpuserver3.tier1streams.com/CNBC/index.m3u8
CNBC (1080p),https://amg01079-nbcuuk-amg01079c2-samsung-gb-1258.playouts.now.amagi.tv/playlist.m3u8
CNBC Arabiya (1080p),https://cnbc-live.akamaized.net/cnbc/master.m3u8
CNBC Asia (720p),https://liveh34.vtvprime.vn/hls/CNBC/03.m3u8
CNBC Awaaz (1080p),https://n18syndication.akamaized.net/bpk-tv/CNBC_Awaaz_NW18_MOB/output01/master.m3u8
CNBC Bajar (1080p),https://n18syndication.akamaized.net/bpk-tv/CNBC_Bazaar_NW18_MOB/output01/master.m3u8
CNBC Indonesia (720p),https://live.cnbcindonesia.com/livecnbc/smil:cnbctv.smil/playlist.m3u8
CNBC MGL (1080p),https://cdn4.skygo.mn/live/disk1/CNBC/DASH-FTA/CNBC.mpd
CNBC Mongolia (720p),https://cdn4.skygo.mn/live/disk1/CNBC/HLSv3-FTA/CNBC.m3u8
CNBC TV18 (1080p),https://n18syndication.akamaized.net/bpk-tv/CNBC_TV18_NW18_MOB/output01/index.m3u8
CNBC TV18 Prime HD (1080p),https://n18syndication.akamaized.net/bpk-tv/CNBC_Tv18_Prime_HD_NW18_MOB/output01/index.m3u8
CNBC World (576p),https://gpuserver3.tier1streams.com/CNBC_WORLD/index.m3u8
CNBC-e,https://hnpsechtsc.turknet.ercdn.net/xpnvudnlsv/cnbc-e/cnbc-e.m3u8
CNC Bugavisión (720p),https://movil.ejeserver.com/live/cncbuga.m3u8
CNC Pereira (720p),https://cloudvideo.servers10.com:8081/latinchaneltv/index.m3u8
CNC Santander de Quilichao (480p),https://movil.ejeserver.com/live/cncsantander.m3u8
CNC Tulua (1080p),https://live.amelbatv.co:81/cnctulualive/index.fmp4.m3u8
CNC Valledupar (720p),https://live20.bozztv.com/akamaissh101/ssh101/cncvalledupar1/playlist.m3u8
CND Film Middle School Channel,http://live2.rxip.sc96655.com/live/zxs_4000.m3u8?A=&E=&K=&P=&S=&U=
CNews (1080p),https://raw.githubusercontent.com/Paradise-91/ParaTV/main/streams/canalplus/cnews-dm.m3u8
Cnews Bharat (720p),https://legitpro.co.in/cnews/cnews/index.fmp4.m3u8
CNEWS PRIME (1080p),https://raw.githubusercontent.com/Paradise-91/ParaTV/main/streams/canalplus/cnews-prime-dm.m3u8
CNM TV (720p) [Not 24/7],https://stream.sen-gt.com/cnmtv/myStream/playlist.m3u8
CNN Headlines,https://jmp2.uk/plu-66c45c274f25dd00092739ee.m3u8
CNN HEADLINES,https://jmp2.uk/plu-5421f71da6af422839419cb3.m3u8
CNN Headlines International,https://jmp2.uk/plu-66337e365a402e00087eccaf.m3u8
CNN Headlines International,https://jmp2.uk/plu-66c45c0de7f5e80008b82005.m3u8
CNN Headlines International,https://jmp2.uk/plu-66c45b36a72e7b0008a2b291.m3u8
CNN Headlines International,https://jmp2.uk/plu-66c45ba803e3b20008d8c294.m3u8
CNN Headlines International,https://jmp2.uk/plu-66dff9d46ad04d0008fda4de.m3u8
CNN Noticias,https://jmp2.uk/plu-673248f9030a2c0008033af8.m3u8
CNN Originals,https://jmp2.uk/plu-66e0b4536ad04d0008fff4b2.m3u8
CNN Prima News (1080p),http://88.212.15.19/live/test_cnn_pirma_news/playlist.m3u8
CNNi,https://jmp2.uk/plu-66c45afaa72e7b0008a2b153.m3u8
CNT Mas TV (720p) [Not 24/7],https://edge.essastream.com/cntmas/tracks-v1a1/mono.m3u8
CNV/Montreal,https://media1.radioservers.biz:1936/cnv/cnv/playlist.m3u8
CoastTV NBC (WRDE-LD) (720p) [Not 24/7],https://live.field59.com/wrde/wrde1/playlist.m3u8
COCO TV (1080p) [Not 24/7],https://edge.essastream.com/canalcocotv/playlist.m3u8
Cocoricó,https://jmp2.uk/plu-62d969fd8451a30007f0fd94.m3u8
Code Fashion TV (1080p),https://cdn2.invivo.bg/Codefashion_5500/index.m3u8
Code Health TV (1080p),https://cdn2.invivo.bg/codehealth_test/index.m3u8
Codigo TV (1080p) [Not 24/7],https://edge.essastream.com/codigotv/playlist.m3u8
Cold Case Files (1080p),https://aegis-cloudfront-1.tubi.video/1e764712-0649-4946-bd7e-f1bbba3be6fa/playlist.m3u8
Cold Case Files by A&E,https://jmp2.uk/plu-5c37d6712de254456f7ec340.m3u8
ColimdoT TV (720p),https://cnn.livestreaminggroup.info:3132/live/colimdotvlive.m3u8
Collier Television CTV (Naples FL) (720p),https://reflect-collier-countyboc.cablecast.tv/live-4/live/stream-1/live.m3u8
Colome TV [Not 24/7],https://ss2.tvrdomi.com:1936/colometv/colometv/playlist.m3u8
Color Blind TV (1080p),https://streamer2.nexgen.bz/12-CBTV/index.m3u8
Color Vision (1080p),https://cdn3.wind.do/streams/colorvision/colorvision_master.m3u8
Colorados Visión TV (1080p),http://177.234.247.66:9975/ColoradosTV/index.m3u8
Colors Bangla Cinema (576p),http://103.72.101.252:8080/live/1657.m3u8
Colors Bangla HD (1080p),http://103.72.101.252:8080/live/756.m3u8
Colors Cineplex (576p),http://103.122.249.134:8000/play/a058
Colors Cineplex Bollywood (576p),http://103.72.101.252:8080/live/1763.m3u8
Colors Cineplex HD (1080p),http://149.71.34.166:8000/play/a00b/index.m3u8
Colors Cineplex Superhits (576p),http://103.72.101.252:8080/live/1450.m3u8
Colors Gujarati (1080p),http://103.72.101.252:8080/live/196.m3u8
Colors Gujarati Cinema (360p),http://103.72.101.252:8080/live/1324.m3u8
Colors HD,http://59.103.38.46:8000/play/a00b/index.m3u8
Colors Infinity (576p),http://103.175.73.12:8080/live/29/29_0.m3u8
Colors Infinity HD (1080p),http://149.71.34.166:8002/play/a01d/index.m3u8
Colors Kannada (576p),http://103.72.101.252:8080/live/1370.m3u8
Colors Kannada Cinema (576p),http://103.72.101.252:8080/live/1632.m3u8
Colors Kannada HD (1080p),http://103.72.101.252:8080/live/757.m3u8
Colors Marathi (576p),http://103.72.101.252:8080/live/1326.m3u8
Colors Marathi HD (1080p),http://103.72.101.252:8080/live/755.m3u8
Colors MENA HD (720p),https://da86m1sqpm3o0.cloudfront.net/28072023/smil:colorsme.smil/playlist.m3u8
Colors Rishtey Americas (396p),https://manatv.akamaized.net/090823/smil:ristheyamerica.smil/playlist.m3u8
Colors Rishtey Asia (1080p),http://103.72.101.252:8080/live/279.m3u8
Colors Super (1080p),http://103.72.101.252:8080/live/785.m3u8
Colors Tamil HD (720p),https://da86m1sqpm3o0.cloudfront.net/28072023/smil:colorstamilhd11.smil/playlist.m3u8
Colosal TV (720p) [Not 24/7],http://tv.ticosmedia.com:1935/COLOSAL/COLOSAL/playlist.m3u8
Colour Blind (1080p),https://streams2.sofast.tv/v1/master/611d79b11b77e2f571934fd80ca1413453772ac7/7e58f6fd-62bc-49bc-9ec6-2766ed521743/manifest.m3u8
Columna TV,https://cdn.streamnet.pro/columnatv/live/playlist.m3u8
COM Brasil (1080p) [Not 24/7],https://br5093.streamingdevideo.com.br/abc/abc/playlist.m3u8
Combate (720p),http://143.14.134.107/167/index.m3u8
Come Dine With Me (1080p),https://amg00654-itv-amg00654c2-samsung-au-925.playouts.now.amagi.tv/itv-cdwmug/playlist.m3u8
Come Dine With Me (1080p),https://amg00654-itv-amg00654c2-rakuten-uk-1281.playouts.now.amagi.tv/playlist/amg00654-itvstudiosfast-comedinewithmeukglobal-rakutenuk/playlist.m3u8
Come Dine With Me (1080p) [Geo-blocked],https://amg00654-itvstudios-comedinewithmeu-samsunguk-m0euw.amagi.tv/playlist/amg00654-itvstudios-comedinewithmeu-samsunguk/playlist.m3u8
Come Dine with Me (720p),https://jmp2.uk/plu-65367e724f123d000877cfe5.m3u8
Come Dine with Me (720p),https://jmp2.uk/plu-65d7239066eec8000881e293.m3u8
Come Dine with Me (720p),https://jmp2.uk/plu-65d7243c4e017400089e14a8.m3u8
Come Dine with Me (720p),https://jmp2.uk/plu-65d724a9d8adfa00086c8ae9.m3u8
Comedia a lo bestia de Pluto TV,https://jmp2.uk/plu-68de3db35fc0afe85de0b843.m3u8
Comedy Central (720p),https://jmp2.uk/plu-61c0989431084d0007eab12d.m3u8
Comedy Central,https://jmp2.uk/plu-61c0b550e0d3a700072b6a2a.m3u8
Comedy Central,https://jmp2.uk/plu-64f8a408bd341e000818fcda.m3u8
Comedy Central (1080p),http://23.237.104.106:8080/USA_COMEDY_CENTRAL/index.m3u8
Comedy Central Animation,https://jmp2.uk/plu-64f8a949f5b5e4000862467c.m3u8
Comedy Central en español,https://jmp2.uk/plu-5cf96dad1652631e36d43320.m3u8
Comedy Central Latin America (1080p),http://181.119.93.83:8000/play/a1di/index.m3u8
Comedy Central Pluto TV,https://jmp2.uk/plu-5f357e91b18f0b00073583d2.m3u8
Comedy Central Pluto TV,https://jmp2.uk/plu-5ffcc21a432945000762d06b.m3u8
Comedy Central Pluto TV,https://jmp2.uk/plu-5ca671f215a62078d2ec0abf.m3u8
Comedy Central Roast,https://jmp2.uk/plu-6641fd41b18d700008e7e2b8.m3u8
Comedy Central South Park,https://jmp2.uk/plu-60c716084d842c00085f6e64.m3u8
Comedy Central South Park,https://jmp2.uk/plu-609ae66b359b270007869ff1.m3u8
Comedy Central South Park,https://jmp2.uk/plu-609ae5cd48d3200007b0a98e.m3u8
Comedy Dynamics (1080p),https://comedydynamics-plex-ingest.cinedigm.com/playlist.m3u8
Comedy Tadka (1080p),https://streams2.sofast.tv/WiseM3U8_27/sofast/cleanhls/master.m3u8
Comedy TV,http://31.146.5.178:8087/play/a00b/index.m3u8
Comedy TV (720p),https://gpuserver3.tier1streams.com/COMEDY_TV/index.m3u8
Comercio TV (1080p),https://amg00082-amg00082c1-distrotv-us-7248.playouts.now.amagi.tv/playlist/amg00082-tarima-comercio-distrotvus/playlist.m3u8
Comercio TV (1080p),https://stream-us-east-1.getpublica.com/playlist.m3u8?network_id=16960
Comet (1080p),https://fast-channels.sinclairstoryline.com/COMET/index.m3u8
Comicità Piccante Movies (720p),https://7f495636.wurl.com/master/f36d25e7e52f1ba8d7e56eb859c636563214f541/UmFrdXRlblRWLWl0X0NpbmVtYVNlZ3JldG9fSExT/playlist.m3u8
Company TV (720p),https://5929b138b139d.streamlock.net/CompanyTV/smil:CompanyTV.smil/master.m3u8
Compassion TV (240p),https://tnt-television.com/COMPASSION_FM/index.m3u8
Conan O'Brien TV (1080p),https://d1nu0yp2dagil0.cloudfront.net/Conan_OBrien_TV.m3u8
Conan O'Brien TV (1080p) [Geo-blocked],https://pb-nhrhhcia276e2.akamaized.net/Conan_OBrien_TV.m3u8
Concepcion TV (720p),https://stream.blserver.cl/hls/ctv/index.m3u8
Concert Channel (720p),https://jmp2.uk/plu-6868152657543d1f8be4ece3.m3u8
Conciertos por Stingray (720p),https://jmp2.uk/plu-5f85ca40eda1b10007b967cd.m3u8
Concord TV (Concord CA) (720p),https://concordca.cablecast.tv/live/stream-2/live.m3u8
Condavisión (1080p) [Not 24/7],https://5d8d85cf2c308.streamlock.net:1936/Condavision/endirecto/playlist.m3u8
Conecta2TV (720p) [Not 24/7],https://live.obslivestream.com/conecta2/index.m3u8
Conecta Mais TV (720p),https://adylnet.streampool.net/10324/live/hls/Conecta/index.m3u8
Conecta TV (720p),https://stream8.mexiserver.com:19360/conectatvx/conectatvx.m3u8
Conectados con Dios,https://cdn.oktvus.com/ConectadoConDios/tracks-v2a1/mono.ts.m3u8
ConecTV Brasil (720p),https://stream01.msolutionbrasil.com.br/hls/conectv/live.m3u8
Conexão TV (720p),https://5a57bda70564a.streamlock.net/conexaotv/conexaotv.sdp/playlist.m3u8
Conexion Positiva Television,https://tvstream.conexionpositivaradio.com/memfs/69239c4d-4116-4f4f-b065-bf17e81b1411.m3u8
Confess by Nosey,https://jmp2.uk/plu-638e0f4832494900074481e7.m3u8
Confess by Nosey,https://jmp2.uk/plu-6514346fa76507000887d441.m3u8
Confess by Nosey,https://jmp2.uk/plu-634ee8f95aa9870007248333.m3u8
Congo Planet Télévision (1080p) [Not 24/7],https://radio.congoplanet.com/Congo_Planet_TV.sdp/Congo_Planet_TV/playlist.m3u8
Congo Planet Télévision Pop (1080p) [Not 24/7],https://radio.congoplanet.com/Congo_Planet_TV_Pop.sdp/Congo_Planet_TV_Pop/playlist.m3u8
Congreso de los Diputados 1 (360p) [Not 24/7],https://congresodirecto.akamaized.net/hls/live/2038274/canal1/master.m3u8
Congreso de los Diputados 2 (360p) [Not 24/7],https://congresodirecto.akamaized.net/hls/live/2038275/canal2/master.m3u8
Congreso de los Diputados 3 (360p) [Not 24/7],https://congresodirecto.akamaized.net/hls/live/2038276/canal3/master.m3u8
Congreso de los Diputados 4 (360p) [Not 24/7],https://congresodirecto.akamaized.net/hls/live/2038277/canal4/master.m3u8
Congreso de los Diputados 5 (360p) [Not 24/7],https://congresodirecto.akamaized.net/hls/live/2038278/canal5/master.m3u8
Congreso TV (720p),http://bantel-cdn1.iptvperu.tv:1935/btnscrtn/canalelcongreso.stream/playlist.m3u8
ConstanzaTV (1080p) [Not 24/7],https://live20.bozztv.com/akamaissh101/ssh101/ctv8hd/playlist.m3u8
Construcciones Asombrosas,https://jmp2.uk/plu-673249433a61d400087a51ed.m3u8
Continent E (1080p),http://stream.mcquack.net/449/index.m3u8
Contivision (720p),https://unlimited6-cl.dps.live/cm/cm.smil/playlist.m3u8
Contra Costa College TV [Geo-blocked],https://reflect-contra-costa.cablecast.tv/live-7/live/live.m3u8
Controversia TV (720p) [Not 24/7],https://live.obslivestream.com/controversiatv/index.m3u8
Cook's Country Channel (1080p) [Geo-blocked],https://amg01420-amg01420c5-xumo-us-3817.playouts.now.amagi.tv/playlist.m3u8
Cooking Panda (576p),https://stream-us-east-1.getpublica.com/playlist.m3u8?network_id=46
Cool Channel,https://live-iptv.cool-channel.com/cool/live-720P.m3u8
Cool FM 98.9 (720p),https://live2.tensila.com/cool-v-1.arubara/hls/master.m3u8
Cool Summer Channel (720p),https://d2hzqddebd4oer.cloudfront.net/csts.m3u8
Cool TV (1080p) [Not 24/7],https://stream.nasatv.com.mk/cooltv/hls/cooltv_live.m3u8
Cooperativa (720p),https://unlimited1-cl-isp.dps.live/coopetv/coopetv.smil/playlist.m3u8
CooTel Nicaragua (1080p),http://138.117.4.70:8075/channel9/playlist.m3u8
COPS,https://a7d6af1c184e465db4f39316a5181c1f.mediatailor.us-east-1.amazonaws.com/v1/master/0fb304b2320b25f067414d481a779b77db81760d/RakutenTV-eu_COPS/playlist.m3u8
Cops (720p),https://langleyproductions-cops-2-eu.rakuten.wurl.tv/playlist.m3u8
Cops & Docs (720p),https://d1si3n1st4nkgb.cloudfront.net/10502/88896053/hls/master.m3u8?ads.xumo_channelId=88896053
Cops en Español (720p),https://rightsboosterltd-cops-1-es.rakuten.wurl.tv/playlist.m3u8
Coptic TV (720p) [Not 24/7],https://ctv.icopts.app/CTV/index.fmp4.m3u8
Coral Gables Television (Coral Gables FL) (720p),https://cdn3.wowza.com/5/R09KQXpaMWlrRjly/coralgables/G0937_004/playlist.m3u8
Coral TV (720p),https://tv.mediacp.eu:8081/coraltv/index.m3u8
Corazón (720p),https://jmp2.uk/plu-646ccdd0939a5900088a1980.m3u8
Corazon TV,https://sistemastr.tropicalmoonmedia.com/live/7FFCFEC3978B68D1A2ED0A38DE96AF76/12.m3u8
Córdoba TV [Not 24/7],https://cloudvideo.servers10.com:8081/8020/index.m3u8
Coreano by CJ ENM (1080p),https://d32e935uzaanj4.cloudfront.net/e66911c8_a9c5_4206_979f_1ad694dcb8ad/hls/playlist.m3u8
Corfu Channel (720p),https://itv.streams.ovh:1936/corfuchannel/corfuchannel/playlist.m3u8
Corner Gas,https://jmp2.uk/plu-667d664815f35c00089489bf.m3u8
Cornerstone TV (720p),https://2-fss-1.themediacdn.com/pl_122/206280-3059514-1/playlist.m3u8
Correa Radiovision,https://stream.arcast.net:4443/correadigital/canal12/playlist.m3u8
Corrientes TV,https://617c5175c970b.streamlock.net:4444/13max2/live13maxtv2026/playlist.m3u8
Corts Valencianes (480p) [Not 24/7],https://streamserver3.seneca.tv/cval_live/cdn_enc_3/master.m3u8
Cosmic Frontiers (1080p),https://amg00376-magellan-amg00376c14-rakuten-uk-1694.playouts.now.amagi.tv/playlist/amg00376-magellantv-spacesciencenowcauk-rakutenuk/playlist.m3u8
Cosmos Tv,https://tv.mediacp.eu:19360/cosmos/cosmos.m3u8
Cosmos Tv,https://canaletaplus.com:3922/live/cosmoslive.m3u8
Cosmos TV (720p),https://video.hostingcaaguazu.com:19360/cosmostv/cosmostv.m3u8
Cosmovision (720p),https://lbgo.bozztv.com/ssh101/ssh101/Cosmovisión/playlist.m3u8
Costa Mesa's Municipal Access Channel CMTV 3 (720p),https://cdn3.wowza.com/5/UWpORHhLSEs5SkJs/costamesa/G0075_002/playlist.m3u8
Costa Noroeste TV (1080p) [Not 24/7],https://limited31.todostreaming.es/live/noroestetv-livestream.m3u8
Costa Rica Channel (576p) [Not 24/7],https://video0.rogohosting.com:19360/8006/8006.m3u8
COStv,https://irctv.cablecast.tv/live/stream-1/live.m3u8
Coto Brus TV (720p),https://cloudvideo.servers10.com:8081/8030/index.m3u8
Cottage Life (720p),http://185.246.209.113/CottageLife/index.m3u8
Cotubanama TV (1080p),https://host.streamingnation.live/p/3588/hybrid/play.m3u8
Couleur 3 (720p),https://visualradio-rts-couleur3-d.akamaized.net/out/v1/6a1472634ad745f59a9e63ee8adbbc00/index.m3u8
Court TV (1080p),https://cdn-uw2-prod.tsv2.amagi.tv/linear/amg01438-ewscrippscompan-courttv-tablo/playlist.m3u8
Cowboy Channel (1080p),https://amg17292-amg17292c1-distrotv-us-4170.playouts.now.amagi.tv/playlist/amg17292-tetonridgellc-tetonridgefast-distrotvus/playlist.m3u8
Cowboy Movie Channel (1080p),https://streams2.sofast.tv/sofastplayout/32eb332e-f644-46e5-ad91-e55ad80d14f7_0_HLS/master.m3u8
Cox Meriden Public Access Channel 15 (Meriden CT) (720p),http://applevalley.coxctv.com/live-1/live/live.m3u8
Coyhaique TV (720p),https://v2.tustreaming.cl/coyhaiquetv/index.m3u8
Coza TV (576p),https://viewmedia7219.bozztv.com/wmedia/viewmedia100/web_019/Stream/playlist.m3u8
Cozi TV (1080p),https://gpuserver3.tier1streams.com/COZI_TV/index.m3u8
Cozy Vibes (1080p),https://d2tyl7oi9wycxs.cloudfront.net/playlist.m3u8
CP24 (576p),https://trs1.aynaott.com/cp24/index.m3u8
CPAC (720p),https://d7z3qjdsxbwoq.cloudfront.net/groupa/live/f9809cea-1e07-47cd-a94d-2ddd3e1351db/live.isml/.m3u8
CR Televisión Moyobamba (720p) [Not 24/7],https://live.obslivestream.com/crtvmux/index.m3u8
Craftsy (1080p),https://linear-492.frequency.stream/dist/stirr/492/hls/master/playlist.m3u8
CraftsyTV (1080p),https://d2lgb18e46c3by.cloudfront.net/playlist.m3u8
CraftsyTV (1080p),https://linear-492.frequency.stream/dist/xumo/492/hls/master/playlist.m3u8
Crazy Ex-Girlfriend,https://jmp2.uk/plu-693ae5660eedebc8d5db6579.m3u8
Crazy Ex-Girlfriend,https://jmp2.uk/plu-693ae58fc2d0f38be38df821.m3u8
Crazy Ex-Girlfriend,https://jmp2.uk/plu-693ae5b792fad2e93412a2c7.m3u8
CreaLaTV (1080p),https://stream.crealatv.com/live.m3u8
Create (1080p),https://create.lls.pbs.org/index.m3u8
CreaTV Bay Voice TV Channel 27 (San Jose CA) (720p),https://reflect-creatv.cablecast.tv/live-19/live/live.m3u8
CreaTV Classrooms Channel 28 (San Jose CA) (720p),https://reflect-creatv.cablecast.tv/live-14/live/live.m3u8
CreaTV Community Channel 15 (San Jose CA) (720p),https://reflect-creatv.cablecast.tv/live-13/live/live.m3u8
CreaTV The Outlet Channel 30 (San Jose CA) (720p),https://reflect-creatv.cablecast.tv/live-16/live/live.m3u8
Credo TV (720p) [Not 24/7],http://cdn.credonet.tv:1935/ctv/livecredo/playlist.m3u8
Crema TV [Geo-blocked],https://op-group1-swiftservehd-1.dens.tv/h/h202/index.m3u8
crema.tv (720p),https://d35j504z0x2vu2.cloudfront.net/v1/master/0bc8e8376bd8417a1b6761138aa41c26c7309312/crematv/master.m3u8?ads.vf=bp0PeePtcrO
Creta (540p) [Not 24/7],http://live.streams.ovh:1935/tvcreta/tvcreta/playlist.m3u8
Cricket Gold (1080p),https://streams2.sofast.tv/ptnr-yupptv/title-cricketgold/v1/master/611d79b11b77e2f571934fd80ca1413453772ac7/b2048bb8-1686-4432-aa50-647245383e0c/manifest.m3u8
Crime 24/7 (720p) [Geo-blocked],https://pb-l3ocdsysqugbb.akamaized.net/v1/aenetworks_crime247_1/samsungheadend_us/latest/main/hls/playlist.m3u8
Crime 360 (720p),https://jmp2.uk/plu-657880c46e4f6a00087404d0.m3u8
Crime & Evidence (720p),https://d35j504z0x2vu2.cloudfront.net/v1/master/0bc8e8376bd8417a1b6761138aa41c26c7309312/crime-and-evidence/video.m3u8?ads.vf=8-m_qjKZTGu
Crime & Justice (1080p),https://d1vsdt3c2xcxl2.cloudfront.net/playlist.m3u8
Crime & Justice (1080p) [Geo-blocked],https://linear-474.frequency.stream/dist/glewedtv/474/hls/master/playlist.m3u8
Crime & Justice (720p),https://jmp2.uk/plu-6601948129adfd0008a1c0ba.m3u8
Crime + Investigation (720p),http://23.237.104.106:8080/USA_CRIME_INVESTIGATION/index.m3u8
Crime + Investigation Asia HD (720p) [Geo-blocked],https://cdn09jtedge.indihometv.com/joss/133/crimeinvestigation/index.m3u8
Crime + Investigation CEE,http://88.212.15.19/live/test_cai_hevc/playlist.m3u8
Crime and Evidence (720p),https://afxporigin.telemedia.co.za/afxp/abr_crimeandevidence/playlist.m3u8
Crime Beat TV (1080p),https://8e6c868c.wurl.com/master/f36d25e7e52f1ba8d7e56eb859c636563214f541/UmFrdXRlblRWLWV1X0NyaW1lQmVhdF9ITFM/playlist.m3u8
Crime Cults Killers (720p),https://live-manifest.production-public.tubi.io/live/0b476028-34aa-48e8-babe-5b7172babbb7/playlist.m3u8
Crime Scene Solvers,https://jmp2.uk/plu-6426a821a3ade7000800031c.m3u8
Crime Scene Solvers,https://jmp2.uk/plu-6426900ea3ade70008ffcb20.m3u8
Crime Scene Solvers,https://jmp2.uk/plu-64268f52b065d900085eb42b.m3u8
Crime ThrillHer (1080p),https://aegis-cloudfront-1.tubi.video/031498eb-5826-4ed2-9795-05723c10fbe0/playlist.m3u8
Crime ThrillHer (720p),https://d1x6vwh5kyhcyb.cloudfront.net/v1/aenetworks_thrillher_1/samsungheadend_us/latest/main/hls/playlist.m3u8
Crime Up Close (720p),https://jmp2.uk/plu-6703a96763292d000836b4fa.m3u8
CrimeFlix (1080p),https://dgx2snzx175pa.cloudfront.net/scheduler/scheduleMaster/391.m3u8
Crimen (720p),https://jmp2.uk/plu-6732499ce40c4a0008bb9894.m3u8
Crimen & Historia (720p),https://jmp2.uk/plu-64ddcbb14c5ed80008fad416.m3u8
Crímenes imperfectos,https://jmp2.uk/plu-5e94cd036cc69d0007e8a1ba.m3u8
Crímenes Reales (1080p),https://amg01796-amg01796c13-rakuten-gb-6739.playouts.now.amagi.tv/playlist.m3u8
Crimes Cults Killers (720p),https://d3ox1t0pcya837.cloudfront.net/v1/aenetworks_kriminal_1/samsungheadend_us/latest/main/hls/playlist.m3u8
Crimes That Shook Britain,https://jmp2.uk/plu-66ba1e23d2d50d00084a1e57.m3u8
Criminal Minds,https://jmp2.uk/plu-65653817c917a5000844bc30.m3u8
Cristiana TV (576p),https://cristianos2.todostreaming.es/live/malaga-livestream.m3u8
Cristo TV (480p),https://stream.oursnetworktv.com/latin/CristoTV/playlist.m3u8
Cristo Vision Canal 31,https://3a310f6ec721e6b362fcd22772b57f36a2fe6bb2.tabeelcr.com:8080/cristovision31/iptv.m3u8
Cristovision (720p),https://5fc584f3f19c9.streamlock.net/cristovision/videocristovision/playlist.m3u8
CromTV (1080p) [Not 24/7],https://fox.hostlagarto.com:8081/cromtv/tracks-v1a1/mono.m3u8
CRTV (720p),https://stmv2.voxtvhd.com.br/crtvchile/crtvchile/playlist.m3u8
CRTV (576p),http://145.239.5.177/147/index.m3u8
CRTV News,https://live1.acangroup.org:1929/publiclive/crtv_news/playlist.m3u8
Crunchyroll (720p),https://jmp2.uk/plu-65652f7fc0fc88000883537a.m3u8
Cruz TV,https://reflect-communitytv.cablecast.tv/live-4/live/stream-2/live.m3u8
CSat TV (1080p) [Not 24/7],http://media.smc-host.com:1935/csat.tv/smil:csat.smil/playlist.m3u8
CSI,https://jmp2.uk/plu-6525419dc52b3600083db9c3.m3u8
CSI,https://jmp2.uk/plu-5efbd29e4aa26700076c0d06.m3u8
CSI en Español,https://jmp2.uk/plu-604928d54a4f730007ff76bc.m3u8
CSI: Crime Scene Investigation,https://jmp2.uk/plu-6304f8d5ffb61000071ab478.m3u8
CSI: Miami,https://jmp2.uk/plu-63eb9c5351f5d000085e8d7e.m3u8
CSI: Miami,https://jmp2.uk/plu-63eb9255c111bc0008fe6ec4.m3u8
CSI: Miami,https://jmp2.uk/plu-62f54c11b3af68000702c304.m3u8
CSI: Miami en español,https://jmp2.uk/plu-632b5950b515b000079e6b81.m3u8
CSI: NY,https://jmp2.uk/plu-62f54c6439183b000769fb8f.m3u8
CSI: NY en español,https://jmp2.uk/plu-632b606e12a67b0007c9e371.m3u8
Csurgo TV (720p),https://cstv.medialivecdn.hu/csurgotv/27725804dc13aa23b3970414524d2dbf.sdp/playlist.m3u8
ČT 1,http://88.212.15.19/live/test_ct1_25p/playlist.m3u8
ČT 2,http://88.212.15.19/live/test_ct2_25p/playlist.m3u8
ČT24 (1080p),http://88.212.15.19/live/test_ct24_hevc/playlist.m3u8
ČT Sport (720p),http://88.212.15.19/live/test_ctsport_25p/playlist.m3u8
CT-N Court Feed (360p) [Not 24/7],http://video.ct-n.com/live/ctnSupreme/playlist_DVR.m3u8
CT-N Live Stream 2 (360p) [Not 24/7],http://video.ct-n.com/live/web2stream/playlist.m3u8
CT-N TV Conneticut (720p) [Not 24/7],http://video.ct-n.com/live/ctnstream/playlist_DVR.m3u8
ČT:D/ČT art (1080p),http://88.212.15.19/live/ct_art_avc_25p/playlist.m3u8
CTB Perth (720p),https://live.ctbperth.net.au/hls/0/stream.m3u8
CTB Perth Movies (720p),https://movies.ctbperth.net.au/hls/stream.m3u8
CTB Perth News (720p),https://news.ctbperth.net.au/hls/stream.m3u8
CTi Variety (中天綜合台) (720p),http://23.237.10.66:16372
CTN [Not 24/7],https://live.happywatch99.com/ctnhdtv/c83cc584a878608f6b36a9717bd7a8ab.sdp/playlist.m3u8
CTN (720p),https://d3k5y954fiztgy.cloudfront.net/FREECAST/CTN-2b0dd347-f7b0-e7ed-9096-68966d29db50/index.m3u8
CTNi (Christian Television Network International) (480p) [Not 24/7],https://video1.getstreamhosting.com:1936/8226/8226/playlist.m3u8
CTS (HUA-CHI CTS) (1080p),rtmp://59.124.75.138:1935/sat/tv111
CTS News (華視新聞資訊) [Geo-blocked],http://seb.sason.top/sc/hsxw_fhd.m3u8
CTT Canal 49 (1080p) [Not 24/7],https://cdnfox.hostlagarto.com/cct49/index.m3u8
CTV (1080p),http://15.204.246.24:8080/CTVHD/index.m3u8
CTV 2 Atlantic (720p),http://stream.cammonitorplus.net/1731/index.m3u8
CTV3 (720p),https://streamer2.nexgen.bz/03-CTVOW/index.m3u8
CTV8 HD,https://server.dtvhd.com/memfs/92d5968d-1b58-486d-a1ba-7b5a3f21c16c.m3u8
CTV 9 (1080p),http://43.252.18.195:5080/live/streams/ctv9_hd_playlist.m3u8
CTV19 (720p),https://twitch-m3u8.bastypro112.workers.dev/ctv19live/index.m3u8
CTV35,https://vdochile.com:3697/live/ctv35live.m3u8
CTV Life Channel (720p),http://185.246.209.113/ANIMALPLANETHD/index.m3u8
CTV Speed Channel (720p),https://gpuserver3.tier1streams.com/DISCOVERY_SCIENCE_HD/index.m3u8
CTVN AKD Plus (1080p),https://live.legitpro.co.in/ctvnakdplus/index.m3u8
Cuando los Ángeles Caen (720p),https://jmp2.uk/plu-699769fa19ac123965833fd3.m3u8
Cubavision (480p) [Not 24/7],https://tv.picta.cu/cubavision/cubavision_0.m3u8
Cubavision Internacional (480p),https://tv.picta.cu/cvi/cvi_0.m3u8
Cufo,https://digitalb-live.morescreens.com/DAL_1_005/playlist.m3u8?application_id=backoffice1&application_installation_id=1&authority_instance_id=%2A%2A%2A&detected_delivery_method=hls&id=DAL_1_005&playlist_template=nginx&profile_id=1&ps=94d0066599d8f74d1c090e93ac4617b6491d3629d2e2d770870fcef1f7effa25b204aa53b3821da5e9e65bee8e94331bcae2cb344d0739ca3a938b4ef2051cc8&subscriber_id=1&token=%2A%2A%2A&uuid=backoffice1&vh=7ab82e63aae8510c6b37ea16da502e54e441a5a1a88bce0c8ed63da99bce948d86253d64ae00424dda8b9c8b6e2cd0f6cd79d8b0a56e10759210cdf4f6761d11&video_id=12498
Cugat TV (1080p),https://liveingesta318.cdnmedia.tv/cugatcatlive/smil:rtmp01.smil/playlist.m3u8
Cuisine Culture (1080p),https://streams2.sofast.tv/umaxx/v1/01970b146c091ebd470414fa6dc31a/01970b14d5f11ea506ec1fab16cfb0/playlist.m3u8
Cultura 24,https://www.opencaster.com/resources/hls_stream/cultura24.m3u8
Cultura Fast (720p),https://fpa-gateway.tvcultura.com.br:8181/memfs/606caef0-a290-413d-9f1f-8fcdb3a73831.m3u8
Cultura Online,https://streaming.bitsur.cl:3399/live/vdo532live.m3u8
Cultura Para (720p),http://170.84.165.204:80/CANAL_21_HD/index.m3u8
Cumbia Mix (720p),https://cloud.tvomix.com/CUMBIAMIX/index.m3u8
Cupertino City Channel (720p),https://cdn3.wowza.com/5/dk84U1p2UUdoMGxT/cupertino/G0067_003/playlist.m3u8
Curiosity Animales (1080p),https://d2j2obpavpuw3t.cloudfront.net/CuriosityAnimales.m3u8
Curiosity Explora (1080p),https://d2bvy2sb4c0dbv.cloudfront.net/CuriosityEspanol.m3u8
Curiosity Motores (1080p),https://d5ts03kapml2e.cloudfront.net/CuriosityMotores.m3u8
Curiosity Now (1080p),https://amg00170-curiositystream-amg00170c3-rakuten-us-2289.playouts.now.amagi.tv/playlist/amg00170-curiositystreamllcfast-curiositynowrow-rakutenus/playlist.m3u8
Curiosity Now (1080p),https://amg00170-amg00170c4-samsung-gb-4232.playouts.now.amagi.tv/playlist.m3u8
Curiquingue TV (720p),https://video2.lhdserver.es/pjtv/live.m3u8
Curro Jiménez,https://jmp2.uk/plu-5f1acd36779de70007a680d1.m3u8
Curzon Cinema,https://jmp2.uk/plu-68b5a7b69ac85c428f54c441.m3u8
Cusano Italia TV (720p),https://router.xdevel.com/video0s975363-69/stream/playlist.m3u8
Cutlers Court (1080p),https://d19h40d1rxo1la.cloudfront.net/playlist.m3u8
CV Vision TV (288p) [Geo-blocked],https://eu1.servers10.com:8081/8128/index.m3u8
CVA TV (480p) [Not 24/7],http://190.124.161.21:8086/cvatv/live.m3u8
CVC (1080p),http://15.204.246.24:8080/CVCHD/index.m3u8
CVN TV,https://7.innovatestream.pe:19360/cvntumbes/cvntumbes.m3u8
CVR English (720p),https://cdn-2.pishow.tv/live/425/master.m3u8
CVR Health (576p),https://cdn-6.pishow.tv/live/395/master.m3u8
CVR OM Spiritual (576p),https://cdn-1.pishow.tv/live/957/master.m3u8
CVTV Channel 192 (1080p),https://livestream.telvue.com/cvtv2/f7b44cfafd5c52223d5498196c8a2e7b.sdp/playlist.m3u8
CVTV Channel 194 (1080p),https://livestream.telvue.com/cvtv1/f7b44cfafd5c52223d5498196c8a2e7b.sdp/playlist.m3u8
CW (1080p) [Geo-blocked],https://messi.damitv.st/papi/ts/cw-usa/playlist.m3u8
CW FOREVER (1080p),https://d1sknsnbkyvie.cloudfront.net/playlist.m3u8
CW Gold (1080p),https://d1d726ny1vain2.cloudfront.net/playlist.m3u8
CWB TV (720p),https://59d39900ebfb8.streamlock.net/cwbtv/cwbtv/playlist.m3u8
Cypress Public Access Channel 36 (Cypress CA) (360p),https://livestream-us-east-edge-2.granicusops.com/live/cypressca/live-1-a/playlist.m3u8
Cytavision Sports 1 (1080p),http://185.102.171.218/Cytavisionsports1/index.m3u8
Cytavision Sports 2 (1080p),http://185.102.171.218/Cytavisionsports2/index.m3u8
Cytavision Sports 3 (1080p),http://185.102.171.218/Cytavisionsports3/index.m3u8
Cytavision Sports 4 (720p),http://185.102.171.218/Cytavisionsports4/index.m3u8
Cytavision Sports 5 (720p),http://185.102.171.218/Cytavisionsports5/index.m3u8
D3 TV (480p),https://live20.bozztv.com/akamaissh101/ssh101/d3tvnet/playlist.m3u8
D Music (1280p) [Not 24/7],http://43.252.18.195:5080/live/streams/WCVNews.playlist.m3u8
D Television (Antenna 10) (480p),https://ssh101.bozztv.com/ssh101/dtelevision/playlist.m3u8
Đà Nẵng TV1 (1080p) [Not 24/7],https://live.mediatech.vn/live/285b59a111d76974225a8e3004bfc31a509/chunklist.m3u8
Đà Nẵng TV2 (1080p) [Not 24/7],https://live.mediatech.vn/live/2859145290d0d7947ef88b6240123b62474/chunklist.m3u8
DA News Plus (1080p),https://d35j504z0x2vu2.cloudfront.net/v1/master/0bc8e8376bd8417a1b6761138aa41c26c7309312/da-news-plus/index.m3u8?ads.vf=AyISeWRaL8G
Da Vinci (576p),http://hls127.freeott.top:8080/Da_Vinci_Learning/video.m3u8
DaAi1 (大愛1) (720p),https://pulltv1.wanfudaluye.com/live/tv1.m3u8
DaAi2 (大愛2) (720p),https://pulltv2.wanfudaluye.com/live/tv2.m3u8
DAAI TV,https://pull.daaiplus.com/live-DAAIPLUS/live-DAAIPLUS_HD.m3u8
Dabanga TV (1080p),https://hls.dabangasudan.org/hls/stream.m3u8
Dabl (720p),http://40.160.24.56/DABL/index.m3u8
Dac TV (720p),https://live-evg8.tv360.bitel.com.pe/bitel/dactvSRT/playlist.m3u8
Dacha (1080p),https://dash2.antik.sk/live/test_dacha_tv_atktv/playlist.m3u8
Dacwa TV (576p) [Not 24/7],https://ap02.iqplay.tv:8082/iqb8002/d13w1/playlist.m3u8
Đắk Lắk TV (720p),https://cdn.drt.vn/live/285a27750861b964c27af22091662a74f2f/chunklist.m3u8
Dali TV (大立電視台) (720p),http://www.dalitv.com.tw:4568/live/dali/index.m3u8
Dallas Cowboys Cheerleaders,https://jmp2.uk/plu-64e87c6b28cec700088ceb55.m3u8
Dallas Cowboys Cheerleaders,https://jmp2.uk/plu-64e77016324d190008291c13.m3u8
Dallas Cowboys Cheerleaders,https://jmp2.uk/plu-64e7715c4c5ed800081230e4.m3u8
Damascus Radio (720p),https://radiodamascus.ortas.live/RDimshq/RDimshqLive/playlist.m3u8
Dance FM (720p),https://5eaccbab48461.streamlock.net:1936/dancefm_1/dancefm_1/playlist.m3u8
Dance Moms (1080p),https://aegis-cloudfront-1.tubi.video/a9cb26a5-5662-400d-87b2-bd77b3e98295/playlist.m3u8
Dance Moms (1080p) [Geo-blocked],https://pb-z02izgi68rhao.akamaized.net/Dance_Moms.m3u8
Dance Moms (720p),https://jmp2.uk/plu-6540fec1770cf1000866b65b.m3u8
Dance Moms (720p),https://jmp2.uk/plu-65787eefcbd0d60008f85b3f.m3u8
Dance Moms (720p),https://jmp2.uk/plu-657882efb3801200084caa77.m3u8
Dance Moms (720p),https://jmp2.uk/plu-65788670b9adc40008025500.m3u8
Dance Television (1080p),https://m1b2.worldcast.tv/dancetelevisionone/2/dancetelevisionone.m3u8
Dance TV [Geo-blocked],https://op-group1-swiftservehd-1.dens.tv/h/h250/index.m3u8
DanceHits80,http://dancehits80.denvs.ru:8080/index.m3u8
DanceTV Algorhythm (1080p),https://m2b2.worldcast.tv:7443/dancetelevisionfour/dancetelevisionfour.m3u8
DanceTV Deep House District (1080p),https://m1b2.worldcast.tv/dancetelevisiontwo/dancetelevisiontwo.m3u8
DanceTV EDM Mainstage (1080p),https://mbit1.worldcast.tv/dancetelevisionseven/multibit.m3u8
DanceTV House Floor (1080p),https://m2b2.worldcast.tv:7443/dancetelevisionfive/dancetelevisionfive.m3u8
DanceTV Minimal Tech (1080p),https://mbit1.worldcast.tv/dancetelevisionsix/multibit.m3u8
DanceTV Techno Warehouse (1080p),https://m2b2.worldcast.tv:7443/dancetelevisionthree/dancetelevisionthree.m3u8
Dangal 2 (720p),http://103.213.31.109:90/Dangal2/playlist.m3u8
Dangal TV (720p),http://103.213.31.109:90/Dangal/playlist.m3u8
Danger Vision (1080p),https://streams2.sofast.tv/v1/master/611d79b11b77e2f571934fd80ca1413453772ac7/453971f3-855a-455e-9353-ebbb069583a4/manifest.m3u8
DangerTV (720p),https://dk0n7jh428tzj.cloudfront.net/v1/dangertv/samsungheadend_us/latest/main/hls/playlist.m3u8
Dao Lane Xang (720p) [Not 24/7],https://livefta.malimarcdn.com/ftaedge00/khaomwungmai.sdp/playlist.m3u8
Daria,https://jmp2.uk/plu-6683b680efa2a10008e8a393.m3u8
Daria,https://jmp2.uk/plu-62d0895ebe7a970008785244.m3u8
Dark Matter TV (720p),https://tricoast-tv-dark-matter-01-us.ono.wurl.tv/playlist.m3u8
Daru TV (720p),https://5cd03f21c7193.streamlock.net/darutv/darutvlive/playlist.m3u8
Das Erste HD (1080p),https://daserste-live.ard-mcdn.de/daserste/live/hls/int/master.m3u8
DASDING 90.8 (720p),https://swrdasdingvr-hls.akamaized.net/hls/live/2018681/dasdingvr/master.m3u8
Dasturxon TV (576p),https://stream8.cinerama.uz/1206/tracks-v1a1/playlist.m3u8
Dateline 24/7 (1080p),https://d1si3n1st4nkgb.cloudfront.net/10502/88896029/hls/master.m3u8?ads.xumo_channelId=88896029
Dating Disasters,https://jmp2.uk/plu-651f239d9c7aeb0008286823.m3u8
Dating hinter Gittern,https://jmp2.uk/plu-691b2b690d121b44ad4a53ef.m3u8
Dating Naked UK,https://jmp2.uk/plu-692edc78d52ea9e4858cf78f.m3u8
Dating Naked UK,https://jmp2.uk/plu-692edcff77f0147d69f19498.m3u8
Dating Naked UK,https://jmp2.uk/plu-692edd6bdb8695f63e14f3b9.m3u8
Datis TV,https://dathls.wns.live/hls/stream.m3u8
Davika TV (480p),https://5bf7b725107e5.streamlock.net/davika/davika/playlist.m3u8
Dawson,https://jmp2.uk/plu-69aadc5551df9542f2521e1a.m3u8
Daystar Español (720p),https://live-mcl.cdn01.net/smarttv/64wj6m6d8/playlist.m3u8
Daystar TV (1080p),https://live-mcl.cdn01.net/smarttv/48vy43564/playlist.m3u8
DAZN 5,http://znty.dyndns.org:5010/hls/eleven5.m3u8
DAZN Combat (684p),https://jmp2.uk/plu-64d626ac9b414d000820e2fc.m3u8
DAZN Darts x Pluto TV,https://jmp2.uk/plu-64b67f0424ade50008a3be17.m3u8
DAZN Handball x Pluto TV,https://jmp2.uk/plu-6683f7fe36a2f9000804940c.m3u8
DAZN Heldinnen x Pluto TV,https://jmp2.uk/plu-64afe50c5dc16600087f3227.m3u8
Dazn Ringside (1080p),https://aegis-cloudfront-1.tubi.video/bfad29e2-5bee-44f3-8256-127324e8b106/playlist.m3u8
DAZN Ringside (684p),https://jmp2.uk/plu-65b14aae0cb1a100087a216e.m3u8
DAZN Ringside,https://jmp2.uk/plu-649b6898f2ec0000081a9460.m3u8
DAZN TV (720p),https://jmp2.uk/plu-647f07e74cfc2c0008a2e557.m3u8
DBC News (1080p),https://owrcovcrpy.gpcdn.net/bpk-tv/1728/output/index.m3u8
DBM TV (1080p),https://dbmtv.vedge.infomaniak.com/livecast/dbmtv/playlist.m3u8
DBS TV,https://stream.dbstvstlucia.com/hls/dbstv_main.m3u8
DC Council Channel (1080p),https://video.oct.dc.gov/out/u/15_12.m3u8
DC.gov Council Hearing Room 120 (Washington DC) (1080p),https://video.oct.dc.gov/out/u/97_12.m3u8
DC.gov DKN (Washington DC) (1080p),https://video.oct.dc.gov/out/u/DKN.m3u8
DCC: Making the Team,https://jmp2.uk/plu-5d40855b3fb0855028c99b6f.m3u8
DCH TV (1080p),https://v2.tustreaming.cl/dchtv/index.m3u8
DD Arun Prabha (360p),https://d2lk5u59tns74c.cloudfront.net/out/v1/308556d9fd1246adb479ef012a39bbfe/index.m3u8
DD Assam (504p),https://d2lk5u59tns74c.cloudfront.net/out/v1/d380bf5c167b4319a46cdd8204bc26b2/index.m3u8
DD Bangla (504p),https://d3qs3d2rkhfqrt.cloudfront.net/out/v1/7ff57cc9046b4c188b51a0d506f36e7f/index.m3u8
DD Bharati (720p),http://103.213.31.109:90/DDBharati/playlist.m3u8
DD Bihar (720p),https://cdn-4.pishow.tv/live/35/master.m3u8
DD Chandana (504p),https://d2lk5u59tns74c.cloudfront.net/out/v1/0c980455d2fb4b69bcc6235745ee6039/index.m3u8
DD Chhattisgarh (720p),https://cdn-1.pishow.tv/live/15/master.m3u8
DD Girnar (504p),https://d2lk5u59tns74c.cloudfront.net/out/v1/558fdb9aebb54bb5bbbf0ced03686148/index.m3u8
DD Goa (504p),https://d3qs3d2rkhfqrt.cloudfront.net/out/v1/e5b9db1cc184406bb97159da2f120f91/index.m3u8
DD Haryana (504p),https://d2lk5u59tns74c.cloudfront.net/out/v1/950fc69666474351bde0a32b9600c804/index.m3u8
DD Himachal Pradesh (504p),https://d3qs3d2rkhfqrt.cloudfront.net/out/v1/afd2e335b0ba40eb9bdf1096118c6ede/index.m3u8
DD India (1080p),https://d3qs3d2rkhfqrt.cloudfront.net/out/v1/ceda14583477426aa162a65392d8ea07/index.m3u8
DD Jharkhand (504p),https://d3qs3d2rkhfqrt.cloudfront.net/out/v1/e8c3741f8c154d3185831f4e31777fb2/index.m3u8
DD Kashir (504p),https://d3qs3d2rkhfqrt.cloudfront.net/out/v1/8a59a828e80c49d0958925950cec0204/index.m3u8
DD Kisan (720p),https://cdn-6.pishow.tv/live/9/master.m3u8
DD Madhya Pradesh (720p),https://cdn-1.pishow.tv/live/31/master.m3u8
DD Malayalam (504p),https://d2lk5u59tns74c.cloudfront.net/out/v1/c313674ffced4c9a90f1bba436df2b9b/index.m3u8
DD Manipur (504p),https://d2lk5u59tns74c.cloudfront.net/out/v1/8b75afc6576f450e8f554b6c877681d2/index.m3u8
DD Meghalaya (504p),https://d3qs3d2rkhfqrt.cloudfront.net/out/v1/4f81bc8d13dd49b484da35988abb8729/index.m3u8
DD Mizoram (504p),https://d2lk5u59tns74c.cloudfront.net/out/v1/eea48c6b61074052a2fa8532ff795ff1/index.m3u8
DD Nagaland (504p),https://d2lk5u59tns74c.cloudfront.net/out/v1/29c92e0bef954a6d9b0908d1be29c1f0/index.m3u8
DD National HD (1080p),https://d3qs3d2rkhfqrt.cloudfront.net/out/v1/40492a64c1db4a1385ba1a397d357d3a/index.m3u8
DD National SD (576p),https://cdn-1.pishow.tv/live/11/master.m3u8
DD News,https://cdn-2.pishow.tv/live/12/master.m3u8
DD News HD (1080p),https://d3qs3d2rkhfqrt.cloudfront.net/out/v1/0811cd8c37ca4c409d5385a6cd2fa18b/index.m3u8
DD Odia (504p),https://d3qs3d2rkhfqrt.cloudfront.net/out/v1/ef4ea632b77a480ebd77106968aa99a9/index.m3u8
DD Punjabi (504p),https://d3qs3d2rkhfqrt.cloudfront.net/out/v1/da821c24a59d4e57960497aeaca8fb33/index.m3u8
DD Rajasthan (720p),https://cdn-1.pishow.tv/live/34/master.m3u8
DD Sahyadri (504p),https://d3qs3d2rkhfqrt.cloudfront.net/out/v1/66dcc3ebe182447ba42837e746cf0c7c/index.m3u8
DD Saptagiri (504p),https://d2lk5u59tns74c.cloudfront.net/out/v1/26e915d6d12b4a06822c5e33c088ed56/index.m3u8
DD Sports SD (1080p),https://d3qs3d2rkhfqrt.cloudfront.net/out/v1/b17adfe543354fdd8d189b110617cddd/index.m3u8
DD Tamil (1080p),https://d2lk5u59tns74c.cloudfront.net/out/v1/abf46b14847e45499f4a47f3a9afe93d/index.m3u8
DD Tripura (504p),https://d3qs3d2rkhfqrt.cloudfront.net/out/v1/52b998e9510d41c29ad2ceca8ea3d849/index.m3u8
DD Urdu (720p),https://cdn-4.pishow.tv/live/8/master.m3u8
DD Uttar Pradesh (720p),https://cdn-1.pishow.tv/live/36/master.m3u8
DD Uttarakhand (720p),https://cdn-1.pishow.tv/live/17/master.m3u8
DD Yadagiri (576p),https://cdn-1.pishow.tv/live/21/master.m3u8
De Pelicula Latin America (1080p),http://38.19.41.46:8081/DEPELICULA/index.m3u8
De Pelicula US (720p),http://138.121.15.230:9002/DEPELICULA/index.m3u8
De Ultimo Minuto TV,https://soportedvb.click:3620/live/deultimominutomedialive.m3u8
De unge mødre,https://jmp2.uk/plu-69172a4fcf4a1101befdd894.m3u8
Deadly Women (1080p),https://d1mgh147xpmgs8.cloudfront.net/DeadlyWomen_GB.m3u8
Deal Masters (1080p),https://amg00841-amg00841c10-samsung-gb-3033.playouts.now.amagi.tv/playlist/amg00841-aeemeafast-dealmasterssamsung-samsunggb/playlist.m3u8
Deal Masters,https://jmp2.uk/plu-69c6a93486431735d974bc2a.m3u8
Deal or No Deal (1080p),https://amg00627-banijaygroup-dealornodeal-samsungau-si7xg.amagi.tv/playlist/amg00627-banijaygroup-dealornodeal-samsungau/playlist.m3u8
Deal Zone (720p),https://live-manifest.production-public.tubi.io/live/01ef20d5-307d-4c6a-9d16-a6f3df1addd3/playlist.m3u8
Deal Zone (720p) [Geo-blocked],https://pb-2x4r5igjtn1o7.akamaized.net/v1/aenetworks_dealzone_1/samsungheadend_us/latest/main/hls/playlist.m3u8
Death Note,https://jmp2.uk/plu-625464a945b6a200079257d1.m3u8
Death Note,https://jmp2.uk/plu-626c2ed933a2890007e91422.m3u8
Death Valley Days (1080p),https://d49k4i5y48mxv.cloudfront.net/SONO66.m3u8
Décima TV (Ancud) (720p),https://unlimited2-cl-isp.dps.live/decimatv/decimatv.smil/playlist.m3u8
Deejay TV (1080p),https://4c4b867c89244861ac216426883d1ad0.msvdn.net/live/S85984808/sMO0tz9Sr2Rk/playlist.m3u8
Deen TV (576p),https://cd198.anystream.uk:9092/iqapp/d33ntv/playlist.m3u8
DeepHouse District (1080p),https://eu-nl-012.worldcast.tv/dancetelevisiontwo/dancetelevisiontwo.m3u8
Deepto TV (1080p),https://owrcovcrpy.gpcdn.net/bpk-tv/1711/output/index.m3u8
DEFA TV (720p),https://wdrmediagroup-defatv-1-eu.rakuten.wurl.tv/playlist.m3u8
DeFiance Media (1080p),https://d35j504z0x2vu2.cloudfront.net/v1/master/0bc8e8376bd8417a1b6761138aa41c26c7309312/defiance-media/playlist.m3u8?ads.vf=vUI6YpdKlAm
Dega TV (720p) [Not 24/7],https://59d39900ebfb8.streamlock.net/saintlouisltv/saintlouisltv/playlist.m3u8
Degrassi (720p),https://d3537vnymvfque.cloudfront.net/playlist.m3u8
Dej TV,https://rdejhls.wns.live/hls/stream.m3u8
Del Mar TV (720p),https://d25ykpi2vxhoyc.cloudfront.net/delmar-cdn/dmtv/playlist.m3u8
Del Pueblo TV [Not 24/7],https://vdopanel.jlahozconsulting.com:3869/hybrid/play.m3u8
Del Rey TV (1080p),https://video.hostingcaaguazu.com:19360/delreytv/delreytv.m3u8
Delfi TV,https://s1.dcdn.lt/live/televizija/playlist.m3u8
Delicious Eats by Food Network (720p),https://jmp2.uk/plu-68bb16ba3efb41cd971f3ce6.m3u8
DellaTV (720p),https://live20.bozztv.com/giatvplayout7/giatv-211474/playlist.m3u8
Delta TV,https://st.deltaboliviainstitucion.org:3778/hybrid/play.m3u8
DELTA TV (720p),http://81.171.10.42:554/liveD/DStream.sdp/playlist.m3u8
Delta TV Canal 50 (720p) [Not 24/7],https://fox.hostlagarto.com:8081/deltatv50/tracks-v1a1/mono.m3u8
DeltaTV,https://tv2.bitstreaming.net:3539/live/deltanetlive.m3u8
Deluxe 139 (480p),https://59d7d6f47d7fc.streamlock.net/pierstyle/pierstyle/playlist.m3u8
Deluxe Dance (1080p),https://sdn-global-live-streaming-packager-cache.3qsdn.com/64733/64733_264_live.m3u8
Deluxe Lounge (720p),https://jmp2.uk/stvp-CHAJ0500413A
Deluxe Music (720p),https://sdn-global-live-streaming-packager-cache.3qsdn.com/13456/13456_264_live.m3u8
Deluxe Rap (1080p),https://sdn-global-live-streaming-packager-cache.3qsdn.com/65183/65183_264_live.m3u8
Demais TV (720p),https://cdn-tiva-stmv1-samcast-com-br.smartbit.co/demaistv6503/demaistv6503/playlist.m3u8
Demand Drama (1080p),https://amg01487-amg01487c3-amgplt0002.playout.now3.amagi.tv/playlist/amg01487-amg01487c3-amgplt0002/playlist.m3u8
Den gode gerning,https://jmp2.uk/plu-689a0ab0f4af1aaca24530ae.m3u8
Den gule sofa med Allan Sindberg,https://jmp2.uk/plu-66b22714d512590008c3d573.m3u8
Den Haag TV (1080p) [Not 24/7],http://wowza5.video-streams.nl:1935/denhaag/denhaag/playlist.m3u8
Den Pobedy (1080p),https://tchaikovsky.af-stream.com:991/s/xzztutfc/den-pobedy-hd/video.m3u8
Dena,https://ncdn.telewebion.ir/dena/live/playlist.m3u8
Deniz Postası TV (720p) [Not 24/7],https://live.artidijitalmedya.com/artidijital_denizpostasi/denizpostasi/playlist.m3u8
Dennis and Gnasher (1080p),https://d1upcw8nab85tc.cloudfront.net/dngn.m3u8
Dens Food Channel [Geo-blocked],https://op-group1-swiftservehd-1.dens.tv/h/h221/index.m3u8
Dens Learning & Knowledge [Geo-blocked],https://op-group1-swiftservehd-1.dens.tv/h/h236/index.m3u8
Dens Life & Style [Geo-blocked],https://op-group1-swiftservehd-1.dens.tv/h/h222/index.m3u8
Dens Play [Geo-blocked],https://op-group1-swiftservehd-1.dens.tv/h/h225/index.m3u8
Dens ShowBiz [Geo-blocked],https://op-group1-swiftservehd-1.dens.tv/h/h203/index.m3u8
Denver 8 TV (Denver CO) (720p),https://cdn3.wowza.com/5/bGZUOHp2TnhudnM2/denver/G0080_002/playlist.m3u8
Deportes TVC (1080p),http://162.19.255.233:8080/play/UNbAl57p9hXZClOu56FCTYXmD-MOS3u5IUkeXPpBt80/m3u8
DeporTV (1080p),https://edgectc.com/DEPORTES_CTC_PLUS/index.m3u8
Der Bergdoktor,https://jmp2.uk/plu-69b0167477cdde1f05c8a625.m3u8
Der Chef (720p),https://jmp2.uk/plu-67dc21ce5a15c0759a07ee19.m3u8
Der Denver-Clan,https://jmp2.uk/plu-62cebd7302478b00073a6b71.m3u8
Der TV,https://stream.berosat.live/hls/der-tv/der-tv.m3u8
DerryTV 17 (720p),https://livestream.telvue.com/derrynh1/f7b44cfafd5c52223d5498196c8a2e7b.sdp/playlist.m3u8
DerryTV 23 (720p),https://livestream.telvue.com/derrynh2/f7b44cfafd5c52223d5498196c8a2e7b.sdp/playlist.m3u8
Desafío Super Humanos,https://jmp2.uk/plu-6495af324c014a000842e923.m3u8
Desh TV (1080p),https://bozztv.com/rongo/rongo-DeshTV/index.m3u8
DesheBideshe TV,https://dbcanada.sonarbanglatv.com/deshebideshe/dbtv/index.m3u8
Deshi TV (720p),https://deshitv.deshitv24.net/live/myStream/playlist.m3u8
Desi Channel (720p),https://livestream.unlimitedcdn.com/agm-dc/desi-channel/index.m3u8
Designated Survivor (1080p) [Geo-blocked],https://amg00353-amg00353c40-xumo-us-4839.playouts.now.amagi.tv/playlist.m3u8
Despertar TV (720p),https://br.conectmy.com.br/DespertarTV/index.m3u8
Despierta TV (1080p) [Not 24/7],https://video2.lhdserver.es/despiertatv/live.m3u8
Det sene show med Christian Fuhlendorff,https://jmp2.uk/plu-660d6bc10cd4630008f4a25a.m3u8
Detective Conan,https://jmp2.uk/plu-629a066860ef810008267b70.m3u8
Detective Conan France (720p),https://jmp2.uk/plu-62f3e8ad2a8e8000077b013d.m3u8
Detetives Médicos,https://jmp2.uk/plu-638df93ae2f2a3000737c168.m3u8
Detroit Channel 10,https://reflect-detroit-vod.cablecast.tv/live-2/live/stream-6/live.m3u8
Detroit Channel 21,https://reflect-detroit-vod.cablecast.tv/live-9/live/stream-4/live.m3u8
Detroit Channel 22,https://reflect-detroit-vod.cablecast.tv/live-3/live/stream-3/live.m3u8
Detroit Channel 68,https://reflect-detroit-vod.cablecast.tv/live-10/live/stream-5/live.m3u8
Detski mir (1080p),http://de.russkoe-iptv.com:88/s/s-e3dc39e0/detskij-mir-hd.m3u8
DFB Play TV (720p),https://jmp2.uk/plu-66461eb33d173b000805ecd3.m3u8
DFB Play TV (720p),https://jmp2.uk/plu-66461f433d173b000805eeeb.m3u8
DFB Play TV (720p) [Geo-blocked],https://pb-95uwccjrn7kxl.akamaized.net/dfbtv.m3u8
DHA (720p) [Not 24/7],https://603c568fccdf5.streamlock.net/live/dhaweb1_C5efC/playlist.m3u8
Dhamaal (576p),https://cdn-1.pishow.tv/live/1291/master.m3u8
Dhamaka Movies B4U (576p),https://cdn-1.pishow.tv/live/235/master.m3u8
Dhamma TV (720p) [Not 24/7],https://b.webcache.maxindo.net.id/dhamma/dhamma.m3u8
Dhar Mann TV (1080p),https://d3p03mkvhnk6ll.cloudfront.net/playlist.m3u8
Dharm Sandesh,https://cdn-2.pishow.tv/live/1455/master.m3u8
Dharsan TV (720p),https://cable91tataplay.akamaized.net/live/dharshantv/index.m3u8
Dhaulagiri Television,http://maxotts.maxdigitaltv.com/x-media/C117/master.m3u8
DHE (1080p),http://190.11.225.124:5000/live/dhe_hd/playlist.m3u8
Dheeran TV (576p),https://live.we2live.in/dheerantv/dheerantv/playlist.m3u8
Dhoho TV (720p),https://dhohotv.siar.us/dhohotv/live/playlist.m3u8
Dhoom Music (720p),https://cdn-1.pishow.tv/live/1456/master.m3u8
Di TV (1080p),https://cdn0-03837-liveedge0.dna.ip-only.net/03837-liveedge0/smil:03837-tx4/playlist.m3u8
DI.TV 80 (720p),https://5f22d76e220e1.streamlock.net/ditv80/ditv80/playlist.m3u8
Diadora TV,https://diadoratv.stream/live/diadora/playlist.m3u8
Diagnosis Murder,https://jmp2.uk/plu-668bf7dd74f5ec000817e6d1.m3u8
Diagnosis Murder,https://jmp2.uk/plu-668bf91208d5490008065ffd.m3u8
Diagnosis Murder,https://jmp2.uk/plu-668bf9be0642e5000815102d.m3u8
Diagnosis Murder,https://jmp2.uk/plu-65fd548f29adfd00089c662c.m3u8
Dialogo La Red Educativa (720p),https://twitch-m3u8.bastypro112.workers.dev/dialogolarededucativacbba/index.m3u8
Diane femme flic,https://jmp2.uk/plu-6671b26836a2f90008d9333c.m3u8
Diaspora 24 [Geo-blocked],https://vdo3.pro-fhi.net:3218/stream/play.m3u8
Diaspora TV,https://s1.tvdatta.com:3978/live/diasporatvlive.m3u8
Diavata TV (480p),https://183.bozztv.com/giatv/giatv-diavatatvonline/diavatatvonline/playlist.m3u8
Didgah TV (576p),https://media.streambrothers.com:1936/8276/8276/playlist.m3u8
Die fliegenden Ärzte,https://jmp2.uk/plu-688734b9035d6ef9c34aac16.m3u8
Die glorreichen Sieben,https://jmp2.uk/plu-69c2ac2b14c0213702da7a29.m3u8
Die Nanny,https://jmp2.uk/plu-66c6fc06489bab0008b6f9da.m3u8
Die Neue Zeit (576p),https://bild-und-ton.stream/die-neue-zeit-tv-live/smil:dnz-de.smil/playlist.m3u8
Die Sieben-Millionen-Dollar-Frau (684p),https://jmp2.uk/plu-677fb078a4af36ad50111032.m3u8
Diema,http://213.91.179.28:8000/play/a045
Diema Family,http://213.91.179.28:8000/play/a047
Dien Bien TV (1080p),https://stream.langsontv.vn/live/2855dfeccb7f49a41a2b0441b3bfeda413c/playlist.m3u8
Diez TV Las Villas (1080p),https://streaming.cloud.innovasur.es/mmj2/index.m3u8
Diez TV Úbeda (1080p),https://streaming.cloud.innovasur.es/mmj/index.m3u8
Diferencia Radio TV,https://s1.radiumcast.top/memfs/674b2d4f-7d6e-49be-9c6c-3094868259d9.m3u8
Diff’rent Strokes Arnold,https://jmp2.uk/plu-61f1d27a189ed10007b7393e.m3u8
Digi 24 (720p),https://edge-ar.rcs-rds.ro/digi24ar/index.m3u8
Digi Shala (576p),http://103.72.101.252:8080/live/1227.m3u8
Digimon Adventure,https://jmp2.uk/plu-617bae1d69bca3000729561e.m3u8
Digital 15 (1080p),https://live4.telemicro.com.do/live/digital15cast_1080p/playlist.m3u8
Digital Congo TV,http://51.254.199.122:8080/DigitalCongoTV/index.m3u8
Digital Vision 63 (720p) [Geo-blocked],https://ss2.tvrdomi.com:1936/digitalvision/digitalvision/playlist.m3u8
Dijlah TV (1080p),https://ghaasiflu.online/Dijlah/index.m3u8
Dikaya okhota HD (1080p),http://stream.mcquack.net/274/index.m3u8
Dikaya rybalka HD (1080p),http://stream.mcquack.net/275/index.m3u8
Dikh TV,http://88.212.15.19/live/dikh/index.m3u8
Dikij (576p),http://hls127.freeott.top:8080/Dikiy/video.m3u8
DIM,https://dash2.antik.sk/live/telekanal_dim/playlist.m3u8
Dinner Date,https://jmp2.uk/plu-69d51f98fcb9bf5e303ca0c1.m3u8
Dinos 24/7 (1080p),https://d3jxyaglfha0h3.cloudfront.net/Dinos_247.m3u8
Dinos 24/7,https://jmp2.uk/plu-673bf05ddaad7f0008ac7a5c.m3u8
Dion TV (1080p),https://rtmp.win:3650/live/diontvlive.m3u8
Dios Te Ve (720p),https://s.emisoras.tv:8081/diostevetv/index.m3u8
Dios Te Ve Kids (720p),https://s.emisoras.tv:8081/diostevekids/index.m3u8
Dios Tv Talanga (1080p),https://tv.webmedialive.com/unciontv/live/playlist.m3u8
Directo das Reuniões da Assembleia de Macau (720p),https://live3.tdm.com.mo/tv/ch22.live/playlist.m3u8
Discover Pakistan (1080p),https://livecdn.live247stream.com/discoverpakistan/web/playlist.m3u8
DiscoverFilm (720p),https://discoverfilm-discoverfilm-1-gb.samsung.wurl.tv/playlist.m3u8
Discovering China (1080p),https://amg01314-amg01314c8-distrotv-us-10218.playouts.now.amagi.tv/playlist/amg01314-cgtn-cgtndiscoveringchina-distrotvus/playlist.m3u8
Discovery Turbo (720p),https://gpuserver3.tier1streams.com/MOTORTREND/index.m3u8
Discovery Turbo TV,https://jmp2.uk/plu-6400f731d200410008f9b339.m3u8
Dish Buzz (720p),http://217.20.112.199:8080/animalplanet/index.m3u8
Dismar Radio TV (720p),https://rds3.desdeparaguay.net/dismartv/dismartv/playlist.m3u8
Disney Channel,http://213.91.179.28:8000/play/a059
Disney Channel,http://88.212.15.19/live/test_disney/playlist.m3u8
Disney Channel,http://88.212.15.19/live/disney_channel_hun/index.m3u8
Disney Channel (576p),http://bethoven.af-stream.com:1600/s/kwtlxswl/yes-disney-il-hd/video.m3u8
Disney Channel,http://86.87.15.10:8004/play/a02g/index.m3u8
Disney Channel (1080p),http://151.80.18.177:86/Disney_Channel_HD/index.m3u8
Disney Channel (720p),http://190.14.10.19:16000/play/a06z/index.m3u8
Disney Channel EMEA (576p),http://185.102.171.218/DisneyChannel/index.m3u8
Disney Channel Latin America (1080p),http://45.171.108.253:8888/DISNEY_CHANNEL/index.m3u8
Disney Channel Latin America Center (1080p),http://181.78.8.199:8000/play/a0dn/index.m3u8
Disney Channel Latin America Mexico (720p),http://45.166.93.156:9999/play/a0f3/index.m3u8
Disney Channel Latin America North (576p),http://138.121.15.230:9002/DISNEY-CHANNEL/index.m3u8
Disney Channel Latin America Panregional HD (1080p),http://45.134.141.161:2200/ARG/Disney_Channel/index.m3u8
Disney International HD (1080p),http://149.71.34.166:8002/play/a01p/index.m3u8
Disney Jr. (1080p),http://151.80.18.177:86/Disney_Junior_HD/index.m3u8
Disney Jr. (1080p) [Geo-blocked],https://saran-live.ercdn.net/disneyjunior/index.m3u8
Disney Jr. Latin America (1080p),http://177.234.249.178:8888/DISNEY-JR/index.m3u8
Disney Jr. Latin America (576p),http://190.93.224.42/DISNEY-JR/index.m3u8
Disney Jr. Latin America North HD (1080p),http://181.78.14.26:4000/play/a073/index.m3u8
Disney Jr. Latin America South (1080p),http://45.185.163.75:8000/play/a016/index.m3u8
Disney Jr. Latin America South HD (1080p),http://45.134.141.161:2200/ARG/Disney_Junior/index.m3u8
Disney Junior (576p),https://bbb.exoadash.com/TVD1561/index.mpd
Disney Junior (576p),http://185.102.171.218/DisneyJunior/index.m3u8
Disney Junior (576p),http://149.71.34.166:8000/play/a00l/index.m3u8
Disney Junior (720p),http://23.237.104.106:8080/USA_DISNEY_JUNIOR/index.m3u8
Disney XD (720p),http://40.160.24.52/DISNEY_XD_HD/index.m3u8
Disney XD West (480p),http://tvsen5.aynascope.net/disneyxd/index.m3u8
District of Columbia Network (DCN) (1080p),https://video.oct.dc.gov/out/u/DCN.m3u8
Distrito Comedia (1080p),http://177.234.249.135:8888/DistritoComedia/index.m3u8
Distrito TV (1080p),https://nlb2-live.emitstream.com/hls/3mn7wpcv7hbmxmdzaxap/master.m3u8
Dit is Helmond (480p),http://ms2.mx-cd.net/tv/Omroep_Helmond.smil/chunklist.m3u8
Ditzel & Turbomodul,https://jmp2.uk/plu-678f8676ad083171df19ca07.m3u8
Diva Adria,https://lb.dstvmultimedia.com/Diva/index.m3u8
Divin Amour TV (720p),https://voozmedia.fun/divinamourtv/livestream/playlist.m3u8
DiviSport (1080p),http://stream.mcquack.net/457/index.m3u8
Divorce Court (720p),https://d2ydcdd81wyosr.cloudfront.net/playlist.m3u8
Divya Darshan TV (720p),http://live.divyadarshantv.com/hls/stream.m3u8
Divya Darshan TV HD (1080p),https://live.divyadarshantv.com/hls/0/stream.m3u8
Divyavani TV (576p),https://mumbai-edge.smartplaytv.in/Divyavani/index.m3u8
DIY Art (1080p),https://streams2.sofast.tv/v1/master/611d79b11b77e2f571934fd80ca1413453772ac7/2cafac16-f982-4563-9951-ccd6ab0c2c6b/manifest.m3u8
Diyanet TV (1080p),https://eustr73.mediatriple.net/videoonlylive/mtikoimxnztxlive/broadcast_5e3bf95a47e07.smil/playlist.m3u8
Diyar TV (720p),https://live.artidijitalmedya.com/artidijital_diyartv/diyartv/playlist.m3u8
DLTV 1 (1080p),https://cdn-live.dltv.ac.th/dltv01.m3u8
DLTV 2 (1080p),https://cdn-live.dltv.ac.th/dltv02.m3u8
DLTV 3 (1080p),https://cdn-live.dltv.ac.th/dltv03.m3u8
DLTV 4 (1080p),https://cdn-live.dltv.ac.th/dltv04.m3u8
DLTV 5 (1080p),https://cdn-live.dltv.ac.th/dltv05.m3u8
DLTV 6 (1080p),https://cdn-live.dltv.ac.th/dltv06.m3u8
DLTV 7 (1080p),https://cdn-live.dltv.ac.th/dltv07.m3u8
DLTV 8 (1080p),https://cdn-live.dltv.ac.th/dltv08.m3u8
DLTV 9 (1080p),https://cdn-live.dltv.ac.th/dltv09.m3u8
DLTV 10 (1080p),https://cdn-live.dltv.ac.th/dltv10.m3u8
DLTV 11 (1080p),https://cdn-live.dltv.ac.th/dltv11.m3u8
DLTV 12 (1080p),https://cdn-live.dltv.ac.th/dltv12.m3u8
DLTV 13 (1080p),https://cdn-live.dltv.ac.th/dltv13.m3u8
DLTV 14 (1080p),https://cdn-live.dltv.ac.th/dltv14.m3u8
DLTV 15 (1080p),https://cdn-live.dltv.ac.th/dltv15.m3u8
DM Sat (576p),https://shift03.isp.bg/DMSat/index.m3u8
DM TV Malang,https://e.siar.us/live/dmtv.m3u8
DMF (1080p) [Not 24/7],https://d-m-f.iptv-playoutcenter.de/dmf/dmf1/playlist.m3u8
DMI TV (576i),https://tvstreamcast.com/tawaftv.m3u8
Dmoda Channel (1080p),https://master.tucableip.com/dmoda/index.m3u8
DNews (720p),http://38.19.16.151:8000/play/a0a3
DniproTV (1080p),http://vcdn1.produck.company:1935/out/dtv/playlist.m3u8
DNJ TV (720p),https://cloud2.streaminglivehd.com:1936/dnjv2/dnjv2/playlist.m3u8
DNTV,https://tv.num221tech.com:5443/LiveApp/streams/dntv.m3u8
Doble C Television (720p),https://live20.bozztv.com/giatv/giatv-doblec1/doblec1/playlist.m3u8
Doc Martin,https://jmp2.uk/plu-62724ae034f5190007b63424.m3u8
Doc Martin,https://jmp2.uk/plu-62b1e5e77d15410007f798c6.m3u8
Doc Martin,https://jmp2.uk/plu-62e922f6675f71000736db3b.m3u8
Docevision (720p),https://live20.bozztv.com/giatvplayout7/giatv-208729/playlist.m3u8
Docu Vision (1080p),https://streams2.sofast.tv/sofastplayout/7e8d2a51-985d-4e76-bf7e-91edf0aa6e5f_0_HLS/master.m3u8
Docu. (1080p),http://45.162.193.35/DOCU/index.m3u8
DocuBay TV (1080p),https://cc-mgr91yrk4pehy.akamaized.net/v1/master/3722c60a815c199d9c0ef36c5b73da68a62b09d1/cc-mgr91yrk4pehy/playlist.m3u8
DocuBox,https://dash3.antik.sk/live/test_docubox_medium_atk/playlist.m3u8
Documentary+ (1080p),https://ef79b15c8c7c46c7a9de9d33001dbd07.mediatailor.us-west-2.amazonaws.com/v1/master/ba62fe743df0fe93366eba3a257d792884136c7f/LINEAR-859-DOCUMENTARYPLUS-DOCUMENTARYPLUS/mt/documentaryplus/859/hls/master/playlist.m3u8
Documentary+ International (1080p),https://1d153317c8db4250b3789601274e2402.mediatailor.us-west-2.amazonaws.com/v1/master/ba62fe743df0fe93366eba3a257d792884136c7f/LINEAR-887-DOCUMENTARYINTERNATIONAL-DOCUMENTARYPLUS/mt/documentaryplus/887/hls/master/playlist.m3u8
Docurama (1080p),https://docurama-plex-ingest.cinedigm.com/playlist.m3u8
Dodoma TV (360p) [Not 24/7],https://goliveafrica.media:9998/live/625965017ed69/index.m3u8
Dog el cazarrecompensas,https://jmp2.uk/plu-5f9992c685a2a80007fa414a.m3u8
Dog the Bounty Hunter (1080p),https://aegis-cloudfront-1.tubi.video/ff0ad399-75ed-42ba-8c60-75bb6cb8c929/playlist.m3u8
Dog The Bounty Hunter [Geo-blocked] (1080p),https://amg00276-amg00276c11-rakuten-uk-3446.playouts.now.amagi.tv/playlist/amg00276-aetelevisionnetworksfast-dogthebountyhunterall-rakutenuk/playlist.m3u8
Dog TV (720p),http://46.151.196.223:14382
Dog Whisperer (1080p) [Geo-blocked],https://pb-ffpxvjshv4rxx.akamaized.net/Dog_Whisperer_with_Cesar_Millan.m3u8
Dog Whisperer with Cesar Millan (1080p) [Geo-blocked],https://amg01201-amg01201c30-cineverse-us-3100.playouts.now.amagi.tv/playlist/amg01201-cinedigmentertainment-dogwhispererwithcesarmilan-cineverseus/playlist.m3u8
Dog Whisperer with Cesar Millan (1080p) [Geo-blocked],https://amg01201-cinedigm-amg01201c30-xumo-us-2277.playouts.now.amagi.tv/cinedigm-dogwhisperer-hls/playlist.m3u8
Dog Whisperer with Cesar Millan (720p),https://jmp2.uk/plu-664fd48894d5580008e45e7c.m3u8
Dokusat (1080p),https://muc3.iptv-playoutcenter.de/dokusat/dokusat1/playlist.m3u8
Dollars,https://jmp2.uk/plu-68f0fa98fae18f8db62a920a.m3u8
Dom kino (1080p),https://tchaikovsky.af-stream.com:991/s/xzztutfc/dom-kino-hd/video.m3u8
Dom kino Premium HD (1080p),http://stream.mcquack.net/108/index.m3u8
Domashniy (576p),http://94.230.129.31:8080/Domashnii/index.m3u8
Dominance FC TV,https://jmp2.uk/plu-685aaec481c345899e4458bb.m3u8
Dominance FC TV,https://jmp2.uk/plu-67a23b4e15d6eb000827a20d.m3u8
Dominance FC TV,https://jmp2.uk/plu-69f9c50202b6c1c00a213519.m3u8
Dominance FC TV,https://jmp2.uk/plu-67a23b899a300a00086f3371.m3u8
Dominance FC TV,https://jmp2.uk/plu-67a23bb777796f00080edaec.m3u8
Dominance FC TV,https://jmp2.uk/plu-685aa802fb6023de7cc56357.m3u8
Don Matteo (720p),https://jmp2.uk/plu-686d004094a028da3aac8cb0.m3u8
Don't Tell The Bride (1080p),https://amg00426-lds-amg00426c15-samsung-au-3684.playouts.now.amagi.tv/playlist.m3u8
Đồng Nai 1 (480p) [Not 24/7],http://118.107.85.4:1935/live/smil:DNTV1.smil/chunklist.m3u8
Dong Nai TV 2 (720p),https://vtvgolive-ott3.vtvdigital.vn/live/dongnai2tv/chunklist_2.m3u8
Đồng Tháp TV1 (720p),https://liveh34.vtvprime.vn/hls/DONGTHAPTV/index.m3u8
Đồng Tháp TV2 (540p),https://618b88f69e53b.streamlock.net/THDT2/thdttv2/chunklist.m3u8
Donna TV (480p),https://streaming.softwarecreation.it/DonnaTv/DonnaTv/playlist.m3u8
Donut (1080p),https://d274b7i6eihzn5.cloudfront.net/do.m3u8
Dopa Channel,http://dopachannel.truegse.com/live/dopatv03.m3u8
Dora TV,https://jmp2.uk/plu-62e951258a26d40007b3034c.m3u8
Doraemon,https://jmp2.uk/plu-68b17414c23bb80b3c1d5bb5.m3u8
Dorama,https://stream8.cinerama.uz/1273/tracks-v1a1/mono.m3u8
Dorama HD (1080p),http://stream.mcquack.net/412/index.m3u8
Dossiers FBI,https://jmp2.uk/plu-5f8edad922b10b000753bc37.m3u8
Dost TV (576p),https://dost.stream.emsal.im/tv/live.m3u8
Dotto TV (1080p),https://live.dottotv.ro/index.m3u8
Dounia TV,https://live20.bozztv.com/dvrfl06/astv/astv-douniatv/index.m3u8
douyu8,http://epg.112114.xyz/douyu/4332
douyu9,http://epg.112114.xyz/douyu/6140589
douyu15,http://epg.112114.xyz/douyu/8770422
douyu19,http://epg.112114.xyz/douyu/747764
douyu20,http://epg.112114.xyz/douyu/52787
douyu24,http://epg.112114.xyz/douyu/36337
douyu25,http://epg.112114.xyz/douyu/8814650
douyu28,http://epg.112114.xyz/douyu/263824
douyu44,http://epg.112114.xyz/douyu/323876
Dove Channel (1080p),https://linear-896.frequency.stream/dist/cineverse/896/hls/master/playlist.m3u8
Doyel TV,https://3d46w.doyeltv.com/memfs/aa3aa6f7-ec12-41a2-8183-a891e157bbf8.m3u8
DR1 (1080p) [Geo-blocked],https://drlivedr1hls.akamaized.net/hls/live/2113625/drlivedr1/master.m3u8
DR2 (1080p) [Geo-blocked],https://drlivedr2hls.akamaized.net/hls/live/2113623/drlivedr2/master.m3u8
Dr G Medical Examiner,https://d39g1vxj2ef6in.cloudfront.net/v1/master/3fec3e5cac39a52b2132f9c66c83dae043dc17d4/prod-rakuten-stitched/master.m3u8?ads.xumo_channelId=88883008
Dr Pal TV (720p),https://stream.cisk.tech/drpal/index.m3u8
Dr Phil's MeritTV (1080p),https://d9069ugodwkju.cloudfront.net/Merit_Street.m3u8
DR Ramasjang (720p) [Geo-blocked],https://drlive03hls.akamaized.net/hls/live/2014190/drlive03/master.m3u8
Dr. G,https://jmp2.uk/plu-697c9bc2a7ce9d5a3d83504a.m3u8
Dr. G Medical Examiner (1080p),https://d3gjnizphdm6xi.cloudfront.net/Dr_G_Medical_Examiner_SONO15.m3u8
Dr. Gene Scott (1080p),https://wescottcc.piksel.tech/hls/live/2041478/adp/playlist.m3u8
Dr. Quinn Medicine Woman,https://jmp2.uk/plu-68f0f71bb45f4453e05c0863.m3u8
Dr. Quinn Medicine Woman,https://jmp2.uk/plu-68f0f7571d26140175255e43.m3u8
Dr. Quinn Medicine Woman,https://jmp2.uk/plu-68f0f7dea362b63a8df50bd4.m3u8
DraftKings Network (1080p),https://na.linear.zype.com/e0bd0e23-a958-4e43-8164-4f2fef8876a8/fd3614bd-90bf-4530-a277-65ae3a1720c8-zype/live.m3u8
Dragon Ball,https://jmp2.uk/plu-685a996c7c4f2ad40cb4f276.m3u8
Dragon Ball Z,https://jmp2.uk/plu-68e8fd7c3ede4398bc69af93.m3u8
Dragon TV International (480p) [Geo-blocked],https://op-group1-swiftservesd-1.dens.tv/s/s29/index.m3u8
Drake & Josh,https://jmp2.uk/plu-65a67c494a10d800085cab06.m3u8
Dream Türk (720p),https://live.duhnet.tv/S2/HLS_LIVE/dreamturknp/playlist.m3u8
Dream TV (480p),https://streamfi-dreamtv1.zettawiseroutes.com:8181/hls/stream.m3u8
DreamTV (1080p),https://xykt-fix.github.io/play/a02j/index.m3u8
DreamWorks Channel Asia (1080p),https://cdn12.178.indevs.in/163189/dreamworks
DreamWorks Channel Latin America (1080p),http://138.121.15.230:9002/DREAMWORKS/index.m3u8
DreikoTv (720p) [Not 24/7],https://cloudvideo.servers10.com:8081/8138/index.m3u8
Dresden Fernsehen (1080p) [Not 24/7],https://dresden.iptv-playoutcenter.de/dresden/dresdenfernsehen.stream_1/playlist.m3u8
Drita TV (1080p),https://dritatv.protokolldns.xyz/dritaweb5587989/index.m3u8
Drive (1080p),http://de.russkoe-iptv.com:88/s/s-e3dc39e0/drive-hd.m3u8
Drive + Speed (1080p),https://streams2.sofast.tv/umaxx/v1/0196fce247271eb4611d16bd20c1ac/0196fce2a9361ea5064918d106ecf8/playlist.m3u8
Drive In Movie Channel (1080p),https://streams2.sofast.tv/v1/master/611d79b11b77e2f571934fd80ca1413453772ac7/e5056383-20ac-488f-b299-6577f66881ff/manifest.m3u8
Drive TV (1080p),https://amg01796-amg01796c2-rakuten-uk-3887.playouts.now.amagi.tv/playlist.m3u8
DroneTV (1080p),https://d35j504z0x2vu2.cloudfront.net/v1/master/0bc8e8376bd8417a1b6761138aa41c26c7309312/dronetv/playlist.m3u8?ads.vf=CdxJHukE0Om
Drool (1080p),https://d119f55zk8yovc.cloudfront.net/Drool.m3u8
DRTV (1080p),https://drlivedrtvahls.akamaized.net/hls/live/2113613/drlivedrtva/master.m3u8
DRTV International,https://vps122407.serveur-vps.net/hls/drtv.m3u8
Dry Bar Comedy (720p),https://drybar-drybarcomedy-1-au.samsung.wurl.tv/playlist.m3u8
DSports (720p),http://8.243.126.131:8000/play/a05a/index.m3u8
DSports Uruguay,https://cors-proxy.cooks.fyi/http://147.135.114.221:8001/play/a00m/index.m3u8
DSTV (614p) [Not 24/7],http://46.249.95.140:8081/hls/data.m3u8
DSTV (720p),http://79.120.178.90:1935/dstv/dstvlive/playlist.m3u8
DTR Music 1 (720p),https://kino-stream.online/hls/DTRMUSIC1.m3u8
DTR Zona 1 (720p),https://kino-stream.online/hls/DTRZONA1.m3u8
DTR Zona 2 (720p),https://kino-stream.online/hls/DTRZONA2.m3u8
DTV (720p) [Not 24/7],http://cloudfront44.lexanetwork.com:1732/hlsrelay003/hls/livestream.sdp.m3u8
DTV (720p),https://live-evg7.tv360.bitel.com.pe/bitel/sabormixtvSRT/playlist.m3u8
DTV Den Bosch (1080p),https://rrr.sz.xlcdn.com/?account=dtvmaasland&file=dtv2&output=playlist.m3u8&protocol=https&service=wowza&type=live
DTV Maashorst (1080p),https://rrr.sz.xlcdn.com/?account=dtvmaasland&file=dtv3&output=playlist.m3u8&protocol=https&service=wowza&type=live
DTV Oss & Bernheze (1080p),https://rrr.sz.xlcdn.com/?account=dtvmaasland&file=dtv1&output=playlist.m3u8&protocol=https&service=wowza&type=live
DTV-8 [Geo-blocked],https://watch.davestv8.com/hls/stream.m3u8
dTVi,https://e.siar.us/live/dtvi.m3u8
DuacaVision,https://vs20.live.opencaster.com/duacavision_092f3447/index.m3u8
Dubai TV International (1080p),http://185.9.2.18/chid_139/index.m3u8
Duck Dynasty (1080p),https://amg00276-amg00276c2-rakuten-uk-3449.playouts.now.amagi.tv/playlist.m3u8
Duck Dynasty (1080p),https://aegis-cloudfront-1.tubi.video/ae3cd8ce-3c41-452b-92a0-78fdb3c5b855/playlist.m3u8
Duck Hunting TV (1080p),https://main.duckhunting.playout.vju.tv/duckhuntingtv/main.m3u8
ducktv (720p),https://jmp2.uk/stvp-ESBC4700001GR
ducktv HD,https://dash3.antik.sk/live/duck_tv/index.m3u8
ducktv PLUS,https://dash3.antik.sk/live/test_duck_plus/playlist.m3u8
Dude Perfect (1080p) [Geo-blocked],https://amg07653-apmc-amg07653c4-samsung-gb-9942.playouts.now.amagi.tv/ts-eu-w1-n2/playlist/amg07653-aparentmediacoinc-dudeperfectchannel-samsunggb/playlist.m3u8
Dudelange TV (720p),https://streamer20.multimedia.blue/Eltrona/DudelangeTV/playlist.m3u8
Duende Tv (720p) [Not 24/7],https://live.fansplay.tv/livestreams/21.GdPGZIRcwzZ9vgE5.m3u8
Dukh Nivaran (720p) [Not 24/7],http://cdn12.henico.net:8080/live/dncal/index.m3u8
Dulce by elGourmet (720p),https://jmp2.uk/plu-6894fc3f66f164e402f4fd14.m3u8
DumDum (720p),http://45.162.64.114/ZOOMOO_KIDS/index.m3u8
Duna,http://88.212.15.19/live/duna_hun/index.m3u8
Duna World,http://88.212.15.19/live/duna_world_hun/index.m3u8
Dunamis TV (576p) [Not 24/7],https://atechgroupuk.site/DTV.m3u8
Dungeon TV (720p),https://stream-us-east-1.getpublica.com/playlist.m3u8?network_id=2226
Dungeons & Dragons Adventures (1080p) [Geo-blocked],https://amg00461-eone-amg00461c3-firetv-us-5211.playouts.now.amagi.tv/playlist.m3u8
Dunia Sinema (1080p),https://unifi-live05.secureswiftcontent.com/UnifiHD/live27-1080FHD.m3u8
Dunya Naw TV (576p),https://dunyanhls.wns.live/hls/stream.m3u8
Dunya News (INT Feed) (720p) [Not 24/7],https://imob.dunyanews.tv/livehd/ngrp:dunyalivehd_2_all/playlist.m3u8
Dunya News (UK Feed) (720p) [Not 24/7],https://ukintl.dunyanews.tv/liveuk/ngrp:dunyalive_all/playlist.m3u8
Dunya TV,https://raw.githubusercontent.com/UzunMuhalefet/streams/refs/heads/main/myvideo-az/dunya-tv.m3u8
Dunyo bo'ylab (1080p),https://stream8.cinerama.uz/1006/tracks-v1a1/playlist.m3u8
Duo 6 [Not 24/7],http://315e5a5d.ottrast.com/iptv/MM4E93NGF5LADZ/18018/index.m3u8
Durán TV (480p) [Not 24/7],https://cloudvideo.servers10.com:8081/8074/index.m3u8
Durangaldeko Telebista (576p),https://nlb2-live.emitstream.com/hls/5f9asjsehd7gmyxsdpzu/master.m3u8
Duri a Morire (720p),https://jmp2.uk/plu-65f865a62873090008d06382.m3u8
Duronto TV (720p),https://trs1.aynaott.com/duronto/index.m3u8
Dushanbe HD (1080p),https://live.teleradiocom.tj/7/3m.m3u8
Dushevnoe HD (1080p),http://stream.mcquack.net/213/index.m3u8
Duta TV (360p) [Not 24/7],https://dutatv.siar.us/dutatv/live/playlist.m3u8
DVB TV (720p) [Geo-blocked],https://live-stream.dvb.no/hls/stream_src/index.m3u8
Dvojka,http://88.212.15.19/live/test_dvojka_25p/playlist.m3u8
DW Arabic (1080p),https://dwamdstream103.akamaized.net/hls/live/2015526/dwstream103/master.m3u8
DW English (1080p),https://amg01644-amg01644c1-amgplt0343.playout.now3.amagi.tv/ts-eu-w1-n2/playlist/amg01644-amg01644c1-amgplt0343/playlist.m3u8
DW Espanol (1080p),http://177.234.249.178:8888/DW/index.m3u8
DW Russian (1080p),https://dwamdstream110.akamaized.net/hls/live/2017971/dwstream110/master.m3u8
DY 365 (360p),https://cdn.smartstream.video/smartstream-us/dy365/dy365/playlist.m3u8
Dyn Sport Mix (720p),https://jmp2.uk/plu-6866525c8a412a0e95c438b4.m3u8
Dynamic Gospel TV (480p) [Not 24/7],https://ssh101stream.ssh101.com/akamaissh101/ssh101/tvdynamicstream/playlist.m3u8
Dynamo Kyiv TV (1080p),http://stream.mcquack.net/396/index.m3u8
Dynastiet,https://jmp2.uk/plu-68f0fad2fae18f8db62a9f37.m3u8
Dynastin,https://jmp2.uk/plu-68f0fb155d6fb43948165d32.m3u8
Dynasty,https://jmp2.uk/plu-622f48de713e510007f85808.m3u8
Dynasty,https://jmp2.uk/plu-65cb76ea11ced70008206b66.m3u8
Dynasty,https://jmp2.uk/plu-62e919ca865c590007ecd0bd.m3u8
Dynasty,https://jmp2.uk/plu-64d1606b4c5ed80008e3b8b9.m3u8
E4 (1080p),http://80.194.62.172:50002/stream/channelid/1096333958
E 24 (576p),https://trs1.aynaott.com/e24/index.m3u8
E40 (1080p),https://copacotf.desdeparaguay.net/e40tv/e40tv_py_alta/playlist.m3u8?admin=tvaccion
E International Asia (576p),https://gist.githubusercontent.com/iptvonlinetv/cf56ccf36d1c0827e4dc470db7b7912d/raw/066b1c9755b2496805575f16d413bd1207ca8117/udp315.520.789:8060.m3u8
E International Europe (576p),https://gist.githubusercontent.com/iptvonlinetv/cf56ccf36d1c0827e4dc470db7b7912d/raw/066b1c9755b2496805575f16d413bd1207ca8117/udp120.510.450:6060.m3u8
E! (1080p),http://23.237.104.106:8080/USA_E/index.m3u8
E! (720p),http://185.102.171.218/Entertainment/index.m3u8
E! Europe,https://lb.dstvmultimedia.com/E!/index.m3u8
E! Keeping Up (1080p),https://xumo-xumoent-vc-117-a3ga4.fast.nbcuni.com/live/master.m3u8
E! Latin America (1080p),http://bantel-cdn1.iptvperu.tv:1935/btnscrtn/entertainment.stream/playlist.m3u8
E! Latin America Brazil (432p),http://145.239.5.177/111/index.m3u8
E! Latin America Mexico (720p),http://72.1.184.5:8089/play/a05d/index.m3u8
E! West (1080p),https://gpuserver3.tier1streams.com/E_ENTERTAINMENT_WEST/index.m3u8
E-Vidya 1 (576p),http://103.72.101.252:8080/live/400.m3u8
E-Vidya 2 (576p),http://103.72.101.252:8080/live/402.m3u8
E-Vidya 3 (576p),http://103.72.101.252:8080/live/405.m3u8
E-Vidya 4 (576p),http://103.72.101.252:8080/live/406.m3u8
E-Vidya 5 (576p),http://103.72.101.252:8080/live/407.m3u8
E-Vidya 6 (576p),http://103.72.101.252:8080/live/408.m3u8
E-Vidya 7 (576p),http://103.72.101.252:8080/live/404.m3u8
E-Vidya 8 (576p),http://103.72.101.252:8080/live/409.m3u8
E-Vidya 9 (576p),http://103.72.101.252:8080/live/410.m3u8
E-Vidya 10 (576p),http://103.72.101.252:8080/live/411.m3u8
E-Vidya 11 (576p),http://103.72.101.252:8080/live/1410.m3u8
E-Vidya 12 (576p),http://103.72.101.252:8080/live/1532.m3u8
EAC News TV (720p),https://live-evg17.tv360.metfone.com.kh/LiveApp/streams/eacnews.m3u8
Eagle News HD (1080p),https://cdn4.skygo.mn/live/disk1/Eagle/DASH-FTA/Eagle.mpd
Earth Touch (1080p),https://amg01823-earthtouch-amg01823c1-samsung-gb-862.playouts.now.amagi.tv/playlist/amg01823-earthtouch-earthtouch-samsunggb/playlist.m3u8
Earth: Final Conflict,https://jmp2.uk/plu-66f1331f9409630008077623.m3u8
Eawaz TV (720p) [Not 24/7],https://streamer12.vdn.dstreamone.net/saazoawaz/saazoawaz/playlist.m3u8
EBC Financial News (東森財經新聞台) (1080p) [Not 24/7],http://seb.sason.top/sc/dscjxw_fhd.m3u8
EBC General Education (720p) [Not 24/7],https://iptv.ebc.edu.kh/iptv/channel/1.m3u8
EBC News (東森新聞台) (1080p) [Not 24/7],http://seb.sason.top/sc/dsxw_fhd.m3u8
Ebenezer TV (1080p),https://5e85d90130e77.streamlock.net/6010/ngrp:6010_all/playlist.m3u8
EBN TV (720p) [Not 24/7],https://goliveafrica.media:9998/live/65d8475d1e6cb/index.m3u8
Ebony TV by Lionsgate (1080p),https://aegis-cloudfront-1.tubi.video/a0ad4b53-ab3a-48dd-be12-bc7f533c372c/playlist.m3u8
Ebony TV Drama (720p),https://jmp2.uk/plu-6675c713fc3a46000863dde7.m3u8
EBS (1080p),https://streams.prd.commavservices.eu/live/ebs/index.m3u8
EBS 1 (400p) [Not 24/7],https://ebsonair.ebs.co.kr/ebs1familypc/familypc1m/playlist.m3u8
EBS 2 (400p) [Not 24/7],https://ebsonair.ebs.co.kr/ebs2familypc/familypc1m/playlist.m3u8
EBS Cinema (720p),https://rpn.bozztv.com/ebstv/ebscinema/index.m3u8
EBS E (400p) [Not 24/7],https://ebsonair.ebs.co.kr/plus3familypc/familypc1m/playlist.m3u8
EBS HD (1080p),https://rpn.bozztv.com/ebstv/ebstv/index.m3u8
EBS kids (400p) [Not 24/7],https://ebsonair.ebs.co.kr/ebsufamilypc/familypc1m/playlist.m3u8
EBS Musika (720p),https://rpn.bozztv.com/ebstv/ebsmusika/index.m3u8
EBS Plus (1080p),https://streams.prd.commavservices.eu/live/ebsplus/index.m3u8
EBS+ 1 (400p),https://ebsonair.ebs.co.kr/plus1familypc/familypc1m/playlist.m3u8
EBS+ 2 (400p),https://ebsonair.ebs.co.kr/plus2familypc/familypc1m/playlist.m3u8
Ecclesia TV,https://video1.getstreamhosting.com:1936/8294/8294/playlist.m3u8
Ecclesia TV (1080p),https://liveopen.siliconweb.com/openTvLive/openEcclessia/playlist.m3u8
Echappées Belles & Co (720p),https://jmp2.uk/plu-63b578b524f0cf00072f2a52.m3u8
Echo24 (720p),https://echo24new.pl/LiveAppStreamECHO24/streams/GL0VksiIgQUS1672825288490.m3u8
EchoSports (720p),https://a-cdn.klowdtv.com/live2/echosports_720p/playlist.m3u8
EchtJetzt TV (720p),https://bibeltv03.iptv-playoutcenter.de/bibeltv03/bibeltv03.stream_all/playlist.m3u8
Eclipse TV (720p),https://vdo6.instainternet.com:3272/live/jobetalborezlive.m3u8
ECO Television (720p),https://live-evg11.tv360.bitel.com.pe/bitel/ecotv/playlist.m3u8
Eco TV,https://stream.arcast.com.ar/ecotv/ngrp:ecotv_all/playlist.m3u8
Ecos Canal 57 (1080p) [Not 24/7],https://2-fss-2.streamhoster.com/pl_138/206532-6829872-1/playlist.m3u8
Ecotel TV (720p),https://ecoteltv.streamseguro.com:5443/LiveApp/streams/streaming.m3u8
Ecovisión (720p),https://streaming.grupomediosdelnorte.com:19360/ecovision/ecovision.m3u8
Ecuador TV (1080p),http://45.224.97.181:9999/EcuadorTV/index.m3u8
EcuaMundo Radio TV (720p) [Not 24/7],https://pacific.direcnode.com:3353/live/ecuamundotvlive.m3u8
Ecuavisa (1080p),http://45.171.108.253:8888/ECUAVISA/index.m3u8
Ecuavisa Guayaquil (1080p) [Not 24/7],https://dai.google.com/linear/hls/event/GyPkTVDZSXGhpOvxPK7m2g/master.m3u8
Eden TV (540p) [Not 24/7],https://rtmp.edentv.bj/hls/stream.m3u8
Edessa TV (1080p),https://canli.edessatv.com/hls/stream.m3u8
Edgy TV (1080p),https://streams2.sofast.tv/v1/master/611d79b11b77e2f571934fd80ca1413453772ac7/49f275ac-7129-4492-93c0-854b3c3138f0/manifest.m3u8
Edgy Urban (1080p),https://streams2.sofast.tv/v1/master/611d79b11b77e2f571934fd80ca1413453772ac7/50ce2783-e0fe-405b-bfa7-349c4ff4916b/manifest.m3u8
EDN TV (1080p) [Not 24/7],https://60417ddeaf0d9.streamlock.net/edntv/videoedntv/playlist.m3u8
EDU TV (576p) [Not 24/7],https://5aa64ca8b95b8.streamlock.net:4443/edutv/edutelevizija/playlist.m3u8
Educa TV (720p) [Not 24/7],https://avm.ecuamedia.net/educatv/live/playlist.m3u8
Education (1080p),https://cdn4.skygo.mn/live/disk1/Education/DASH-FTA/Education.mpd
Eduvision (1080p),https://stmv3.voxtvhd.com.br/conex2/conex2/playlist.m3u8
EET TV (1080p) [Not 24/7],https://eu.streamjo.com/eetlive/eettv.m3u8
EET TV (1080p) [Not 24/7],https://live.streamjo.com/eetlive/eettv.m3u8
Efarina TV (720p),https://live.efarinatv.com/hls/bgtaufikganteng.m3u8
Efterlyst,https://jmp2.uk/plu-646ce0e2e1979c0008983939.m3u8
Eggheads (1080p),https://amg00654-itv-amg00654c18-samsung-nz-4373.playouts.now.amagi.tv/playlist.m3u8
Eggheads (1080p),https://amg00654-itv-amg00654c28-rakuten-uk-5302.playouts.now.amagi.tv/playlist.m3u8
EGM Channel (480p),https://paneltv.online:1936/8186/8186/playlist.m3u8
Egnatia TV (576p),https://video.streams.ovh:1936/egnatiatv/egnatiatv/index.m3u8
Ein Engel auf Erden,https://jmp2.uk/plu-622f487722d9d400075f74dd.m3u8
Eine himmlische Familie,https://jmp2.uk/plu-66a244d5cd0d3100083b1e47.m3u8
Eine schrecklich nette Familie,https://jmp2.uk/plu-67a324d221af380008105d6f.m3u8
Ekamra Bharat Odia (400p),https://live.ekamraott.com/bharat/bharat/index.m3u8
Ekattor TV (1080p),https://owrcovcrpy.gpcdn.net/bpk-tv/1705/output/1705.m3u8
Ekhon TV (1080p),https://tplay.live/out/bangladesh/ekhontv.index.m3u8
EKids (576p),http://78.108.244.134:8899/ekids
Eko TV (720p),https://ext.cdn.nashnet.tv/228.0.1.60/index.m3u8
Ekran Movies,https://ca-rt.onetv.app/EkranMovies/index-0.m3u8?token=%2A%2A%2A
Ekushey TV (720p),https://tvsen6.aynaott.com/etv/index.m3u8
El 3 de Conce,https://5ff3d9babae13.streamlock.net/xedkektnqj/xedkektnqj/playlist.m3u8
El 9 TV (1080p),https://liveingesta318.cdnmedia.tv/9tvlive/smil:live.smil/playlist.m3u8?DVR=
El 33 (1080p) [Geo-blocked],https://directes-tv-cat.3catdirectes.cat/live-content/c33-super3-hls/master.m3u8
El 33 Originals (1080p) [Not 24/7],https://directes-tv-int.3catdirectes.cat/live-content/c33-super3-hls/master.m3u8
El Camino TV (480p),https://5d32e2b9b7eed.streamlock.net:4443/ectv/ectv/playlist.m3u8
El Canal Feliz (720p),http://streaming.multicontenidos.cl:8081/live/canalfeliz/playlist.m3u8
El Centro TV (720p),https://v1.tustreaming.cl/diarioelcentrotv/index.m3u8
El Chavo TV (720p),https://live20.bozztv.com/giatvplayout7/giatv-211465/playlist.m3u8
El Comisario,https://jmp2.uk/plu-60c343007bcabe0007242aa6.m3u8
EL DEBER (1080p),https://master.tucableip.com/eldebertv/index.m3u8
El Detective Endeavour,https://jmp2.uk/plu-619b9f16b8fee4000832d447.m3u8
El encantador de perros,https://jmp2.uk/plu-60e45687313c5f0007bc8e94.m3u8
El Gourmet (1080p),http://177.234.249.178:8888/EL-GOURMET/index.m3u8
El Mueble (720p),https://jmp2.uk/plu-690dd10a37b131228d76d5b1.m3u8
El Mundo del Campo (720p),https://movil.ejeserver.com/live/elmundodelcampo.m3u8
El Nueve (1080p),http://playcom.trapemn.tv:1935/transcoderip/canal9.stream/playlist.m3u8
El Nuevo Diario TV (480p),https://nuevodiario01.streamprolive.com/hls/live.m3u8
El Pituco TV (720p),https://imagenuniversaltv.net:3439/live/elpitucolive.m3u8
El PuertoTV (720p),https://5bf8041cb3fed.streamlock.net/PuertoTV/PuertoTV/playlist.m3u8
El Radar (720p),https://video.ipstream.cl:3459/hybrid/play.m3u8
El Radio 9090 FM (480p),https://9090video.mobtada.com/hls/stream.m3u8
El Reino Infantil,https://jmp2.uk/plu-6523f672a6c38300088cb807.m3u8
El Rey,https://stream.ads.ottera.tv/playlist.m3u8?network_id=1544
El Rey Rebel (720p),https://jmp2.uk/plu-691d1200c2185a44642f5e7c.m3u8
El Seis 6 (1080p) [Not 24/7],https://stream.elseis.do/canal6/live_1080.m3u8
El Sembrador Nueva Evangelizacion ESNE,http://190.61.90.17:40000/play/a025/index.m3u8
El Siete (1080p),https://edgectc.com/CANAL7_MZA/index.m3u8
El Sol Network TV (1080p),https://tv.wracanal10.com:3025/live/elsoltvlive.m3u8
El Sonorense (1080p) [Not 24/7],https://s5.mexside.net:1936/elsonorense/elsonorense/playlist.m3u8
El Talisman,https://stream.ads.ottera.tv/playlist.m3u8?network_id=1079
El Toro TV (720p),https://streaming-1.eltorotv.com/lb0/eltorotv-streaming-web/index.m3u8
El Trece (1080p),https://livetrx01.vodgc.net/eltrecetv/index.m3u8
EL TV (260p) [Not 24/7],http://85.132.53.162:1935/live/eltv/playlist.m3u8
El Watania 1 (1080i),https://sw1.tanitweb.net/TunisiaTV/_definst_/watania1/chunklist.m3u8
El Watania 2 (1080p),https://sw1.tanitweb.net/TunisiaTV/_definst_/watania2/playlist.m3u8?DVR=
El-Heddaf TV (1080i),https://live.elheddaftv.com:8081/elheddaf/index.mpd
El-Roi TV (720p),https://cdn.streamhispanatv.net:3648/live/elroitvlive.m3u8
Elbeshara GTV (1080p) [Not 24/7],http://media3.smc-host.com:1935/elbesharagtv.com/gtv.smil/playlist.m3u8
Elche 7 TV (576p),https://elche7tv.gestec-video.com/hls/canal2.m3u8
eldo.TV (1080p),https://stream.eldo.lu/data/live/tele/eldotv/1080p.m3u8
ElectricNOW (1080p) [Geo-blocked],https://pb-aexv6wqzkg929.akamaized.net/ElectricNOW.m3u8
Elektrika TV (1080p),https://rtmp.elektrika.cz/live/myStream.sdp/playlist.m3u8
Elemental Channel (1080p),https://5d82644094cc0.streamlock.net/8116/8116/playlist.m3u8
Elevate TV (720p) [Not 24/7],https://goliveafrica.media:9998/live/64a98a7eac12a/index.m3u8
Elevation Church (1080p),https://linear-1066.frequency.stream/dist/stirr/1066/hls/master/playlist.m3u8
Elias Pina TV (720p) [Not 24/7],https://cloud2.streaminglivehd.com:1936/8078/8078/playlist.m3u8
Elim TV (480p) [Not 24/7],https://stream.soporteccrtv.xyz/hls/master-dveo.m3u8
Elive TV Brescia (720p) [Not 24/7],https://59d7d6f47d7fc.streamlock.net/elivebresciatv/elivebresciatv/playlist.m3u8
Ellinikos FM (720p),https://rtmp.win:3603/live/ellinikosfmlive.m3u8
Elsharq TV (1080p) [Not 24/7],https://mn-nl.mncdn.com/elsharq_live/live/playlist.m3u8
Elshinta TV,https://ams.juraganstreaming.com:5443/LiveApp/streams/elshintatv.m3u8
Elsö Kerület TV (1080p),https://iptv01.eurocable.co.hu/EC-EGYKERTVHD/index.m3u8
Elwatania TV (1080i),https://livesstream.work.gd:5443/WebRTCApp/streams/stream.m3u8
ElyTV (360p),https://stmv1.srvsite.com/ely/ely/playlist.m3u8
Eman Channel (576p),https://ap02.iqplay.tv:8082/iqb8002/3m9n/playlist.m3u8
EmanTv (1080p),https://avr.host247.net/live/emantv/playlist.m3u8
Emanuel TV,https://michaelgm.live:3684/live/emanueltvlive.m3u8
Embrujadas,https://jmp2.uk/plu-657868a7a620e30008fdbfeb.m3u8
EMCI TV (288p),https://raw.githubusercontent.com/Sibprod/streams/main/ressources/dm/py/hls/emciafrique.m3u8
EMCI TV America (288p),https://raw.githubusercontent.com/Sibprod/streams/main/ressources/dm/py/hls/emciamerique.m3u8
EMCI TV Europe (288p),https://raw.githubusercontent.com/Sibprod/streams/main/ressources/dm/py/hls/emcieurope.m3u8
Emergency 24/7 (1080p) [Geo-blocked],https://d3cm8xyrjwa22p.cloudfront.net/30504/88896036/hls/master.m3u8?ads.xumo_channelId=88896036
Emeril Lagasse Channel (1080p),https://d1ahlswyjfz32r.cloudfront.net/Emeril_Lagasse.m3u8
EMI TV,https://astra.emitv.ro/hls/emi/index.m3u8
Emisora Comunitaria 104.1 FM,https://104florencia.co/wp-admin/admin-ajax.php?action=frp_hls_proxy&url=https%3A%2F%2Fstreamyes.alsolnet.com%2Fcomunitariafm%2Flive%2Fplaylist.m3u8
Emocion TV (720p),https://v1.tustreaming.cl/emociontv/index.m3u8
Empeños a lo bestia,https://jmp2.uk/plu-60218baa464ef900073168c1.m3u8
Empordà TV (1080p),https://video3.lhdserver.es/empordatv2/live.m3u8
ems TV Lingen (720p),https://h058.video-stream-hosting.de/ev1tv-live/_definst_/mp4:stream1.stream/playlist.m3u8
En el punto de mira,https://jmp2.uk/plu-61922be835f3910007fc58f6.m3u8
En Lengua de Senas TV (720p),https://cloudtv.streaming.com.py/lenguasdesenas/lenguasdesenas/chunklist.m3u8
En Linea Maule (720p),https://v2.tustreaming.cl/enlineamauletv/index.m3u8
ENA Channel (1080p),https://cdn5.smart-tv-data.com/ena/ena_channel/playlist.m3u8
Enchufe.TV,https://jmp2.uk/plu-699763d184235f26d5056002.m3u8
Encore+ (1080p),https://streams2.sofast.tv/sofastplayout/11d7f7fd-9c12-4c8a-b1a8-e879821e2187_1000014907_HLS/master.m3u8
EnerGeek (720p) [Not 24/7],https://backend.energeek.cl/webtv/egretroweb/index.m3u8?token=%2A%2A%2A
EnerGeek Fan (1080p),https://backend.energeek.cl/webtv/egfanweb/index.m3u8?token=%2A%2A%2A
EnerGeek Radio (1080p),https://backend.energeek.cl/webtv/egradioweb/index.m3u8?token=%2A%2A%2A
Energia TV (720p) [Not 24/7],https://sincerecloud.stream/loadbalancer/public/actMdyoE.m3u8
Energy,https://ncdn.telewebion.ir/baenergy/live/playlist.m3u8
Enfoque Digital TV,https://5eaccbab48461.streamlock.net:1936/8074/8074/playlist.m3u8
English Class HD (1080p),http://31.148.48.15/English_club_TV_HD/index.m3u8
English Club TV (576i),https://stream8.cinerama.uz/1442/tracks-v1a1/mono.m3u8
English TV (1080p),https://streams2.sofast.tv/v1/master/611d79b11b77e2f571934fd80ca1413453772ac7/a5e9aebd-1df4-4e56-be4f-33a891756f9b/manifest.m3u8
Enlace (720p),http://177.234.249.178:8888/ENLACE/index.m3u8
Enlace Juvenil,https://livecdnusa.enlace.plus/ejtv/smil:ejtv-hd.smil/playlist.m3u8
Enntivision (1080p) [Not 24/7],https://edge.essastream.com/enntivision/playlist.m3u8
Enquêtes Criminelles (720p),https://jmp2.uk/plu-66f55d0b5e4a6e0008c2b920.m3u8
Enquetes de Choc (1080p),https://fastmedia-enquetesdechoc-rakuten.amagi.tv/playlist.m3u8
Enquêtes de Choc (720p),https://jmp2.uk/plu-63921a1bf76e7d0007c998a6.m3u8
ENT Channel (720p),https://cdn.global.elektamedia.com/live/c7eds/ENT_Channel/SA_LIVE_hls_enc/master.m3u8
ENT Family (720p),https://cdn.global.elektamedia.com/live/c7eds/ENT_Family/SA_LIVE_hls_enc/master.m3u8
entelevision (1080p) [Not 24/7],https://stream.haislin.com/entelevision/index.m3u8
Entella TV (720p) [Not 24/7],https://5f22d76e220e1.streamlock.net/EntellaTV/EntellaTV/playlist.m3u8
Enter-Film (1080p),http://stream.mcquack.net/322/index.m3u8
Enterate RD [Not 24/7],https://5790d294af2dc.streamlock.net/enteraterd/enteraterd/playlist.m3u8
Enterr 10 Bangla (720p) [Not 24/7],https://live-bangla.akamaized.net/liveabr/playlist.m3u8
Entertainment Hub (1080p),https://amg01447-samsungau-enthub-samsungau-ugr5u.amagi.tv/playlist/amg01447-samsungau-enthub-samsungau/playlist.m3u8
Entertainment Hub (1080p),https://amg01447-samsungau-enthubnz-samsungnz-t9rkn.amagi.tv/playlist/amg01447-samsungau-enthubnz-samsungnz/playlist.m3u8
Entertainment Tonight (1080p),https://enterbcef94b.airspace-cdn.cbsivideo.com/master.m3u8
EntrepreneurTV (720p),https://stream-us-east-1.getpublica.com/playlist.m3u8?network_id=2506
Entuno TV (1080p) [Not 24/7],https://soportedvb.click:3442/live/entunotvlive.m3u8
Envoy FAST (720p) [Geo-blocked],https://pb-5uxlaafha3oi7.akamaized.net/ABR.m3u8
EPA! TV (720p),https://live-evg10.tv360.bitel.com.pe/bitel/epatv/playlist.m3u8
Epic Bhojpuri (576p),https://mumt01.tangotv.in/O5aw8Zn3EPICBHOJPURI/index.m3u8
Epic Drama,http://82.78.243.219:45739/play/a01p/index.m3u8
Epic Gardening TV (1080p),https://d310j9emjmcwry.cloudfront.net/playlist.m3u8
Epic Music (576p),https://mumt04.tangotv.in/m18aqlK4EPICMUSIC/index.m3u8
Epic TV (576p),http://149.71.34.166:8000/play/a00m/index.m3u8
Epic TV Digital (1080p),https://cc-czbq30x55knit.akamaized.net/v1/master/3722c60a815c199d9c0ef36c5b73da68a62b09d1/cc-czbq30x55knit/DIYC/PMSL/IN10/Epic_TV_IN_B/Epic_TV_IN_B.m3u8
Epiloges TV,https://gra1.crystalweb.net:1936/epilogestv/epilogestv/playlist.m3u8
Epirus TV1 (720p),https://rtmp.win:3929/live/epiruslive.m3u8
EPlanet TV,https://eplhls.wns.live/hls/stream.m3u8
Equalympic (1080p),http://stream.mcquack.net/485/index.m3u8
Equidia (1080p),https://raw.githubusercontent.com/Paradise-91/ParaTV/main/streams/equidia/live2.m3u8
Equidia Racing Mag (1080p),https://raw.githubusercontent.com/Paradise-91/ParaTV/main/streams/equidia/racingmag.m3u8
Equinoxe TV (720p),http://69.64.57.208/equinoxtv/playlist.m3u8
Equus TV (1080p),https://d2gwqf8gdwq1zs.cloudfront.net/scheduler/scheduleMaster/426.m3u8
Er TV (1080p) [Geo-blocked],https://live.artidijitalmedya.com/artidijital_ertv_new/ertv/playlist.m3u8
Érase una vez...,https://jmp2.uk/plu-63c69c87808b740007599fe1.m3u8
Erbol (720p),https://twitch-m3u8.bastypro112.workers.dev/erboldigital/index.m3u8
Erfan Halgheh TV (720p),https://hls.erfanhalgheh.live/hls/stream.m3u8
Erga Lura TV [Geo-blocked],http://80.79.6.221:25461/smash/public/29
ERi-TV 1 (576p),https://jmc-live.ercdn.net/eritreatv/eritreatv.m3u8
Eros Universe Bollywood Cinema,https://prod-runn.cdn.runn.tv/eros/stream/blywcm/playlist.m3u8
Eros Universe Entertainment,https://prod-runn.cdn.runn.tv/eros/stream/ersent/playlist.m3u8
ERT3 (1080p),https://ert-ucdn.broadpeak-aas.com/bpk-tv/ERT3/default/index.m3u8
ERT Cosmos (1080p),https://ert-ucdn.broadpeak-aas.com/bpk-tv/ERTCosmos/default/index.m3u8
ERT News HD (1080p),https://ert-ucdn.broadpeak-aas.com/bpk-tv/ERTNews/default/index.m3u8
ERT Sports 1 (1080p),http://hbbtvapp.ert.gr/stream.php/v/vid_ertsports_mpeg.2ts
ERT Sports 2 (1080p),http://hbbtvapp.ert.gr/stream.php/v/vid_ertplay2_mpeg.2ts
Ertis (1080p) [Not 24/7],https://stream.kaztrk.kz/regional/pavlodartv/index.m3u8
Ertsulovneba,https://stream.sstv.ge/live/sstv/playlist.m3u8
Erz-TV Stollberg (576p),https://5acade5fc0c29.streamlock.net/kabeljournal/live2020.stream/playlist.m3u8
Erzurum Web TV (720p),https://win29.yayin.com.tr/erzurumwebtv/erzurumwebtv/iptvdelisi.m3u8
ES TV (720p),https://live.artidijitalmedya.com/artidijital_estv/estv/playlist.m3u8
Esaie 45 Tele,https://stream.berosat.live/hls/esaie45-tv/esaie45-tv.m3u8
Escambia County TV ECTV (Escambia County FL) (720p),https://cpcdn.azureedge.net/ESCAMBIACOFLLIVE1/ESCAMBIACOFLLIVE1/playlist.m3u8
Escape to the Country (1080p),https://amg00145-amg00145c11-samsung-au-6579.playouts.now.amagi.tv/playlist.m3u8
Escape to the Country (720p),https://jmp2.uk/plu-66d712fdabec540008ba66cd.m3u8
Escape to the Country (720p),https://jmp2.uk/plu-66d71485167a8b0008fd3345.m3u8
Escape to the Country (720p),https://jmp2.uk/plu-66d714d815d2c60008cec6d2.m3u8
Escape to the Country (720p),https://jmp2.uk/plu-63d91d624e83e7000881ca8c.m3u8
Escape TV (1080p),https://streams2.sofast.tv/v1/master/611d79b11b77e2f571934fd80ca1413453772ac7/4da91549-1762-4d60-b8b7-db07ef7ee64b/manifest.m3u8
Escúchame Radio TV (720p) [Not 24/7],https://stmv1.transmissaodigital.com/pedro9800/pedro9800/playlist.m3u8
Eshragh,https://ncdn.telewebion.ir/eshragh/live/playlist.m3u8
Eska TV (1080p),http://91.246.72.88:8000/play/a002/index.m3u8
Eslah TV (720p),https://eslahtvhls.wns.live/hls/stream.m3u8
Espace TV (1080p),https://edge11.vedge.infomaniak.com/livecast/ik:espacetv/manifest.m3u8
Esperia TV (480p),http://wms.shared.streamshow.it/esperiatv/esperiatv/playlist.m3u8
Espíritu Santo Y Fuego TV (480p),https://inliveserver.com:1936/8392/8392/playlist.m3u8
ESPN (1080p),http://181.78.197.59:8000/play/a07z/index.m3u8
ESPN 3 (1080p),http://190.83.2.182:8090/ESPN3/index.m3u8
ESPN 4 (1080p),http://181.78.197.59:8000/play/a07n/index.m3u8
ESPN8 The Ocho (1080p),https://d3b6q2ou5kp8ke.cloudfront.net/ESPNTheOcho.m3u8
ESPN Deportes (720p),http://40.160.24.58/ESPN_DEPORTES/index.m3u8
ESPNews (720p),https://gpuserver3.tier1streams.com/ESPN_NEWS/index.m3u8
ESPNU (720p),http://23.237.104.106:8080/USA_ESPNU/index.m3u8
Esport3 (1080p) [Not 24/7],https://directes-tv-int.3catdirectes.cat/live-content/esport3-hls/master.m3u8
Esport3 (1080p) [Geo-blocked],https://directes-tv-cat.3catdirectes.cat/live-content/esport3-hls/master.m3u8
eSports Max TV,https://cdnlive.klicgo.net/esportsmax/live/playlist_dvr.m3u8
Espreso TV (1080p),https://api-tv.ipnet.ua/api/v1/manifest/2118742594.m3u8
Estacion Limache TV (720p),https://v4.tustreaming.cl/limachemovil/index.m3u8
Estacion Radio TV,https://stmv7.voxtvhd.com.br/radiovida/radiovida/playlist.m3u8
Estacion TV (720p),https://unlimited1-cl-isp.dps.live/supersonikatv/supersonikatv.smil/playlist.m3u8
Estado Paranormal,https://jmp2.uk/plu-656e2a81954b020008ed17a4.m3u8
Este Canal TV (576p),http://synclosdragos1.syncsolutions.es:8008/live3/emision/index.m3u8
Estelar TV (1080p),https://srt.tvdatta.com/tvestelar/index.m3u8
Estepona Televisión (720p),https://cloudvideo.servers10.com:8081/8022/index.m3u8
Estilo y Vida (1080p),https://4a7284f0c8334835adb8f223c36fbc37.mediatailor.eu-west-1.amazonaws.com/v1/master/0547f18649bd788bec7b67b746e47670f558b6b2/production-LiveChannel-6232/master.m3u8
Estrella Games (1080p),https://estrella-games-oando.amagi.tv/playlist.m3u8
Estrella News (1080p),https://estrella-news-oando.amagi.tv/playlist.m3u8
Estrella TV (1080p),https://estrellatv-oando.amagi.tv/playlist.m3u8
Estrellas de Acción,https://jmp2.uk/plu-5e972a21ad709d00074195ba.m3u8
EsTuTele (720p),https://cloud.streamingconnect.tv/hls/estutele/estutele.m3u8
ESTV (420p),https://cloudfront44.lexanetwork.com:1344/relay01/HDE032.sdp/playlist.m3u8
ET Now (720p) [Geo-blocked],https://dztlhgid9me95.cloudfront.net/live-tv/Vidgyor/etnow/etnow_master.m3u8
ET Now Swadesh (720p),https://d32gxr3r1ksq2p.cloudfront.net/master.m3u8
ETB 1 (1080p) [Geo-blocked],https://cdn1.etbon.eus/etb1/index.m3u8
ETB1 On (1080p),https://cdn1.etbon.eus/etb1on/index.m3u8
ETB 2 (1080p) [Geo-blocked],https://cdn1.etbon.eus/etb2/index.m3u8
ETB2 On (1080p),https://cdn1.etbon.eus/etb2on/index.m3u8
ETB Events 1 (1080p),https://cdn1.etbon.eus/oc1/index.m3u8
ETC TV (576p),http://181.119.93.83:8000/play/a217/index.m3u8
Etna Espresso Channel (720p),https://5db313b643fd8.streamlock.net/Etnachannelponte/Etnachannelponte/playlist.m3u8
ETV (720p),https://sb.err.ee/live/etv.m3u8
ETV (1080p),https://edge12.vedge.infomaniak.com/livecast/ik:etvgp/manifest.m3u8
ETV (1080p),https://cdn4.skygo.mn/live/disk1/ETV/DASH-FTA/ETV.mpd
ETV (1080p),http://150.95.66.20:1935/live/livestream/playlist.m3u8
ETV2 (720p),https://sb.err.ee/live/etv2.m3u8
ETV Abhiruchi (1080p),https://dg3721c3ez5m0.cloudfront.net/v1/master/9d43eacaed199f8d5883927e7aef514a8a08e108/ETV_ABHIRUCHI_H264_cloud-in/index.m3u8
ETV Andhra Pradesh (1080p),https://d1g35elx8qnif3.cloudfront.net/v1/master/9d43eacaed199f8d5883927e7aef514a8a08e108/ETV_AP_H264_cloud_in/index.m3u8
ETV Cinema (396p),https://yupplivegcpusa.yuppcdn.net/100823/smil:etvcinema.smil/playlist.m3u8?hdnts=st%3D1735898689~exp%3D1835898688~acl%3D%2A~hmac%3Df5fe24724fe05481e3841f9eb5ab8efdee0a3dd83645ae9dcf45703f525bab7b
ETV Cinema HD (1080p),https://d27zlkxhgwrfgo.cloudfront.net/v1/master/9d43eacaed199f8d5883927e7aef514a8a08e108/ETV_CINEMA_H264_cloud_in/index.m3u8
ETV Comedy (1080p),https://cc-wie8j8y69d2uy.akamaized.net/WWBI/Amagi/ETV_Comedy_IN/playlist.m3u8
ETV Josh (1080p),https://cc-uyh1ow5zouoio.akamaized.net/WWBI/Amagi/ETV_Josh_IN/playlist.m3u8
ETV Kayseri (720p),https://live.artidijitalmedya.com/artidijital_etv/etv/playlist.m3u8
ETV Life (480p),https://d2cj1h11htct8o.cloudfront.net/v1/master/9d43eacaed199f8d5883927e7aef514a8a08e108/ETV_LIFE_H264_cloud_in/index.m3u8
ETV Manisa (1080p) [Not 24/7],https://edge1.socialsmart.tv/manisaetv/bant1/playlist.m3u8
èTv Marche (720p),https://live.ipstream.it/etvmarche/etvmarche.stream/playlist.m3u8
ETV Music (1080p),https://cc-szivnms4rlah6.akamaized.net/WWBI/Amagi/ETV_Music_IN/playlist.m3u8
ETV News (1080p),https://cc-3448kp65yhc5w.akamaized.net/WWBI/Amagi/ETV_News_IN/playlist.m3u8
ETV Plus (396p),https://yupplivegcpusa.yuppcdn.net/100823/smil:etvplus.smil/playlist.m3u8?hdnts=st%3D1735898689~exp%3D1835898688~acl%3D%2A~hmac%3Df5fe24724fe05481e3841f9eb5ab8efdee0a3dd83645ae9dcf45703f525bab7b
ETV Plus HD (1080p),https://d12ee3o8yfkkhd.cloudfront.net/c6a4b411295f47f48c908d2ac0605bad/index.m3u8
èTv Rete 7 (720p),https://live.ipstream.it/etv/etv.stream/playlist.m3u8
ETV Telangana (1080p),https://d37d7pfp7vjqhh.cloudfront.net/v1/master/9d43eacaed199f8d5883927e7aef514a8a08e108/ETV_TS_H264_cloud_in/index.m3u8
ETV Telugu HD (1080p),https://d27zlkxhgwrfgo.cloudfront.net/v1/master/9d43eacaed199f8d5883927e7aef514a8a08e108/ETV_HD_H264_cloud_in/index.m3u8
ETV Telugu USA (720p),https://livegeorouus.akamaized.net/100823/etvhd_2500/playlist.m3u8?hdnts=st%3D1735898689~exp%3D1835898688~acl%3D%2A~hmac%3Df5fe24724fe05481e3841f9eb5ab8efdee0a3dd83645ae9dcf45703f525bab7b
ETV Terramar (1080p),https://liveingesta318.cdnmedia.tv/tvetvlive/smil:rtmp01.smil/playlist.m3u8
ETV+ (720p),https://sb.err.ee/live/etvpluss.m3u8
ETVN (720p),https://origin2.afxp.telemedia.co.za/abr_kapang/enterepreneur/playlist.m3u8
Eureka (1080p) [Geo-blocked],https://mdstrm.com/live-stream-playlist/6952e02d19eabace52e2885f.m3u8
Euro D (720p),https://live.duhnet.tv/S2/HLS_LIVE/eurodnp/playlist.m3u8
Euro Indie Music Chart TV (360p),http://178.33.224.197:1935/euroindiemusic/euroindiemusic/playlist.m3u8
Euro TV (432p),https://lbgo.bozztv.com/ssh101/ssh101/eurotvlive/playlist.m3u8
Euro TV (720p) [Not 24/7],https://5f22d76e220e1.streamlock.net/eurotv/eurotv/playlist.m3u8
EuroAl TV (720p),http://5.135.92.131:1935/live/euroAl/playlist.m3u8
Euronews,https://jmp2.uk/plu-61de8e502c8e9400077e5de7.m3u8
Euronews (720p),https://cdn-euronews.akamaized.net/live/eds/euronews-pl/26382/index.m3u8
Euronews (720p),https://jmp2.uk/plu-6639d7d4b18d700008da5316.m3u8
Euronews Albania (720p),https://gjirafa-video-live.gjirafa.net/gjvideo-live/2dw-zuf-1c9-pxu/index.m3u8
Euronews Bulgaria,http://213.91.179.28:8000/play/a05e
Euronews English (720p),https://jmp2.uk/plu-61de96114757070008d33cae.m3u8
Euronews English HD (720p),http://45.190.28.50/EURONEWS_HD/index.m3u8
Euronews French (720p),https://2f6c5bf4.wurl.com/master/f36d25e7e52f1ba8d7e56eb859c636563214f541/UmxheHhUVi1ldV9FdXJvbmV3c0ZyYW5jYWlzX0hMUw/playlist.m3u8
Euronews Georgia,http://nue01-edge01.itdc.ge/euronewsgeorgia/mpegts
Euronews Greek (720p),https://cdn-euronews.akamaized.net/live/eds/euronews-el/25068/index.m3u8
Euronews Hungarian (720p),https://cdn-euronews.akamaized.net/live/eds/euronews-hu/25075/index.m3u8
Euronews Italian (720p),https://acb6ca89.wurl.com/master/f36d25e7e52f1ba8d7e56eb859c636563214f541/UmxheHhUVi1ldV9FdXJvbmV3c0l0YWxpYW5vX0hMUw/playlist.m3u8
Euronews Portuguese (720p),https://jmp2.uk/plu-619e6614c9d9650007a2b171.m3u8
Euronews Russian (720p),https://cdn-euronews.akamaized.net/live/eds/euronews-ru/25071/index.m3u8
Euronews Spanish (720p),https://jmp2.uk/plu-60d3583ef310610007fb02b1.m3u8
Europa Europa,http://181.119.93.83:8000/play/a1sr/index.m3u8
Europa Plus TV (1080p),http://31.148.48.15/Europa_Plus_HD/index.m3u8
EUTV (720p),https://cdn.jmvstream.com/w/LVW-8719/LVW8719_AcLVAxWy5J/playlist.m3u8
Ev-tele (720p),https://playtv4k.live/live/EVTELE/index.m3u8
Evandis Gospel TV (1080p),https://evandis.streamakaci.tv/str_evandis_evandis/str_evandis_multi/playlist.m3u8
Evasion TV,https://kali.vdopanel.com:3090/hybrid/play.m3u8
Evavision,https://stmv2.voxtvhd.com.br/evavision/evavision/playlist.m3u8
Eventyrlig Oppussing,https://jmp2.uk/plu-61c1de93244e500007581d69.m3u8
Eveo (720p) [Not 24/7],https://live-fi.tvkaista.net/eveo/live.m3u8?hd=true
Everybody Hates Chris,https://jmp2.uk/plu-63a1cab19ab2df0007bf1c8b.m3u8
Everybody Hates Chris,https://jmp2.uk/plu-697b5a6c9567bf7b5f71a350.m3u8
Everybody Hates Chris,https://jmp2.uk/plu-697b5be36dc3c71eb14d728a.m3u8
Everyday Refresh (720p),https://qvc-amd-live.akamaized.net/hls/live/2034113/lsqvc6us/master.m3u8
EVI TV (720p),https://stream.berosat.live:19360/evi-tv/evi-tv.m3u8
Evidence of Evil (1080p),https://9e7adb64.wurl.com/master/f36d25e7e52f1ba8d7e56eb859c636563214f541/U2Ftc3VuZy1nYl9FdmlkZW5jZW9mRXZpbF9ITFM/playlist.m3u8
Evidence of Evil (720p),https://jmp2.uk/plu-64c37e47dac71b000809abab.m3u8
Evolucion TV (576p),https://edgectc.com/CTC_SAN_RAFAEL/index.m3u8
Evolution Earth (1080p),https://amg00276-amg00276c15-samsung-gb-3790.playouts.now.amagi.tv/playlist.m3u8
Evrokino HD (1080p),http://stream.mcquack.net/385/index.m3u8
Evrokom (360p),https://live.ecomservice.bg/hls/stream.m3u8
EWTN (720p) [Geo-blocked],https://cdn3.wowza.com/1/QjRzVXJtVml5SUVx/WGJRSWxz/hls/live/playlist.m3u8
EWTN Africa-Asia (720p),https://cdn3.wowza.com/1/ZVBYYXFLLzE0c3NC/Qk1FMURC/hls/live/playlist.m3u8
EWTN Asia-Pacific (720p),https://cdn3.wowza.com/1/QmVNUVhTNTZSS3Uz/YWQ0aHpi/hls/live/playlist.m3u8
EWTN Canada (720p),https://cdn3.wowza.com/1/YW5wSWZiRGd2eFlU/bGV0aVBq/hls/live/playlist.m3u8
EWTN Espana,https://cdn3.wowza.com/1/SmVrQmZCUXZhVDgz/b3J3MFJv/hls/q6xkg9py/480/chunklist.m3u8
EWTN Europe (720p),https://cdn3.wowza.com/1/T2NXeHF6UGlGbHY3/WFluRldQ/hls/live/playlist.m3u8
EWTN Germany (720p),https://cdn3.wowza.com/1/ZUkxSDBrZHlMbjVn/ZkhNRFNZ/hls/live/playlist.m3u8
EWTN Poland (1080p),https://cdn3.wowza.com/1/ZHdrMWt1NjlDSzFu/bzdDVG10/hls/live/playlist.m3u8
EWTN Spain & Latin America (720p),http://177.234.249.135:8888/EWTN/index.m3u8
EWTN Spanish (720p) [Geo-blocked],https://cdn3.wowza.com/1/TUI5dU5ucnUxdGFD/ZFlVeGRl/hls/live/playlist.m3u8
EWTN Ukraine (1080p),https://cdn3.wowza.com/1/WjduMm1tYnlwNXQx/M01NV3Uz/hls/live/playlist.m3u8
EWTN/Bonum TV,https://dash2.antik.sk/live/ewtn_bonum/index.m3u8
Ex On The Beach,https://jmp2.uk/plu-61c0909b872c650008ed42e4.m3u8
Ex On The Beach,https://jmp2.uk/plu-61c1d66518447e000717e4c2.m3u8
Ex On The Beach,https://jmp2.uk/plu-61c09072a09bbe00078f5692.m3u8
Exa TV (576p),http://45.189.62.33:8002/play/a0lr/index.m3u8
Exclusiv TV,rtmp://89.28.25.122/live/tnt_md
Exitosa TV (1080p),http://190.93.224.42/EXITOSA/index.m3u8
Exodus TV (720p),https://584943999.r.worldssl.net/584943999/_definst_/vzivo/playlist.m3u8
Exploits TV,https://stream.berosat.live/hls/exploits-tv/exploits-tv.m3u8
Exploris (576p) [Not 24/7],http://89.38.8.130:39419
Explosión Creativa (720p) [Not 24/7],https://vcp.myplaytv.com/explosioncreativa/explosioncreativa/playlist.m3u8
Expo Channel (360p),https://tvsnhlslivetest.akamaized.net/hls/live/2034711/EXPO-MSL4/master.m3u8
Expresa TV (720p),https://5ca9af4645e15.streamlock.net/teleradio/smil:teleradio.smil/playlist.m3u8
Expresión TV (1080p),https://ssh101.bozztv.com/ssh101/expresiongrany/playlist.m3u8
Express Entertainment (1080p),https://ml-pull-dvc-myco.io:2096/EXPRESS_ENTERTAINMENT/index.m3u8
Expressen TV (1080p),https://cdn0-03837-liveedge0.dna.ip-only.net/03837-liveedge0/smil:03837-tx2/playlist.m3u8
Extra 86 TV (720p) [Not 24/7],https://video-eu1.streamerr.co/hls/sb77f834a54/live.m3u8
Extra ProNews (576p),http://62.1.176.18:8888/extra/index.m3u8
Extra TV (1080p),https://streaming.social3.hr/ExtraTVudzdhr5/uUankWqpXD/1.m3u8
Extra TV 42 (720p),https://d2n1wzrr0aogf5.cloudfront.net/ts:abr.m3u8
Extrema Kids TV [Not 24/7],https://627bb251f23c7.streamlock.net:444/ExtremaKids/ExtremaKids/playlist.m3u8
Extrema TV (720p),https://627bb251f23c7.streamlock.net:444/ExtremaTV/ExtremaTV/playlist.m3u8
Extrema TV (720p),http://livestreamcdn.net:1935/ExtremaTV/ExtremaTV/playlist.m3u8
Extreme Makeover Home Edition,https://jmp2.uk/plu-6661739641af6400080cd8f1.m3u8
Extreme Sports Channel (576p),http://46.32.176.50/extremesport/index.m3u8
F1 Channel (1080p) [Geo-blocked],https://amg12058-c15studio-amg12058c1-lg-us-5787.playouts.now.amagi.tv/playlist.m3u8
F10 HD (720p),http://15.204.246.24:8080/F10HD/index.m3u8
F.B.I. Files,https://jmp2.uk/plu-64eddce19001910008df22b8.m3u8
Fabulosa Estéreo 100.5 FM (720p),https://www.streaming507.net:19360/videofabulosa/videofabulosa.m3u8
Fail Army (720p),https://bd93cfed.wurl.com/master/f36d25e7e52f1ba8d7e56eb859c636563214f541/UmFrdXRlblRWLWV1X0ZhaWxBcm15X0hMUw/playlist.m3u8
FailArmy,https://jmp2.uk/plu-5f5141c1605ddf000748eb1b.m3u8
Failarmy,https://failarmy-international-it.samsung.wurl.tv/playlist.m3u8
FailArmy (720p),https://failarmy-international-gb.samsung.wurl.tv/playlist.m3u8
Failarmy International (720p),https://failarmy-international-au.samsung.wurl.tv/playlist.m3u8
Fairfield Government Access Channel 26 (Fairfield CA) (720p) [Geo-blocked],https://reflect-fairfield-ca.cablecast.tv/live-8/live/live.m3u8
Fairuz (1080p),https://shd-amg-fast.edgenextcdn.net/tx029/playlist.m3u8
Faites entrer l'accusé,https://jmp2.uk/plu-662a622b5e2370000800f392.m3u8
Faith TV (576p),https://cdn.freevisiontv.co.za/sttv/smil:faith.stream.smil/playlist.m3u8
Faith World TV (1080p),https://faithworldtv.abs.tv/1826926230/index.m3u8
Fajar TV (720p) [Not 24/7],http://122.248.43.242:1935/FAJARTV/_definst_/myStream/playlist.m3u8
Fakt Marathi (720p) [Not 24/7],https://cdn-6.pishow.tv/live/10002/master.m3u8
Fala Litoral (480p),https://5c483b9d1019c.streamlock.net/falalitoraltv/falalitoraltv/playlist.m3u8
Falastini TV (1080p),https://rp.tactivemedia.com/palestiniantv_source/live/playlist.m3u8
Famatv (1080p) [Not 24/7],https://tv2.fastcast4u.com:3310/live/famatvlive.m3u8
Fame95 FM (480p),https://rjr-fame.akamaized.net/hls/live/2033820/RJR_FAME/master.m3u8
Familia Visión HD [Not 24/7],https://584097344c1f0.streamlock.net/29/stream/playlist.m3u8
Familien fra Bryggen,https://jmp2.uk/plu-61c19c8c9863900007acaa57.m3u8
Family Feud (1080p),https://amg00145-amg00145c23-samsung-gb-7654.playouts.now.amagi.tv/playlist.m3u8
Family Feud (720p),https://jmp2.uk/plu-672e4d915534bb0008c50168.m3u8
Family Feud (720p),https://aegis-cloudfront-1.tubi.video/e1638fe1-8df0-470a-9fa9-b515ca7ca18e/master.m3u8
Family Feud Classic (1080p),https://amg00145-amg00145c3-xumo-us-3802.playouts.now.amagi.tv/playlist.m3u8
Family Feud Classic (720p),https://jmp2.uk/plu-64c2222fb0cf5c0008288c4f.m3u8
Family Feud Classic (720p),https://jmp2.uk/plu-643f03b9d8436e0008edf021.m3u8
Family Jr (576p),http://tvsen5.aynascope.net/familyjr/index.m3u8
Family Ties,https://jmp2.uk/plu-654a4a3ef91d250008ac089b.m3u8
Family Ties,https://jmp2.uk/plu-654a4f7bf9cc8200086877d5.m3u8
Family Ties,https://jmp2.uk/plu-654a510d986ad20008a45874.m3u8
Family Ties,https://jmp2.uk/plu-5f77939a630f530007dde654.m3u8
FAN (1080p),http://31.148.48.15/Fan/index.m3u8
FanDuel TV (720p),http://40.160.24.55/TVG/index.m3u8
FanDuel TV Extra (1080p),https://d1x2mlky5ieruz.cloudfront.net/v1/fanduelgroup_fandueltv_01/samsungheadend_us/latest/main/hls/playlist.m3u8
FanDuel TV Extra (720p),https://jmp2.uk/plu-650b68bc2ce8e40008ac9c14.m3u8
Fanduel TV Extra (720p),https://aegis-cloudfront-1.tubi.video/bf25c5e4-9d1e-4b3e-a6c3-5f5578a81382/playlist.m3u8
Fangene på Fortet,https://jmp2.uk/plu-65cb8bd911ced7000820bff2.m3u8
Fano TV (1080p),https://5cbd3bc28341f.streamlock.net:444/fanotv_live/_definst_/43DA-3923-9C72-4E9F/playlist.m3u8
FAP TV (1080p),http://15.204.246.24:8080/FAPTVHD/index.m3u8
Faraja Television (1080p) [Not 24/7],https://panel.freedomflixtv.org:3868/hybrid/play.m3u8
Farg'ona MTRK,https://stream8.cinerama.uz/1458/tracks-v1a1/mono.m3u8
Farmland TV (720p),https://jmp2.uk/plu-663a15d7cb3ea10008edac88.m3u8
FarmodaTV (1080p),https://avr.host247.net/live/FarmodaTV/playlist.m3u8
Faro de Santidad TV (720p),https://5dbcd1053301e.streamlock.net:4443/farodesantidad/farodesantidad/playlist.m3u8
Faros TV2 (480p) [Geo-blocked],https://s1.cystream.net/live/faros2/playlist.m3u8
Farovisión (720p),https://streamtv.intervenhosting.net:3754/hybrid/play.m3u8
Farra Play (720p) [Not 24/7],http://159.203.148.226/live/farra.m3u8
Fars,https://ncdn.telewebion.ir/fars/live/playlist.m3u8
Farscape,https://jmp2.uk/plu-699c1b4c9c3b075ecd513139.m3u8
Fashion Finds (720p),https://qvc-amd-live.akamaized.net/hls/live/2034113/lsqvc5us/master.m3u8
Fashion&LifeStyle (1080p),http://stream.mcquack.net/119/index.m3u8
FashionBox,https://dash2.antik.sk/live/test_fashionbox_medium_atk/playlist.m3u8
FashionTV (720p),http://45.190.28.50/FASHION_TV_HD/index.m3u8
FashionTV Europe (1080p),https://68f1accef2154d2195cae87dec183843.mediatailor.us-east-1.amazonaws.com/v1/master/44f73ba4d03e9607dcd9bebdcb8494d86964f1d8/RakutenTV-eu_FashionTV/playlist.m3u8
FashionTV Paris L'Original (1080p),https://edge-fast3.evrideo.tv/bfdbb576-83f7-11f0-9f89-0200170e3e04_1000028043_HLS/manifest.m3u8
FashionTV Secrets (1080p),https://ssai.aniview.com/api/v1/hls/stream.m3u8?AVS_SSAIID=67c0c39764ad6f7dab07aa0b&AV_APPNAME=%5BADS.APP_NAME%5D&AV_APPPKGNAME=%5BADS.APP_BUNDLE%5D&AV_APPSTOREURL=%5BADS.APP_STORE_URL%5D&AV_CCPA=%5BADS.US_PRIVACY%5D&AV_CLIENT_SECTION=ftv_secrets&AV_CONSENT=%5BADS.GDPR_CONSENT%5D&AV_CONTENT_CAT=IAB7&AV_CONTENT_CHANNEL=&AV_CONTENT_CONTEXT=&AV_CONTENT_EPISODE=&AV_CONTENT_GENRE=fashion+and+lifestyle&AV_CONTENT_ID=%5BADS.VIDAA_ADS_CONTENTID%5D&AV_CONTENT_KEYWORDS=&AV_CONTENT_LANGUAGE=en&AV_CONTENT_LENGTH=&AV_CONTENT_NETWORK=&AV_CONTENT_PROVIDER=FTV&AV_CONTENT_RATING=R&AV_CONTENT_SEASON=&AV_CONTENT_SERIES=&AV_CONTENT_TITLE=&AV_CONTENT_URL=&AV_DNT=%5BADS.DNT%5D&AV_GDPR=%5BADS.GDPR%5D&AV_HEIGHT=%5BADS.H%5D&AV_IDFA=%5BADS.IFA%5D&AV_IFA_TYPE=%5BADS.IFA_TYPE%5D&AV_LANGUAGE=%5BADS.DEVICE_LANGUAGE%5D&AV_OSVERS=%5BADS.DEVICE_OSV%5D&AV_RTB_DEVICE_TYPE=%5BADS.DEVICE_TYPE%5D&AV_VAUTH=%2A%2A%2A&AV_WIDTH=%5BADS.W%5D&Content_Id=%5BADS.ADS_CONTENTID%5D&ads.vidaa_ads_param=1191723366&cb=%5BCACHEBUSTER%5D&content_channel_name=ftv+-fashiontv+Secrets&content_livestream=1
Fast&FunBox,https://dash3.antik.sk/live/test_fast_and_funbox_medium_atk/playlist.m3u8
Fateh TV (1080p) [Not 24/7],https://ott.livelegitpro.in/fatehtv/fatehtv/index.m3u8
Fauna (576p),http://stream.mcquack.net/401/index.m3u8
Fazal TV (1080p),http://cdn9.live247stream.com/punjabitvcanada/tv/playlist.m3u8
FB TV,http://1hskrdto.rocketcdn.com/fenerbahcetv.smil/playlist.m3u8
FBI Files,https://jmp2.uk/plu-62bdaa32a1b2fd00076693e8.m3u8
FBoy Island,https://jmp2.uk/plu-6790d6c7bc03978b9bfbfd44.m3u8
FC Public Media (Fort Collins CO) (1080p),https://reflect-fcpublicmedia.cablecast.tv/live-5/live/stream-1/live.m3u8
FCK Løvinderne,https://jmp2.uk/plu-68ac5403de4a734954b5ab75.m3u8
Fe Viviente (480p),https://stream.oursnetworktv.com/latin/feVivienteGtm/playlist.m3u8
Fear Factor (1080p),https://amg00627-banijaygroup-fearfactor-samsungau-9vdod.amagi.tv/playlist/amg00627-banijaygroup-fearfactor-samsungau/playlist.m3u8
Federalna televizija (720p),http://185.81.240.65:15000/udp/233.233.233.39:12000
Feel Good Drama,https://jmp2.uk/plu-65775af3b3801200084a3aa4.m3u8
Feel Good TV (720p) [Not 24/7],https://58c04fb1d143f.streamlock.net/feel_good_radio_1/feel_good_radio_1/playlist.m3u8
Fehérvár TV (360p),https://cloudfront44.lexanetwork.com:1344/freerelay/fehervartv.sdp/playlist.m3u8
FEM3,http://88.212.15.19/live/test_fem3_atktv/playlist.m3u8
Femenina TV,https://streamunoapp.com:3511/live/femeninatvlive.m3u8
Fernandina Beach City Meeting (Fernandina Beach FL) (720p) [Not 24/7],https://edge-f.swagit.com/live/fernandinabeachfl/live-1-a/playlist.m3u8
FETV (720p),https://gpuserver3.tier1streams.com/FETV/index.m3u8
FEVA MUSIC (1080p),https://dmecgxuzr2ywk.cloudfront.net/v1/master/9d062541f2ff39b5c0f48b743c6411d25f62fc25/DistroTV-MuxIP-FEVAMusic/417.m3u8?ads.vf=tnxM2v6NH4m
Feva Music (1080p),https://d2y0xw9ugf4if7.cloudfront.net/scheduler/scheduleMaster/417.m3u8
FEVA TV (1080p),https://d21x3vavxu7p2x.cloudfront.net/v1/master/9d062541f2ff39b5c0f48b743c6411d25f62fc25/DistroTV-MuxIP-FEVATV/416.m3u8?ads.vf=nn5CUAdOxVu
FGTEEV (1080p) [Geo-blocked],https://amg00285-amg00285c3-firetv-us-6596.playouts.now.amagi.tv/playlist.m3u8
FGTV (720p),https://fgtvlive.fgtv.com/smil:fgtv.smil/playlist.m3u8
FGTV,https://securestream11.champds.com/LIVE/FultonCoGALIVE/FultonCoGALIVE.m3u8
Fibwi (1080p) [Not 24/7],https://hostcdn3.fibwi.com/fibwi_diario/index.fmp4.m3u8
Ficom Channel (720p),https://v3.siar.us/ficomchannel/live/playlist.m3u8
Fidele TV (480p),https://59d39900ebfb8.streamlock.net/FIDELETV/FIDELETV/playlist.m3u8
Fides TV (720p),https://twitch-m3u8.bastypro112.workers.dev/radiofidesbolivia/index.m3u8
Fiesta TV,https://panelvideo1.intermediahost.co:3286/live/ruzfpkqklive.m3u8
FIFA+ (720p),https://jmp2.uk/plu-660c29b5aec9680008f5b4a4.m3u8
FIFA+ French (720p),https://37b4c228.wurl.com/master/f36d25e7e52f1ba8d7e56eb859c636563214f541/UmFrdXRlblRWLWZyX0ZJRkFQbHVzRnJlbmNoX0hMUw/playlist.m3u8
FIFA+ German (720p),https://4397879b.wurl.com/master/f36d25e7e52f1ba8d7e56eb859c636563214f541/UmFrdXRlblRWLWRlX0ZJRkFQbHVzR2VybWFuX0hMUw/playlist.m3u8
FIFA+ Hispanic America (720p),https://6c849fb3.wurl.com/master/f36d25e7e52f1ba8d7e56eb859c636563214f541/TEctbXhfRklGQVBsdXNTcGFuaXNoLTFfSExT/playlist.m3u8
FIFA+ Italy (720p),https://5d95f7d7.wurl.com/master/f36d25e7e52f1ba8d7e56eb859c636563214f541/UmFrdXRlblRWLWl0X0ZJRkFQbHVzSXRhbGlhbl9ITFM/playlist.m3u8
FIFA+ Portuguese (720p),https://e3be9ac5.wurl.com/master/f36d25e7e52f1ba8d7e56eb859c636563214f541/TEctYnJfRklGQVBsdXNQb3J0dWd1ZXNlX0hMUw/playlist.m3u8
FIFA+ Spain (720p),https://d63fabad.wurl.com/master/f36d25e7e52f1ba8d7e56eb859c636563214f541/UmFrdXRlblRWLWVzX0ZJRkFQbHVzU3BhbmlzaF9ITFM/playlist.m3u8
FIFA+ United States (720p),https://d2w9q46ikgrcwx.cloudfront.net/v1/master/3722c60a815c199d9c0ef36c5b73da68a62b09d1/cc-of5cbk3sav3w5/v1/sysdata_s_p_a_fifa_7/samsungheadend_us/latest/main/hls/playlist.m3u8
FIFA+ Women (720p),https://cffda8ff.wurl.com/master/f36d25e7e52f1ba8d7e56eb859c636563214f541/U2Ftc3VuZy1nYl9GSUZBUGx1c3dvbWVuX0hMUw/playlist.m3u8
Fight Network (1080p),https://d12a2vxqkkh1bo.cloudfront.net/hls/main.m3u8
Fight TV (1080p),https://streams2.sofast.tv/v1/master/611d79b11b77e2f571934fd80ca1413453772ac7/70e45fc8-1f6c-4492-ac26-9868f70f4e02/manifest.m3u8
FightBox,https://webtvstream.bhtelecom.ba/fightbox.m3u8
FilAmTV Network (1080p),https://cdn.vegasplus.us/vegas/ftv/playlist.m3u8
Filinfo TV (1080p),https://d2iqjnqfr8pv3b.cloudfront.net/out/v1/d09d2fc718404cd8bccd3eba2444dd70/index.m3u8
Fillka TV (1080p),https://amixtv.com/fillkatvhd/index.m3u8
Film1 Action,http://86.87.15.10:8008/play/a01l/index.m3u8
Film1 Drama,http://86.87.15.10:8008/play/a01k/index.m3u8
Film1 Family,http://86.87.15.10:8008/play/a01m/index.m3u8
Film1 Premiere,http://86.87.15.10:8008/play/a01n/index.m3u8
Film4,http://88.212.15.19/live/film4_hun/index.m3u8
Film & Arts (1080p),http://15.204.246.24:8080/FilmArtsHD/index.m3u8
Film Cafe,http://88.212.15.19/live/film_cafe/index.m3u8
Film+,http://88.212.15.19/live/test_film_plus_25p/playlist.m3u8
Film+,http://88.212.15.19/live/film_plus_hun_atk/index.m3u8
Filmax (576p),https://s3.ideationtec.live/Filmax/Filmax.m3u8
Filmazia (576p),http://103.250.28.74:8000/play/a02k/index.m3u8
FilmBox,http://46.149.191.219:9100/play/a015
FILMBOX+ Comedy Czechia,http://88.212.15.19/live/test_filmbox_family_atk_1200/playlist.m3u8
FILMBOX+ Comedy Magyar & Romania (576p),http://88.212.15.19/live/test_filmbox_family_hun_atk_1200/playlist.m3u8
FILMBOX+ Emotion Adria,https://webtvstream.bhtelecom.ba/filmbox_extra.m3u8
FILMBOX+ Emotion Bulgaria,http://213.91.179.28:8000/play/a04r
FILMBOX+ Emotion Czechia,http://88.212.15.19/live/test_film_boxextra_hd_hevc/playlist.m3u8
FILMBOX+ Emotion Hungary (1080p),http://88.212.15.19/live/test_filmbox_extra_hd_hun_atk_1200/playlist.m3u8
FILMBOX+ Festival,https://dash3.antik.sk/live/test_filmbox_arthouse_atk_1200/playlist.m3u8
FILMBOX+ Festival HD,https://webtvstream.bhtelecom.ba/filmbox_arthouse.m3u8
FILMBOX+ Hits Adria,https://webtvstream.bhtelecom.ba/filmbox_premium.m3u8
FILMBOX+ Hits Czechia,http://88.212.15.19/live/test_film_boxpremium_hd_hevc/playlist.m3u8
FILMBOX+ Hits Hungary,http://88.212.15.19/live/fb_premium_hungary/index.m3u8
FILMBOX+ Love & Crime,http://88.212.15.19/live/test_filmbox_plus_atk_1200/playlist.m3u8
FILMBOX+ Love & Crime Adria,https://webtvstream.bhtelecom.ba/filmbox_stars.m3u8
FILMBOX+ Love & Crime Bulgaria,http://213.91.179.28:8000/play/a066
FILMBOX+ One Bulgaria,http://213.91.179.28:8000/play/a06i
FILMBOX+ One Czechia,http://88.212.15.19/live/test_filmbox/playlist.m3u8
FILMBOX+ One Magyar,http://88.212.15.19/live/test_filmbox_plus_hun_atk_1200/playlist.m3u8
FILMBOX+ One Ukraine & Baltics (450p) [Geo-blocked],https://s70378.cdn.ngenix.net/filmbox/index.m3u8
Filmelier TV,https://jmp2.uk/plu-633dcebd80386500074a2461.m3u8
Filmes Suspense,https://jmp2.uk/plu-5f171d3442a0500007362f22.m3u8
Filmex (Xumo) (1080p) [Geo-blocked],https://filmex-filmex-xumo.amagi.tv/playlist.m3u8
Filmex Clásico (1080p) [Geo-blocked],https://filmex-filmexclasico-xumo.amagi.tv/playlist.m3u8
Filmgold (720p),https://jmp2.uk/plu-6305ca798bd95300072d2f93.m3u8
FilmGold Germany (1080p),https://mainstreamfilmgold-rakuten.amagi.tv/playlist.m3u8
FilmRise Anime (720p),https://dvu7aia8rjlfm.cloudfront.net/master.m3u8
FilmRise Binge Watch France (720p),https://d39g1vxj2ef6in.cloudfront.net/v1/master/3fec3e5cac39a52b2132f9c66c83dae043dc17d4/prod-rakuten-stitched/master.m3u8?ads.xumo_channelId=88883021
FilmRise Classic TV (720p),https://d2tv4k5moji5m7.cloudfront.net/v1/master/3722c60a815c199d9c0ef36c5b73da68a62b09d1/cc-lu4pzh9l4b57p/master.m3u8
FilmRise DeGrassi la nouvelle génération,https://d39g1vxj2ef6in.cloudfront.net/v1/master/3fec3e5cac39a52b2132f9c66c83dae043dc17d4/prod-rakuten-stitched/master.m3u8?ads.xumo_channelId=88883113
FilmRise Hot Ones (720p),https://d39g1vxj2ef6in.cloudfront.net/v1/master/3fec3e5cac39a52b2132f9c66c83dae043dc17d4/prod-rakuten-stitched/master.m3u8?ads.xumo_channelId=88883082
FilmRise Les Routes du Paradis (720p),https://d39g1vxj2ef6in.cloudfront.net/v1/master/3fec3e5cac39a52b2132f9c66c83dae043dc17d4/prod-rakuten-stitched/master.m3u8?ads.xumo_channelId=88883083
FilmRise Séries France (720p),https://d39g1vxj2ef6in.cloudfront.net/v1/master/3fec3e5cac39a52b2132f9c66c83dae043dc17d4/prod-rakuten-stitched/master.m3u8?ads.xumo_channelId=88883033
FilmRise Westerns (720p),https://dz05z8iljgvbe.cloudfront.net/master.m3u8
FilmRise Z Nation France (720p),https://d39g1vxj2ef6in.cloudfront.net/v1/master/3fec3e5cac39a52b2132f9c66c83dae043dc17d4/prod-rakuten-stitched/master.m3u8?ads.xumo_channelId=88883103
FilmUA Live,https://dash2.antik.sk/live/test_film_life_atktv/playlist.m3u8
FilmUADrama (1080p),http://88.99.215.227/FilmUADrama/index.m3u8
Filmzie (720p),https://filmzie-filmzie-1-eu.rakuten.wurl.tv/playlist.m3u8
Filstalwelle (1080p),https://h055.video-stream-hosting.de/filstalwelle-live/_definst_/mp4:livestream/playlist.m3u8
Finans Turk TV (720p),https://yayin30.haber100.com/live/finansturk/playlist.m3u8
Finest TV (288p) [Not 24/7],https://media.finest.tv/hls/live.m3u8
Fireplace Vibes (2160p),https://d21izs34d0y5tl.cloudfront.net/Fireplace_4K_SONO20.m3u8
Fireplace Vibes (2160p) [Geo-blocked],https://pb-rhq7yj8tne4rm.akamaized.net/Fireplace_4K_SONO20.m3u8
First Channel News (1080p),https://amtvusdvr.tulix.tv/am3abr/index.m3u8
First India News (360p) [Not 24/7],https://xlbor37ydvaj-hls-live.wmncdn.net/firstindianewstv1/live.stream/index.m3u8
First Music Channel Russia (1080p),http://hls127.freeott.top:8080/1muz_HD/video.m3u8
Firstlight (576p),https://uni01rtmp.tulix.tv/firstlight/firstlight.smil/playlist.m3u8
Fish TV (720p),http://45.162.64.114/FISH_TV/index.m3u8
Fish TV,https://tv.localstreamgh.com/fishtv/index.m3u8
FITE 24/7 (1080p),https://d3d85c7qkywguj.cloudfront.net/v1/master/9d062541f2ff39b5c0f48b743c6411d25f62fc25/FiteTV-DistroTV/263.m3u8?ads.vf=d4xngnNL060
FITE 24/7 (1080p),https://d3d85c7qkywguj.cloudfront.net/scheduler/scheduleMaster/263.m3u8
Fitel TV (1080p),https://tv.mywifisocial.es/live.m3u8
Fix TV (720p) [Not 24/7],https://fixhd.tv:8082/fix/1080i/playlist.m3u8
Fixers and Flippers,https://jmp2.uk/plu-62fb62081afad500077e915e.m3u8
Flame TV (576p),https://viewmedia7219.bozztv.com/wmedia/viewmedia100/web_010/Stream/playlist.m3u8
Flash Haber TV,https://b01c02nl.mediatriple.net/videoonlylive/mtyycglqauzjhlive/broadcast_67c053c48829f.smil/playlist.m3u8
Flashpoint,https://jmp2.uk/plu-66d71ff86b63480008cf15c5.m3u8
Flashpoint,https://jmp2.uk/plu-66d7120815d2c60008cec006.m3u8
Flashpoint,https://jmp2.uk/plu-66a10eacfe11e500084c6925.m3u8
Flex Studio Radio TV [Not 24/7],https://live20.bozztv.com/akamaissh101/ssh101/fsradiotv/playlist.m3u8
Flicks of Fury,https://jmp2.uk/plu-58e55b14ad8e9c364d55f717.m3u8
Flipper,https://jmp2.uk/plu-68d277fb12bf71eaaed3e9f1.m3u8
Flipper: The New Adventures,https://jmp2.uk/plu-698ddd6ec144dcc29b866133.m3u8
Flipper: The New Adventures,https://jmp2.uk/plu-698dde17c7f3f49e64e3414a.m3u8
Flipper: The New Adventures,https://jmp2.uk/plu-698dde7c8b5c1e0795b85739.m3u8
Flipping Nation (720p),https://a64543d5.wurl.com/master/f36d25e7e52f1ba8d7e56eb859c636563214f541/UmFrdXRlblRWLWdiX0ZsaXBwaW5nTmF0aW9uX0hMUw/playlist.m3u8
Flipping Nation (720p),https://d3795432.wurl.com/master/f36d25e7e52f1ba8d7e56eb859c636563214f541/U2Ftc3VuZy1nYl9GbGlwcGluZ05hdGlvbl9ITFM/playlist.m3u8
Flipping Nation (720p),https://d21mkcgtx2frod.cloudfront.net/v1/aenetworks_flippingnation_1/samsungheadend_us/latest/main/hls/playlist.m3u8
Flix (720p),https://gpuserver3.tier1streams.com/FLIX/index.m3u8
FloHockey 24/7 (1080p),https://amg02278-amg02278c2-flosports-worldwide-9916.playouts.now.amagi.tv/playlist.m3u8
FloRacing 24/7 (1080p),https://amg02278-amg02278c1-distrotv-us-7534.playouts.now.amagi.tv/playlist/amg02278-flosports-floracing24x7-distrotvus/playlist.m3u8
FloRacing 24/7 (1080p),https://amg02278-amg02278c1-flosports-worldwide-7592.playouts.now.amagi.tv/playlist.m3u8
Flow Caribe,https://stream.ads.ottera.tv/playlist.m3u8?network_id=1083
Flowers TV (576p),http://103.72.101.252:8080/live/634.m3u8
Flowers TV USA,https://yuppmedtaorire.akamaized.net/v1/master/a0d007312bfd99c47f76b77ae26b1ccdaae76cb1/flowers_nim_https/050522/flowers/playlist.m3u8
Fluss Monster (1080p),https://rivermonstergermany-rakuten.amagi.tv/playlist.m3u8
Fluss-Monster,https://jmp2.uk/plu-62a0b2aff4cf470007e47e29.m3u8
Flynn Carson et The Outpost,https://jmp2.uk/plu-68d292d554c61bfff220a635.m3u8
FM ITALIA (1080p),https://stream2.xdevel.com/video0s975817-1183/stream/playlist.m3u8
FM Mundo (1080p),https://video2.makrodigital.com/fmmundo/fmmundo/playlist.m3u8
FM Plus TV (720p),https://v2.tustreaming.cl/fmplus/index.m3u8
FNX (1080p),https://fnx.lls.pbs.org/index.m3u8
FNX [Geo-blocked],https://castus-vod-dev.s3.amazonaws.com/vod_clients/kvcr/live/ch1/video.m3u8
Folcloreando TV,https://stmvideo6.livecastv.com/radioactivasanjuan/radioactivasanjuan/playlist.m3u8
Folk Klub (720p),http://tv1.intv.mk:1935/live2/folkklub/index.m3u8
Folk TV (1080p) [Not 24/7],https://stream.nasatv.com.mk/folktv/hls/folktv_live.m3u8
Folketinget (1080p) [Not 24/7],https://cdnapi.kaltura.com/p/2158211/sp/327418300/playManifest/entryId/1_24gfa7qq/protocol/https/format/applehttp/a.m3u8
Folklore TV (720p),https://play.folkloretv.pe/StreamSD/index.m3u8
FOLX Music (1080p),https://cdne.folxplay.tv/folx-trz/streams/ch-4/master.m3u8
Folx Slovenija (1080p),https://cdne.folxplay.tv/folx-trz/streams/ch-5/master.m3u8
FomixTV (1080p),https://stream.fomixmedia.nl/FomixTV/video.m3u8
Fon Music (1080p),http://hls127.freeott.top:8080/TNT_MUSIC_HD/video.m3u8
Fontana Community Television (720p) [Geo-blocked],https://reflect-watchkfon-fontana.cablecast.tv/live-3/live/live.m3u8
Fonte TV (1080p) [Not 24/7],http://flash.softhost.com.br:1935/fonte/fontetv/live.m3u8
Food Food (576p),https://mumt03.tangotv.in/Dsly5z3HFOODFOOD/index.m3u8
FoodTime (1080p),http://stream.mcquack.net/216/index.m3u8
Foot+,http://145.239.5.177/556a/index.m3u8
For lækker til love,https://jmp2.uk/plu-6272511cb389bb0007b30b09.m3u8
For You TV,https://stream.az-multimedia.com:3325/live/foryoutvlive.m3u8
Fora Tedio TV (720p),https://stmv2.srvif.com/foratedio/foratedio/playlist.m3u8
Forensic Files (720p) [Geo-blocked],https://pb-x9qsxrudiq9d2.akamaized.net/webvtt/v1/18584c3f3a2a4df8/88886014/master.m3u8
Forensic Files,https://jmp2.uk/plu-62e92392a3e6270007f562e8.m3u8
Forever Kids,https://jmp2.uk/plu-56171fafada51f8004c4b40f.m3u8
Forged In Fire (720p) [Geo-blocked],https://pb-7zbm16kmdn8iw.akamaized.net/v1/aenetworks_forgedinfire_1/samsungheadend_us/latest/main/hls/playlist.m3u8
FORMedia TV (720p),https://mercury.32bit.gr:19360/formediatv/720p.m3u8
Formula (1080p),https://c4635.cdn.xsg.ge/c4635/TVFormula/index.m3u8
Foro TV,https://mc.servidor.stream:19360/8274/8274.m3u8
Forsidefruer,https://jmp2.uk/plu-61c19dcefbb4b50007d242e1.m3u8
Fort Collins Cable TV (FCTV) (Fort Collins CO) (1080p),https://reflect-vod-fcgov.cablecast.tv/live-9/live/stream-1/live.m3u8
Fort Pierce Live Stream (Fort Pierce FL) (720p),https://edge-f.swagit.com/live/fortpiercefl/live-1-a/playlist.m3u8
FORT TV (480p),https://fort.co-works.org/memfs/87017643-274a-4bc0-a786-7767a0d159c2.m3u8
Fortaleza TV (1080p),https://multimedia.fortalezatv.cl/video/video.m3u8
Fortaleza TV Cueto (720p),https://twitch-m3u8.bastypro112.workers.dev/tvfortalezacueto/index.m3u8
Fortis TV,https://stream.fortistv.com/hls/fortis-news/index.m3u8
Fortuna TV (1080p),https://edge.taksimbilisim.com/ftvturk/bant1/playlist.m3u8
Fortuna TV (720p),https://edge1.socialsmart.tv/ftvturk/bant1/playlist.m3u8
Fortuna TV (1080p),https://streamtv.intervenhosting.net:3355/live/fortunatvlive.m3u8
FORTUNE TV (720p),http://103.215.194.93:8282/hls/fortunetv/vmix.m3u8
Foshan News TV,http://dslive.grtn.cn/fszh/sd/live.m3u8
Four in a Bed (720p),https://all3media-four-in-a-bed-1-au.samsung.wurl.tv/playlist.m3u8
Four in a Bed (720p),https://all3media-four-in-a-bed-1-nl.samsung.wurl.tv/playlist.m3u8
Four in a Bed (720p),https://all3media-four-in-a-bed-1-nz.samsung.wurl.tv/playlist.m3u8
Foursquare TV (360p) [Not 24/7],https://webstreaming-3.viewmedia.tv/web_033/Stream/playlist.m3u8
Fox [Not 24/7],http://315e5a5d.ottrast.com/iptv/MM4E93NGF5LADZ/6108/index.m3u8
Fox (576p),http://stream.mcquack.net/182/index.m3u8
Fox (1080p) [Geo-blocked],https://messi.damitv.st/papi/ts/fox-usa/playlist.m3u8
FOX 2 San Francisco CA (KTVU) (720p),https://aegis-cloudfront-1.tubi.video/8d9284ec-c451-4e51-a1d4-d16e5c8972af/index.m3u8
FOX 11 Green Bay WI (WLUK) (1080p),https://linear-702.frequency.stream/dist/stirr/702/hls/master/playlist.m3u8
FOX 13 Seattle WA (KCPQ) (720p),https://aegis-cloudfront-1.tubi.video/cc394198-7bde-43e8-b186-875bc0eb3037/index.m3u8
FOX 23 Cape Girardeau MO (KBSI-DT1) (720p) [Not 24/7],https://live.field59.com/kbsi/kbsi1/playlist.m3u8
Fox 25 Boston (WFXT-TV) (1080p) [Geo-blocked],https://pubads.g.doubleclick.net/ssai/event/1kItNgwtQUe54NjjBiiTGg/master.m3u8
FOX 25 Oklahoma City OK (KOKH) (1080p),https://linear-705.frequency.stream/dist/stirr/705/hls/master/playlist.m3u8
FOX 26 Visalia CA (KMPH) (1080p),https://linear-711.frequency.stream/dist/stirr/711/hls/master/playlist.m3u8
FOX 45 Baltimore MD (WBFF) (1080p),https://linear-688.frequency.stream/dist/stirr/688/hls/master/playlist.m3u8
Fox Business Network (720p),http://40.160.24.58/FOX_BUSINESS_NETWORK/index.m3u8
Fox Deportes (1280p),https://cors-proxy.cooks.fyi/http://23.237.104.106:8080/USA_FOX_DEPORTES/index.m3u8
Fox Life (576p),http://stream.mcquack.net/129/index.m3u8
FOX LOCAL Los Angeles,https://jmp2.uk/plu-667f2c7b22acab0008b7072b.m3u8
Fox News Channel (720p),http://45.190.28.50/FOX_NEWS/index.m3u8
Fox News International (720p),https://gpuserver3.tier1streams.com/FOX/index.m3u8
Fox News Radio (720p),https://radiovid.foxnews.com/hls/live/661547/RADIOVID/index.m3u8
Fox Soccer Plus (720p),https://gpuserver3.tier1streams.com/FOX_SOCCER_PLUS/index.m3u8
Fox Soul (1080p),https://fox-foxsoul-samsungus.amagi.tv/playlist.m3u8
FOX Sports (1080p),https://d1jzu95oc8fgt3.cloudfront.net/FOX_Sports.m3u8
FOX Sports (1080p) [Geo-blocked],https://amg02855-foxsports-amg02855c1-xumo-us-1755.playouts.now.amagi.tv/Fox-Sports-AmazonNews/playlist.m3u8
Fox Sports (720p),https://live-manifest.production-public.tubi.io/live/6035c7fd-efff-4ec7-93dc-aa0c7a58ba47/playlist.m3u8
Fox Sports (720p) [Not 24/7],https://futbol9865.ultratv13.workers.dev/deportivo111/78.m3u8
Fox Sports 1 (720p),http://85.237.89.160:9590/usa-s/FOX-SPORTS-1/index.m3u8
Fox Sports 2 (720p),https://ftv.itscwd273.workers.dev/?id=FOXSPORTS2
FOX Weather (1080p) [Geo-blocked],https://pb-hum8cczphcrpf.akamaized.net/FOX_Weather.m3u8
Fox West (720p),http://stream.cammonitorplus.net/1799/index.m3u8
France 2 (1080p),http://69.64.57.208/france2/mono.m3u8
France 3,http://85.14.32.26:8800/udp/239.100.10.144:5000
France 3 Cote d'Azur,http://89.187.185.76:8080/France3/index.m3u8
France 3 Lorraine (1080p),http://5.180.164.197:8080/FRANCE3/index.m3u8
France 4,http://176.65.146.100:8047/play/a074/index.m3u8
France 4 HD (1080p),https://sv1.data-stream.top/8c0a287e56a6e1843143904778be3775b4d3edd4fba4ffcc3f72638c7a71d4d4/hls/francetv4.m3u8
France 5 (1080p),http://69.64.57.208/france5/mono.m3u8
France 24 Arabic (1080p),https://live.france24.com/hls/live/2037222-b/F24_AR_HI_HLS/master_5000.m3u8
France 24 English (1080p),https://live.france24.com/hls/live/2037218-b/F24_EN_HI_HLS/master_5000.m3u8
France 24 Español (1080p),https://live.france24.com/hls/live/2037220-b/F24_ES_HI_HLS/master_5000.m3u8
France 24 FAST English (1080p),https://amg00106-amg00106c1-rakuten-uk-4654.playouts.now.amagi.tv/playlist/amg00106-france24fast-france24-rakutenuk/playlist.m3u8
France 24 French (1080p),https://live.france24.com/hls/live/2037179-b/F24_FR_HI_HLS/master_5000.m3u8
France Inter (288p),https://raw.githubusercontent.com/Sibprod/streams/main/ressources/dm/py/hls/franceinter.m3u8
Franceinfo,https://raw.githubusercontent.com/Sibprod/streams/main/ressources/dm/py/hls/franceinfotv.m3u8
Franchs TV (720p),https://stream.oursnetworktv.com/latin/franchstv/playlist.m3u8
Francophonie24 (1080p),https://5421175365ea3.streamlock.net/live/smil:switch.smil/playlist.m3u8
Franken Fernsehen (Nürnberg) (1080p) [Not 24/7],https://frankentv.iptv-playoutcenter.de/frankentv/frankentv.stream_1/playlist.m3u8
FrankenPlus (1080p),https://stream01.welocal.stream/stream/fhd-frankenplus_119/ngrp:stream_all/playlist.m3u8
Frasier,https://jmp2.uk/plu-62cebf042ffc6d0007c4e59a.m3u8
Frasier,https://jmp2.uk/plu-6400c095498393000878a634.m3u8
Frasier,https://jmp2.uk/plu-62f4f90e39183b000769f12b.m3u8
Frasier: Berühmte Gäste,https://jmp2.uk/plu-6790fa9e1cfc4aa96dfadcef.m3u8
FRATA TV (1080p) [Not 24/7],https://vdopanel.jlahozconsulting.com:3706/hybrid/play.m3u8
Frecuencia 7 TV (720p),https://v2.tustreaming.cl/frecuencia7/index.m3u8
Frecuencia Amazonica,https://vivatv.juanjuiserver.com:3349/live/frecuenciaamazonicalive.m3u8
Frecuencia F TV (1080p),https://tv.frecuenciaf.com/live/envivo_1080p4000kbs/index.m3u8
Frecuencia Musical TV [Not 24/7],https://s2.tvdatta.com:3307/hybrid/play.m3u8
Free Speech TV (720p),https://edge.fstv-live-linear-channel.top.comcast.net/Content/HLS_HLSv3/Live/channel(b168a609-19c1-2203-ae1d-6b9726f05e67)/index.m3u8
Freebie TV (720p) [Not 24/7],https://d1h1d6qoy9vnra.cloudfront.net/v1/master/9d062541f2ff39b5c0f48b743c6411d25f62fc25/Freebie-Plex/187.m3u8
FREEDOM (1080p),https://dash4.antik.sk/live/test_uatv/playlist.m3u8
Freeform (1080p),http://40.160.24.52/FREEFORM/index.m3u8
FreeTV Estelar (1080p),https://d38sud5af047z8.cloudfront.net/ftveu.m3u8
Fresh Movies by VVS Films (720p),https://jmp2.uk/plu-691e0561e32eb094b835c418.m3u8
Fresh News,http://streaming-android.freshnewsasia.tv:1935/live/ngrp:myStream_all/playlist.m3u8
Fresno CMAC 1 Public Channel (720p),https://reflect-vod-cmac.cablecast.tv/live-11/live/stream-1/live.m3u8
Fresno CMAC 2 Education Channel (720p),https://reflect-vod-cmac.cablecast.tv/live-11/live/stream-2/live.m3u8
Fresno CMAC 3 Government Channel (720p),https://reflect-vod-cmac.cablecast.tv/live-11/live/stream-3/live.m3u8
Friday! (576p),http://94.230.129.31:8080/Friday/index.m3u8
FrightFlix (720p),https://stream-us-east-1.getpublica.com/playlist.m3u8?network_id=2229
Frikanalen (720p),https://frikanalen.no/stream/index.m3u8
Fristet,https://jmp2.uk/plu-6969fc6c3b9ce349c9e41670.m3u8
Frusna Vägar,https://jmp2.uk/plu-61c19099bf8c520007a93cff.m3u8
FS1 Salzburg (720p) [Not 24/7],http://stream.fs1.tv:8080/hls/webstream.m3u8
FTF Sports (720p),https://1593604785.rsc.cdn77.org/FTF/FTF_SCTE.m3u8
FTV (720p),https://master.tucableip.com/ftvhd/index.m3u8
FTV (576p),https://stream8.cinerama.uz/1018/playlist.m3u8
FTV (民視) (720p) [Not 24/7],http://seb.sason.top/ptv/ftv.php?id=ms
FTV One (民視第一台) (720p) [Not 24/7],http://seb.sason.top/ptv/ftv.php?id=dy
FTV Taiwan (民視台灣台) (720p) [Not 24/7],http://seb.sason.top/ptv/ftv.php?id=tw
fubo Sports Network (1080p),https://dnf08l6u6uxnz.cloudfront.net/master.m3u8
Fuego TV [Not 24/7],https://streamunoapp.com:3553/live/cromtvlive.m3u8
FuegoTV (1080p),http://bantel-cdn1.iptvperu.tv:1935/btnscrtn/fuegotv.stream/playlist.m3u8
Fuel TV (1080p),https://amg01074-fueltv-fueltvau-samsungau-g09kq.amagi.tv/playlist/amg01074-fueltv-fueltvau-samsungau/playlist.m3u8
FUEL TV (1080p),https://amg01074-fueltv-fueltvemeaen-rakuten-b6j62.amagi.tv/hls/amagi_hls_data_rakutenAA-fueltvemeaen/CDN/master.m3u8
Fuel TV (1080p),https://amg01074-fueltv-amg01074c1-stirr-us-4214.playouts.now.amagi.tv/playlist.m3u8
FUEL TV (1080p),https://d35j504z0x2vu2.cloudfront.net/v1/master/0bc8e8376bd8417a1b6761138aa41c26c7309312/fuel-tv/playlist.m3u8?ads.vf=gbdyvfXODOK
Fuerteventura TV (1080p),https://5c0956165db0b.streamlock.net/ftv/directo/.m3u8
Fujairah TV (720p),https://live.kwikmotion.com/fujairahlive/fujairah.smil/playlist.m3u8
Fun Radio,https://raw.githubusercontent.com/Sibprod/streams/main/ressources/dm/py/hls/funradiofr.m3u8
Fun Roads (720p),https://stream-us-east-1.getpublica.com/playlist.m3u8?network_id=978
Fun Vision,https://funradiovisionhd.vedge.infomaniak.com/livecast/ik:funradiovisionhd/manifest.m3u8
FunBox,http://186.148.196.100:8000/play/a00d
FunBox UHD,https://webtvstream.bhtelecom.ba/funbox.m3u8
Funny AF,https://jmp2.uk/plu-65a6a5e90c7ff50008cb9815.m3u8
Funny AF,https://jmp2.uk/plu-580e87ff497c73ba2f321dd3.m3u8
Fury,https://jmp2.uk/plu-6270ea4345f5bc0007823048.m3u8
Fuse (1080p),http://23.237.104.106:8080/USA_FUSE/index.m3u8
FUSION TV (1080p),https://edge20.vedge.infomaniak.com/livecast/ik:fusiontv/manifest.m3u8
Futbol (1080p),https://live.teleradiocom.tj/8/3m.m3u8
Futbol TV (1080p),http://stream3.cinerama.uz/1010/tracks-v1a1/mono.m3u8
Futura (720p),http://168.197.104.22:80/FUTURA/index.m3u8
Future TV (1080p),https://live.kwikmotion.com/futurelive/ftv.smil/playlist.m3u8
FUTV,http://190.61.90.17:40000/play/a03v/index.m3u8
FX (1080p),http://23.237.104.106:8080/USA_FX/index.m3u8
FX Latin America (1080p),http://45.162.193.35/FX/index.m3u8
FX Latin America South (720p),http://72.1.184.5:8089/play/a05i/index.m3u8
FX Movie Channel (720p),http://40.160.24.52/FXM/index.m3u8
FX TV 1,https://fxtvhls.wns.live/hls/stream.m3u8
FX TV 2,https://toonixhls.wns.live/hls/stream.m3u8
FXM (720p),https://gpuserver3.tier1streams.com/FXM/index.m3u8
FXX (1080p),http://23.237.104.106:8080/USA_FXX/index.m3u8
G-eye TV (1080p),https://online.geyetv.com/hls/stream.m3u8
Gagsnetwork (576p),http://hls127.freeott.top:8080/Gagsnetwork/video.m3u8
Gainesville Community 12TV (Gainesville FL) (720p),https://lin10.isilive.ca/live/gainesville/live/index.m3u8
Gaki no Tsukai (English Subs) (720p),https://hamada.gaki-no-tsukai.stream/hls/test.m3u8
Galactica TV,https://stream.neux.site/memfs/e3f59eec-6b93-45e1-a2ab-c82381c2a9ec.m3u8
Galaxia TV (360p),https://streaming.grupomediosdelnorte.com:19360/galaxiateve/galaxiateve.m3u8
Galaxy4,https://budapest-cache-1.antik.sk/live/test_galaxy_4_atk_1200/playlist.m3u8
Galaxy TV (720p) [Not 24/7],https://stream.castr.com/6463248048d6cd3e143655b2/live_43351ad0f3b411ed81c78fcc31887c54/index.fmp4.m3u8
Galicia TV Europa (720p),https://crtvg-europa.flumotion.cloud/playlist.m3u8
Galveston County TV (720p) [Not 24/7],https://edge-f.swagit.com/live/galvestontx/smil:hd-16x9-1-a/playlist.m3u8
Galxy TV (720p),https://stream-us-east-1.getpublica.com/playlist.m3u8?network_id=2230
Gamavision (1080p),http://45.224.97.181:9999/Gamavision/index.m3u8
Gambero Rosso (720p),https://jmp2.uk/plu-6971fc07c945e6e4e5bc46bf.m3u8
Game & Fish TV (1080p),https://d32bh11mbsmi60.cloudfront.net/Game_Fish_TV.m3u8
Game Show Central (720p),https://jmp2.uk/plu-5e54187aae660e00093561d6.m3u8
Game Show Network (1080p),https://gpuserver3.tier1streams.com/GSN/index.m3u8
Game+ (720p),https://a-cdn.klowdtv.com/live2/fntsy_720p/playlist.m3u8
Gametoon,https://webtvstream.bhtelecom.ba/gametoon.m3u8
GAMTV.cr (720p),https://v2.azulstream.com:8081/gamtv/gamtv/index.m3u8
Gandan TV (1080p),https://cdn4.skygo.mn/live/disk1/GTV/DASH-FTA/GTV.mpd
Gangaur TV (1080p),https://pbgangaur.wiseplayout.com/Gangaur/master.m3u8
Ganj e Hozour TV (1080p),https://media.parvizshahbazi.com/ganjehozour/Main_tv/playlist.m3u8
Garabito TV (720p),https://59ef525c24caa.streamlock.net/garabitoTV/garabitotv/playlist.m3u8
Garage TV Latin America,https://stream1.sersat.com/hls/garagetv.m3u8
Gardenias TV (720p) [Not 24/7],https://stream.oursnetworktv.com/latin/gardeniasTv/playlist.m3u8
Gardening With Monty Don (720p),https://aegis-cloudfront-1.tubi.video/b82a751c-18e0-417c-92c1-d476319da423/playlist.m3u8
Gardening with Monty Don,https://all3media-gardening-with-monty-don-us.xumo.wurl.tv/playlist.m3u8
Garfield and Friends,https://jmp2.uk/plu-677f927554f43dad4b3258aa.m3u8
Garshom TV (360p) [Not 24/7],https://og2qd3aal7an-hls-live.5centscdn.com/garshomtv/d0dbe915091d400bd8ee7f27f0791303.sdp/playlist.m3u8
Garuda TV (1080p),https://hgmtv.com:19360/garudatvlivestreaming/garudatvlivestreaming.m3u8
Garv Punjab Gurbani (1080p),https://d35j504z0x2vu2.cloudfront.net/v1/master/0bc8e8376bd8417a1b6761138aa41c26c7309312/garv-punjab-gurbani/index.m3u8?ads.vf=3s3toJC4g3i
Gata salvaje,https://jmp2.uk/plu-69c5100c3d2597380f0f6422.m3u8
Gaunda Punjab TV (720p),http://cdn6.live247stream.com/gaundapunjab/tv/playlist.m3u8
Gaviota TV,https://gaviotatv.streamseguro.com:3195/live/gaviotatvlive.m3u8
Gazi TV (1080p),http://tvn1.chowdhury-shaheb.com/gazitv/index.m3u8
GB News (1080p),https://amg01076-lightningintern-gbnewsau-samsungau-et7fz.amagi.tv/playlist/amg01076-lightningintern-gbnewsau-samsungau/playlist.m3u8
GB News HD (2160p),https://xemzi.short.gy/1000017
GBN Global Buddhist Network (1080p),https://github.com/BellezaEmporium/IPTV_Exception/raw/master/channels/us/gbnus.m3u8
GBS TV (720p) [Not 24/7],https://goliveafrica.media:9998/live/647460ac1ddd6/index.m3u8
GCN24 Korean (720p),http://liveko24-manminglobal3.ktcdn.co.kr/liveko24/gcnko_1300k.stream/playlist.m3u8
GDS TV,http://31.146.5.178:8087/play/a00a/index.m3u8
ge Fast (1080p),https://amg00716-globo-amg00716c1-tcl-br-9495.playouts.now.amagi.tv/playlist.m3u8
Geb Tv (KBPX LD5) (1080p),https://edge1.lifestreamcdn.com/live/geb/playlist.m3u8
Geekdot (720p),https://stream.ichibantv.com:3764/hybrid/play.m3u8
GEM 24B,https://ca-rt.onetv.app/gem24b/index-0.m3u8?token=%2A%2A%2A
GEM Bollywood,https://ca-rt.onetv.app/gembollywood/index-0.m3u8?token=%2A%2A%2A
GEM Classic,https://ca-rt.onetv.app/gemclassic/index-0.m3u8?token=%2A%2A%2A
GEM Comedy,https://ca-rt.onetv.app/gemcomedy/index-0.m3u8?token=%2A%2A%2A
GEM Drama,https://ca-rt.onetv.app/gemdrama/index-0.m3u8?token=%2A%2A%2A
GEM Drama Plus,https://ca-rt.onetv.app/gemdramaplus/index-0.m3u8?token=%2A%2A%2A
GEM Entertainment,https://ca-rt.onetv.app/gementertainment/index-0.m3u8?token=%2A%2A%2A
GEM Film,https://ca-rt.onetv.app/gemfilm/index-0.m3u8?token=%2A%2A%2A
GEM Fit,https://ca-rt.onetv.app/gemfit/index-0.m3u8?token=%2A%2A%2A
GEM Food,https://ca-rt.onetv.app/gemfood/index-0.m3u8?token=%2A%2A%2A
GEM Junior,https://ca-rt.onetv.app/gemjunior/index-0.m3u8?token=%2A%2A%2A
GEM Kids,https://ca-rt.onetv.app/gemkids/index-0.m3u8?token=%2A%2A%2A
GEM Life,https://ca-rt.onetv.app/gemlife/index-0.m3u8?token=%2A%2A%2A
GEM Mifa,https://ca-rt.onetv.app/gemmifa/index-0.m3u8?token=%2A%2A%2A
GEM Mifa Plus,https://ca-rt.onetv.app/gemmifaplus/index-0.m3u8?token=%2A%2A%2A
GEM Nature,https://ca-rt.onetv.app/gemnature/index-0.m3u8?token=%2A%2A%2A
GEM Onyx,https://ca-rt.onetv.app/gemonyx/index-0.m3u8?token=%2A%2A%2A
GEM Pixel,https://glserver1.tamashaland.com/live/aBCH96886YznRbGOiqTnnQ__/stream_0.m3u8
GEM River,https://ca-rt.onetv.app/gemriver/index-0.m3u8?token=%2A%2A%2A
GEM River Plus,https://ca-rt.onetv.app/gemriverplus/index-0.m3u8?token=%2A%2A%2A
GEM Rubix,https://ca-rt.onetv.app/gemrubix/index-0.m3u8?token=%2A%2A%2A
GEM Rubix Plus,https://ca-rt.onetv.app/gemrubixplus/index-0.m3u8?token=%2A%2A%2A
GEM Series Plus,https://ca-rt.onetv.app/gemseriesplus/index-0.m3u8?token=%2A%2A%2A
Gem Shopping Network (720p),https://amg01460-gemshoppingnetw-gem-ono-x662c.amagi.tv/playlist.m3u8
GEM Sport,https://steep-wildflower-284d.nhhwkiszzzvcuojxdo.workers.dev/?url=https%3A%2F%2Fgg.hls2.xyz%2Flive%2FIR+-+GEM+Sport%2Fchunks.m3u8
GEM TV,https://ca-rt.onetv.app/gem/index-0.m3u8?token=%2A%2A%2A
GEM TV Plus,https://ca-rt.onetv.app/gemtvplus/index-0.m3u8?token=%2A%2A%2A
Gems TV (720p),https://lo3.gemporia.com/abrgemporiaukgfx/smil:livestream.smil/playlist.m3u8
Gen,https://no.gendigi.net/origin-proxy/chunklist.m3u8
Generation Sitcoms (1080p),https://production-fastbpk.content.okast.tv/fa2e8c4385712f9aa35c5b79a2b4ac2d/channels/eec463a6-4364-473b-8d89-555acc5b8fb2/e36e4304-73ff-4f9f-8d38-e748576a1f51/media_.m3u8
Génération Sitcoms,https://jmp2.uk/plu-60afb203ec391c00070ea1bf.m3u8
Generations TV (576p),https://event.vedge.infomaniak.com/livecast/ik:generation-tv/manifest.m3u8
Génesis TV (768p) [Not 24/7],https://cdn.streamhispanatv.net:3126/live/genesistvlive.m3u8
Genial TV (720p),https://v1.tustreaming.cl/genialtv/index.m3u8
Genie K Drama (1080p),https://ads.its-newid.net/api/manifest.m3u8?ads.service_id=US2000012KX&channel_id=newid_351&tp=samsung_tvplus
Genie K Movie (1080p),https://ads.its-newid.net/api/manifest.m3u8?ads.service_id=US200001137&channel_id=newid_350&tp=samsung_tvplus
Genios TV (1080p),https://sc3.wasidata.com/Genios2_1902/video.m3u8
Geo Kahani (576p),http://116.90.120.151:8000/play/a023/index.m3u8
Geo News (576p),http://116.90.120.151:8000/play/a020/index.m3u8
Geo Tez (576i),https://jk3lz82elw79-hls-live.5centscdn.com/newgeonews/07811dc6c422334ce36a09ff5cd6fe71.sdp/playlist.m3u8
Géopolis TV (240p),https://tnt-television.com/Geopolis_tv/index.m3u8
Geordie Shore,https://jmp2.uk/plu-65c4960d11ced7000812c433.m3u8
Geordie Shore,https://jmp2.uk/plu-619263ee9541940007d20d60.m3u8
Geordie Shore,https://jmp2.uk/plu-6442512cee6a2f0008d3351f.m3u8
Geordie Shore,https://jmp2.uk/plu-64424a1d5a0cd500083ed27c.m3u8
Geordie Shore,https://jmp2.uk/plu-64424be3e94c380008d0a66d.m3u8
Germany Shore,https://jmp2.uk/plu-6447dea7e94c380008dba94c.m3u8
Get.Factual (720p),https://d1nhni5l2n8hjt.cloudfront.net/gf.m3u8
Gex TV (1080p),https://live20.bozztv.com/akamaissh101/ssh101/gextvaccess/playlist.m3u8
GFN Football (1080p),https://e562e489.wurl.com/master/f36d25e7e52f1ba8d7e56eb859c636563214f541/U2Ftc3VuZy1nYl9HRk5Tb2NjZXJfSExT/manifest.m3u8
GH Canada TV,https://stream.bozztv.com/tvstat-tamar/tvstat-tamar/playlist.m3u8
GH Television (1080p) [Not 24/7],https://fox.hostlagarto.com:8081/ghtelevision/tracks-v1a1/mono.m3u8
Ghost (720p),https://9485e5d3.wurl.com/master/f36d25e7e52f1ba8d7e56eb859c636563214f541/UmFrdXRlblRWLWV1X0dob3N0SU5UTF9ITFM/playlist.m3u8
Ghost Dimension,https://jmp2.uk/plu-619e1bb3e9af5a0007f235ad.m3u8
Ghost Hunters (1080p),https://amg00353-amg00353c30-samsung-au-3440.playouts.now.amagi.tv/playlist.m3u8
Ghost Stories (720p),https://d3qindbjv75wld.cloudfront.net/v1/ae_networks_unxplainedzonehauntings_1/samsungheadend_us/latest/main/hls/playlist.m3u8
Ghost TV (712p) [Not 24/7],https://stmv.video.expressolider.com.br/ghostv/ghostv/playlist.m3u8
Gi Television (720p) [Not 24/7],https://canal.gitelevisionserver.com/live/DIEEFIh506fL8huspvl0f0c2PZF3/index.m3u8
Gigant FM (720p),https://video.uitzending.tv:19360/gigantfm/gigantfm.m3u8
Gigavision (720p),https://tv2.bitstreaming.net:3576/multi_live/play.m3u8
Giggle Mug (576p),https://tvsen6.aynaott.com/ytv/index.m3u8
Gigolos,https://jmp2.uk/plu-68d27437e6767bdeb23f0336.m3u8
GikTVMX (720p),https://pistream.ddns.net/hls/stream.m3u8
Gillette Public Access Television Channel 189,https://securestream11.champds.com/LIVE/GilletteWYLIVE3/GilletteWYLIVE3.m3u8
Gillette Public Access Television Channel 190,https://securestream11.champds.com/LIVE/GilletteWYLIVE/GilletteWYLIVE.m3u8
Gillette Public Access Television Channel 192,https://securestream11.champds.com/LIVE/GilletteWYLIVE2/GilletteWYLIVE2.m3u8
Gilroy CMAP TV Channel 17 (720p),https://livestream.telvue.com/cmap1/f7b44cfafd5c52223d5498196c8a2e7b.sdp/playlist.m3u8
Gilroy CMAP TV Channel 18 (720p),https://livestream.telvue.com/cmap3/f7b44cfafd5c52223d5498196c8a2e7b.sdp/playlist.m3u8
Gilroy CMAP TV Channel 19 (720p),https://livestream.telvue.com/cmap4/f7b44cfafd5c52223d5498196c8a2e7b.sdp/playlist.m3u8
Gilroy CMAP TV Channel 20 (720p),https://livestream.telvue.com/cmap5/f7b44cfafd5c52223d5498196c8a2e7b.sdp/playlist.m3u8
Giornale Radio TV (720p),https://5f204aff97bee.streamlock.net/GR_tv/livestream/playlist.m3u8
Giovanni Paolo TV (1080p),https://media2021.rtvweb.com/giovannipaolotv/web/playlist.m3u8
Girasol TV (1080p),https://59d39900ebfb8.streamlock.net/girasoltv/girasoltv/playlist.m3u8
Girlfriends,https://jmp2.uk/plu-66ba1e4446762a000855cd87.m3u8
Girovisual (720p),https://live-evg8.tv360.bitel.com.pe/bitel/girovisual/playlist.m3u8
GIT (720p),https://stream.uagit.tv/gittv.m3u8
Glazami Turista (576i),https://stream8.cinerama.uz/1423/tracks-v1a1/mono.m3u8
Glendale 11 AZ (360p),https://edge-f.swagit.com/live/glendaleaz/live-1-a-1/playlist.m3u8
Glendale TV (720p) [Geo-blocked],https://reflect-gtv6-glendale.cablecast.tv/live-2/live/live.m3u8
Gli Immortali | Van Damme vs Lundgren (720p),https://jmp2.uk/plu-6536608b4f123d000876b78b.m3u8
Global Christian Network America (GCN) (720p),http://liveen24-manminglobal3.ktcdn.co.kr/liveen24/gcnus_1300k.stream/playlist.m3u8
Global Fashion Channel (1080p),https://pubgfc.teleosmedia.com/linear/globalfashionchannel/globalfashionchannel/playlist.m3u8
Global News BC,https://jmp2.uk/plu-62cbf063257170000724590c.m3u8
Global News Calgary,https://jmp2.uk/plu-62cbf23dcfb48300077f8348.m3u8
Global News Edmonton,https://jmp2.uk/plu-62cbf2de1fba5f0007e47d9c.m3u8
Global News Halifax,https://jmp2.uk/plu-62cbf398b8e02600071deda5.m3u8
Global News Kingston,https://jmp2.uk/plu-62cbf4964446e2000742073e.m3u8
Global News Lethbridge,https://jmp2.uk/plu-62cbf7439cb58900088dc77b.m3u8
Global News Montreal,https://jmp2.uk/plu-62cbfbd6ad95670007f567af.m3u8
Global News National (720p),https://jmp2.uk/plu-62cbef9ebb857100072fc187.m3u8
Global News Okanagan (720p),https://jmp2.uk/plu-62cbfc572dc3750007a493ce.m3u8
Global News Peterborough,https://jmp2.uk/plu-62cbfcd8c2db990007861e43.m3u8
Global News Regina,https://jmp2.uk/plu-62cbff53ca8f2200080253b5.m3u8
Global News Saskatoon,https://jmp2.uk/plu-62cc00359cb58900088dc840.m3u8
Global News Toronto,https://jmp2.uk/plu-62cc00b3b821cf00070f82c3.m3u8
Global News Winnipeg,https://jmp2.uk/plu-62cc0120880c890007191016.m3u8
Global Punjab (1080p),https://server.livelegitpro.in/globalpunjab/globalpunjab/index.m3u8
Global Punjab TV (1080p),https://d35j504z0x2vu2.cloudfront.net/v1/master/0bc8e8376bd8417a1b6761138aa41c26c7309312/global-punjab-tv/index.m3u8?ads.vf=pL1BLTwsEku
Global Social TV (720p) [Not 24/7],https://stream.castr.com/6809124f3f3e7e594c63cf15/live_8e5d0b50206a11f08690576446b3c082/index.fmp4.m3u8
Global TV (720p),https://tvsen6.aynaott.com/globaltvhd/index.m3u8
Global TV (720p),https://stmv4.voxtvhd.com.br/globaltv/globaltv/playlist.m3u8
Global TV (1080p),https://cdn4.skygo.mn/live/disk1/GlobalTV/DASH-FTA/GlobalTV.mpd
Global TV (1080p),http://bantel-cdn1.iptvperu.tv:1935/btnscrtn/global.stream/playlist.m3u8
GlobalTV (480p) [Not 24/7],https://streamtv.intervenhosting.net:3179/live/globaltvlive.m3u8
GlobalWorldTV (720p),https://media.streambrothers.com:1936/8052/8052/playlist.m3u8
Globo TV (1080p) [Not 24/7],https://panel.dattalive.com/8122/8122/playlist.m3u8
Globo TV (720p) [Geo-blocked],https://stream.streaming4u.hu/GloboTV/index.m3u8
GloboNews (720p),http://41.205.70.146/GLOBONEWS/index.m3u8
Globoplay Novelas (1080p),http://170.82.202.31/Viva/index.m3u8
Globovision (576p),http://181.78.8.199:8000/play/a09k/index.m3u8
Gloob (576p),http://45.235.0.78/Gloob/playlist.m3u8
Gloob Web [Not 24/7],https://vs20.live.opencaster.com/globiosat_73a904af/index.m3u8
Gloobinho (720p),http://177.52.24.163/GLOOBINHO-HD/index.m3u8
GLORY Kickboxing (720p),https://6f972d29.wurl.com/master/f36d25e7e52f1ba8d7e56eb859c636563214f541/UmFrdXRlblRWLWV1X0dsb3J5S2lja2JveGluZ19ITFM/playlist.m3u8
GM7 Digital [Not 24/7],https://s2.tvdatta.com:3858/live/gm7digitallive.m3u8
GM24 (480p),https://streaming.softwarecreation.it/GM24/GM24/playlist.m3u8
GMM 25 (720p),https://lb1-live-mv.v2h-cdn.com/hls/ffbf/ugvhgvh/ugvhgvh.m3u8
GMS TV,https://acasmedia6.acangroup.org/gmstv/gmstv_output/playlist.m3u8
GMTV (1080p),https://livechannel.mdc.akamaized.net/stitch/livechannel/1341/master1400000.m3u8;session=live_stream_1341
GNF TV (576p),https://oqgdrb8my4rm-hls-live.5centscdn.com/GNF02/bcea197d8b00f79cb716c6288a861000.sdp/playlist.m3u8
GNN TV (1080p),https://na.linear.zype.com/bf94f9f4-383c-40e0-9d49-279a4f33ab8d/f29b8836-d990-4c8d-b421-192a8f43edc4-zype/live.m3u8
Gnomi TV (1080p),https://live.streams.ovh:8081/gnomitv/index.m3u8
GNT (1080p),http://170.82.202.31/GNT/index.m3u8
Go2Travel (1080p),https://go2thls.wns.live/hls/stream.m3u8
Go3 Sport 1 (1080p),http://stream.mcquack.net/416/index.m3u8
Go Go Gadget!,https://jmp2.uk/plu-667f3852efa2a10008e1e514.m3u8
GO TV (720p),https://rds3.desdeparaguay.net/gotv/gotv/playlist.m3u8
Go USA TV (720p),https://brandusa-gousa-1-be.samsung.wurl.tv/playlist.m3u8
GO-TV Canale 163 (720p),https://6zklxkbbdw9b-hls-live.mariatvcdn.it/msmotor/2f759512164fc6fe4acbed6a5648993a.sdp/playlist.m3u8
Goa365 (1080p),https://ktismaservers.in:3086/live/goa365live.m3u8
Goal TV,https://streams2.sofast.tv/sofastplayout/WiseM3U8_1/master.m3u8
God Stands Kids Club TV Arabic,https://online.godstands.tv:5443/WebRTCApp/streams/KidsArabic.m3u8
God Stands Kids Club TV Chinese,https://online.godstands.tv:5443/WebRTCApp/streams/KidsChinese.m3u8
God Stands Kids Club TV English,https://online.godstands.tv:5443/WebRTCApp/streams/kidsenglish.m3u8
God Stands Kids Club TV Urdu,https://online.godstands.tv:5443/WebRTCApp/streams/KidsUrdu.m3u8
God Stands TV,https://online.godstands.tv:5443/WebRTCApp/streams/mainlive.m3u8
God Stands TV Arabic,https://online.godstands.tv:5443/WebRTCApp/streams/Arabic.m3u8
God Stands TV Chinese,https://online.godstands.tv:5443/WebRTCApp/streams/chineselive.m3u8
God Stands TV English,https://online.godstands.tv:5443/WebRTCApp/streams/EnglishStreaming.m3u8
God Stands TV Hindi,https://online.godstands.tv:5443/WebRTCApp/streams/HindiStreaming.m3u8
God Stands TV Punjabi,https://online.godstands.tv:5443/WebRTCApp/streams/PunjabiStreaming.m3u8
God Stands TV Tagalog,https://online.godstands.tv:5443/WebRTCApp/streams/Tagalog.m3u8
God Stands TV Urdu,https://online.godstands.tv:5443/WebRTCApp/streams/UrduStreaming.m3u8
GOD TV (720p),https://ott.god.tv/live/us/master.m3u8
GOD TV (396p),https://d1msejlow1t3l4.cloudfront.net/211125/godtv/chunks.m3u8
God's Learning Channel (480p),https://2-fss-1.streamhoster.com/pl_122/200562-1176456-1/playlist.m3u8
Goiena Eus (720p),https://zuzenean.goienamedia.eus/goiena-telebista.m3u8
Golazo Network (720p),https://jmp2.uk/plu-63a0e33a45264d000850ed7e.m3u8
Gold Star,https://moviethls.wns.live/hls/stream.m3u8
Gold TV (576p),https://streaming.softwarecreation.it/GoldTv/GoldTv/playlist.m3u8
Gold TV Sat (576p),https://streaming.softwarecreation.it/GoldTvSat/GoldTvSat/playlist.m3u8
Golden (1080p),http://38.19.41.46:8081/MTV/index.m3u8
Golden Boy,https://goldenboy.duckhunting.playout.vju.tv/DuckhuntingTV_GoldenBoy/main.m3u8
Golden Community Television (GCO.tv) (Golden CO) (1080p),https://reflect-golden-co.cablecast.tv/live-3/live/live.m3u8
Golden Edge (1080p),http://38.19.41.46:8081/GOLDENEDGE/index.m3u8
Golden Plus (1080p),http://177.234.249.135:8888/GoldenPlus/index.m3u8
Goldmines (576p),https://trs1.aynaott.com/Goldmines/index.m3u8
Goldmines 2 (576p),https://cdn-2.pishow.tv/live/1460/master.m3u8
Goldmines Bollywood (576p),http://103.175.73.12:8080/live/52/52_0.m3u8
Goldmines Movies (720p),http://103.213.31.109:90/GoldminesMovies/playlist.m3u8
Golf Channel,https://dash4.antik.sk/live/test_golf_channel/playlist.m3u8
Golf Channel (1080p),https://gpuserver3.tier1streams.com/GOLF_CHANNEL/index.m3u8
Golf Channel Latin America (1080p),http://72.1.184.5:8089/play/a0cw/index.m3u8
GolfPass (1080p),https://d2icntm6fhxrry.cloudfront.net/master.m3u8
GolfPass (720p),https://jmp2.uk/plu-65493029ab052400089e9d2f.m3u8
Golkhane TV,https://ncdn.telewebion.ir/golkhane/live/playlist.m3u8
GoLochTel TV (576p),https://lbgo.bozztv.com/ssh101/ssh101/songsofangels33/playlist.m3u8
GolTV Latin America (720p),http://177.234.249.178:8888/GOLTV/index.m3u8
Gólya TV (480p) [Geo-blocked],https://stream.streaming4u.hu/GolyaTV/index.m3u8
Gong (1080p),https://amg01596-gongnetworks-gong-ono-vh5f2.amagi.tv/1080p-vtt/index.m3u8
Gongyoung Shopping (720p),https://etv.publichs.com/live5.stream/playlist.m3u8
Good Idea TV (720p) [Not 24/7],http://stream1.ai-net.net:1935/gtv1/_definst_/smil:gtv.smil/playlist.m3u8
Good Life (576p),http://stream.mcquack.net/47/index.m3u8
Good News Today (720p),https://aajtaklive.vgcdn.net/v1/master/611d79b11b77e2f571934fd80ca1413453772ac7/3196cced-ce29-4219-9809-f07ccdaa02b9/vglive-sk-848805/master.m3u8
GOOD TV CH1 綜合台 (720p) [Not 24/7],https://live.streamingfast.net/osmflivech1.m3u8
GOOD TV CH2 真理台 (720p),https://live.streamingfast.net/osmflivech2.m3u8
GOOD TV CH3 真情部落格 短版 (720p),https://live.streamingfast.net/osmflivech3.m3u8
GOOD TV CH5 共享觀點 短版 (720p) [Not 24/7],https://live.streamingfast.net/osmflivech5.m3u8
GOOD TV CH6 親近神 詩歌音樂 (720p) [Not 24/7],https://live.streamingfast.net/osmflivech6.m3u8
GOOD TV CH7 禱告大軍 信息 (720p),https://live.streamingfast.net/osmflivech7.m3u8
GOOD TV CH9 愛+好醫生 短版 (720p),https://live.streamingfast.net/osmflivech9.m3u8
GOOD TV CH12 維他命施 (720p),https://live.streamingfast.net/osmflivech12.m3u8
GOOD TV CH14 真情部落格 (720p) [Not 24/7],https://live.streamingfast.net/osmflivech14.m3u8
GOOD TV CH15 真情之夜 (720p),https://live.streamingfast.net/osmflivech15.m3u8
GOOD TV CH16 葉光明 (720p) [Not 24/7],https://live.streamingfast.net/osmflivech16.m3u8
GOOD TV CH17 大衛鮑森 (720p) [Not 24/7],https://live.streamingfast.net/osmflivech17.m3u8
GOOD TV CH18 國際講員 (720p) [Not 24/7],https://live.streamingfast.net/osmflivech18.m3u8
GOOD TV CH20 恩典時分 (720p) [Not 24/7],https://live.streamingfast.net/osmflivech20.m3u8
GOOD TV CH21 華語講員 (720p) [Not 24/7],https://live.streamingfast.net/osmflivech21.m3u8
GOOD TV CH24 劉三講古 (720p) [Not 24/7],https://live.streamingfast.net/osmflivech24.m3u8
GOOD TV CH27 空中聖經學院 (720p) [Not 24/7],https://live.streamingfast.net/osmflivech27.m3u8
GOOD TV CH28 現代詩歌 (720p) [Not 24/7],https://live.streamingfast.net/osmflivech28.m3u8
GOOD TV CH29 經典音樂河 (720p) [Not 24/7],https://live.streamingfast.net/osmflivech29.m3u8
GOOD TV CH30 天堂敬拜 (720p) [Not 24/7],https://live.streamingfast.net/osmflivech30.m3u8
GOOD TV CH31 福音佈道音樂會 (720p),https://live.streamingfast.net/osmflivech31.m3u8
GOOD TV CH32 特會系列：禱告與轉化 (720p) [Not 24/7],https://live.streamingfast.net/osmflivech32.m3u8
GOOD TV CH33 特會系列：研經培靈 (720p),https://live.streamingfast.net/osmflivech33.m3u8
GOOD TV CH38 特會系列：青年特會 (720p) [Not 24/7],https://live.streamingfast.net/osmflivech38.m3u8
GOOD TV CH40 家庭8點檔轉轉發現愛 (720p) [Not 24/7],https://live.streamingfast.net/osmflivech40.m3u8
GOOD TV CH45 卡通 (720p) [Not 24/7],https://live.streamingfast.net/osmflivech45.m3u8
GOOD TV CH47 牧者頻道 (720p) [Not 24/7],https://live.streamingfast.net/osmflivech47.m3u8
GOOD TV CH49 禱告頻道 (720p) [Not 24/7],https://live.streamingfast.net/osmflivech49.m3u8
GOOD TV CH50 國際講員 中文發音 (720p) [Not 24/7],https://live.streamingfast.net/osmflivech50.m3u8
GoodLife 45 (720p) [Not 24/7],https://2-fss-2.streamhoster.com/pl_118/201450-1248872-1/playlist.m3u8
Goodness TV (576p),https://mumt02.tangotv.in/GOODNESSTV/index.m3u8
GoodNews TV (720p),https://bpgdlwwar3ze-hls-live.wmncdn.net/goodnews/live.stream/playlist.m3u8
GoodTV (1080p),http://mobliestream.c3tv.com:1935/live/goodtv.sdp/playlist.m3u8
Gordon Ramsay (720p),https://aegis-cloudfront-1.tubi.video/c8364f36-c60b-4a39-8d86-0b92db4611c0/index.m3u8
Gormiti,https://jmp2.uk/plu-66a8c64814a2bb00084d09d6.m3u8
Gospel Broadcasting Network (GBN) (1080p),https://cdn3.wowza.com/5/Ny9jK1A1Q3h4N1VZ/live/myStream/playlist.m3u8
Gospel Cartoon (360p),https://stmv1.srvif.com/gospelcartoon/gospelcartoon/playlist.m3u8
Gospel Movie TV (360p),https://stmv1.srvif.com/gospelf/gospelf/playlist.m3u8
Gospel Truth TV (1080p),https://na.linear.zype.com/bf94f9f4-383c-40e0-9d49-279a4f33ab8d/f29b8836-d990-4c8d-b421-192a8f43edc4-zype/manifest.m3u8
Gospel TV India (720p),https://server.livelegitpro.in:9899/gospeltv/index.m3u8
GoTraveler (720p) [Geo-blocked],https://amg09501-amg09501c1-klowdtv-us-2398.playouts.now.amagi.tv/playlist/amg09501-quester-gotraveler-klowdtvus/playlist.m3u8
Grace Network (720p),https://livecdn.live247stream.com/grace/tv/playlist.m3u8
Graham Norton Germany (1080p),https://amg00654-itv-amg00654c37-rakuten-de-7600.playouts.now.amagi.tv/playlist.m3u8
Gran TV (720p),https://stream.medialive.hu/gran/grantvlive/playlist.m3u8
Grand Cinema,https://gcinemahls.wns.live/hls/stream.m3u8
Grande TV (720p) [Not 24/7],https://live20.bozztv.com/akamaissh101/ssh101/grandetv2240/playlist.m3u8
Gravitas Movies (1080p),https://d6dg3ebeih71x.cloudfront.net/Gravitas_Movies.m3u8
Great American Faith & Living (720p),https://gpuserver3.tier1streams.com/GAC_LIVING/index.m3u8
Great American Family (1080p),http://40.160.24.58/GAC_FAMILY/index.m3u8
Great British Menu (720p),https://all3media-great-british-menu-1-gb.rakuten.wurl.tv/playlist.m3u8
Great British Menu (720p),https://all3media-great-british-menu-1-gb.samsung.wurl.tv/playlist.m3u8
Great Commission TV,https://stream-server9-jupiter.muxlive.com/hls/gctvghana/index.m3u8
Great Entertainment Television (1080p),https://gpuserver3.tier1streams.com/GetTV/index.m3u8
GREAT! movies (1080p),https://amg01753-narrativeuk-amg01753c3-lg-gb-1833.playouts.now.amagi.tv/playlist/amg01753-narrativeuk-greatmovies-lggb/playlist.m3u8
GREAT! romance (1080p),https://amg01753-narrativeuk-amg01753c2-lg-gb-1832.playouts.now.amagi.tv/playlist/amg01753-narrativeuk-greatchristmas-lggb/playlist.m3u8
Green Gold TV,https://vglivessai.akamaized.net/eu/v1/manifest/611d79b11b77e2f571934fd80ca1413453772ac7/675a37e5-f517-434e-adae-d25ae1706340/fbdb017c-7b61-4f62-8719-28b27e44c862/4.m3u8
Green Gold TV HD,https://vglivessai.akamaized.net/eu/v1/manifest/611d79b11b77e2f571934fd80ca1413453772ac7/675a37e5-f517-434e-adae-d25ae1706340/fbdb017c-7b61-4f62-8719-28b27e44c862/0.m3u8
Green TV (1080p),https://app.ncare.live/c3VydmVyX8RpbEU9Mi8xNy8yMDE0GIDU6RgzQ6NTAgdEoaeFzbF92YWxIZTO0U0ezN1IzMyfvcGVMZEJCTEFWeVN3PTOmdFsaWRtaW51aiPhnPTI2/greentv.stream/live-orgin/greentv.stream/playlist.m3u8
Greensboro TV (Greensboro NC) (720p),https://lin12.isilive.ca/live/greensboro/GTN/index.m3u8
Grit (1080p),https://gpuserver3.tier1streams.com/GRIT/index.m3u8
Grit Xtra (1080p),https://cdn-uw2-prod.tsv2.amagi.tv/linear/amg01438-ewscrippscompan-gritxtra-tablo/playlist.m3u8
Grjngo,https://b6c7c7d1020a4588982ca7c2625f85d1.mediatailor.us-east-1.amazonaws.com/v1/master/0fb304b2320b25f067414d481a779b77db81760d/RakutenTV-eu_GrjngoWesterny/playlist.m3u8
Grjngo Films de Western (1080p),https://d46c0ebf9ef94053848fdd7b1f2f6b90.mediatailor.eu-central-1.amazonaws.com/v1/master/81bfcafb76f9c947b24574657a9ce7fe14ad75c0/live-prod/a5fc1b02-5945-11ef-a2df-87241c204d22/0/master.m3u8?country=fr&vendor=rakuten
Grjngo Italy (720p),https://amogonetworx-grjngo-6-it.rakuten.wurl.tv/playlist.m3u8
Grjngo Spain (720p),https://amogo-networx-grjngopelculasdeloeste-1-es.rakuten.wurl.tv/playlist.m3u8
Grjngo Western Movies (720p),https://amogonetworx-grjngo-3-dk.samsung.wurl.tv/playlist.m3u8
Groovia Kanal (576p),https://gist.githubusercontent.com/iptvonlinetv/02d209207082846012c15305f7471c55/raw/4439b54b986e696e6fcfba7a53380d85b27bbbc1/udp450.500.723:6050.m3u8
Groovia Kids (576p),https://gist.githubusercontent.com/iptvonlinetv/244b66c61f162a7c0c2b4fa59b528139/raw/2376b7ba1989ebbd383301ec7d645e222a6c9338/udp780.510.345:4545.m3u8
Groovy TV (360p),http://web.onair-radio.eu:1935/groovytv/groovytv/playlist.m3u8
GrowthDay Network (720p),https://jmp2.uk/plu-69699ae5d301d54fb3dc1499.m3u8
Groznyj,https://balancer.facecast.io/evacoder_hls_hi/UUMLQVAYVlZyH14GRENQVV0G/2/720-3.m3u8
GRP VERATV (576p),https://webstream.multistream.it/memfs/a3195c96-f884-4c74-924f-2648814fc0b5_output_0.m3u8
GS My Shop (1080p),https://gstv-myshop.gsshop.com/myshop_hd/myshop_hd.stream/playlist.m3u8
GS Shop (1080p),https://gstv-gsshop.gsshop.com/gsshop_hd/gsshop_hd.stream/playlist.m3u8
GS TV,https://cdn-4.pishow.tv/live/1462/master.m3u8
GSG TV (720p),https://schurch1.bozztv.com/livecdn69/live/playlist.m3u8
GSTV (720p),https://japaneast.av.mk.io/mediakindcdn-mediakind/ca01a143-f823-4432-b670-c22ff9643ce4/index.qfm/manifest(format=m3u8-cmaf)
GTC News (1080p),https://vglivessai.akamaized.net/sg/v1/master/611d79b11b77e2f571934fd80ca1413453772ac7/921cca59-daee-4f89-8c38-7ffe8de44f4c/index.m3u8
GTC Punjabi (1080p),https://gtc-yupp.vgcdn.net/vglive-sk-254807/index.m3u8
GTN Canada (1080i) [Geo-blocked],https://streamer12.vdn.dstreamone.net/carishowtime/showtime/chunks.m3u8
GTN TV (1080p) [Not 24/7],https://goliveafrica.media:9998/live/644e07abdc1d3/index.m3u8
GTV (720p),https://lbgo.bozztv.com/ssh101/ssh101/guadalupetv/playlist.m3u8
GTV (540p),https://g2qd3exjy7an-hls-live.5centscdn.com/gtvghana/ghanaweb.stream/playlist.m3u8
GTV (480p) [Not 24/7],https://streams.comclark.com/pknsd/gtv/playlist.m3u8
Guada TV (720p) [Not 24/7],https://cloud.streamingconnect.tv/hls/guadatv/guadatv.m3u8
Guadalupe Media (720p),https://streamer1.nexgen.bz/GUADALUPE_MEDIA/index.m3u8
Guangdong TV America,https://h5cul1yar48um3t.wcetv.com/hls/gdtv.m3u8
Guangzhou TV,https://tencentplaybusiness.gztv.com/live/zonghes.m3u8
Guarantee News (1080p),https://guaranteenews.in:8443/live/gnews/index.m3u8
Guardian Talk Radio (1080p),https://cdn-edge1.streamcomedia.com/abr_tngr969fm/abr-tngr969fm_streams/playlist.m3u8
Guaro TV (720p),https://stream.guarotv.net:3592/hybrid/play.m3u8
Guatevision (720p),https://mdstrm.com/live-stream-playlist/69f8df22a762c9b1ab3eabca.m3u8
Guatuso TV,https://5cf4a2c2512a2.streamlock.net/8176/8176/playlist.m3u8
Guayape TV,https://tv.bitstreaming.net:8443/live/guayapetv.m3u8
Guaymate TV (720p) [Not 24/7],https://live20.bozztv.com/akamaissh101/ssh101/guaymatetv/playlist.m3u8
GugakTV 국악방송 (1080p),https://mgugaklive.nowcdn.co.kr/gugakvideo/gugakvideo.stream/playlist.m3u8
Gugbang TV (1080p) [Not 24/7],http://mediaworks.dema.mil.kr:1935/live_edge/cudo.sdp/playlist.m3u8
Gugudde TV (480p),https://jk3lzqq4lw79-hls-live.5centscdn.com/gugudde/c9a1fdac6e082dd89e7173244f34d7b3.sdp/chunks.m3u8
Guide Love TV (720p),https://video1.getstreamhosting.com:1936/8056/8056/playlist.m3u8
Gujarat First (1080p),https://d35j504z0x2vu2.cloudfront.net/v1/master/0bc8e8376bd8417a1b6761138aa41c26c7309312/gujarat-first/index.m3u8?ads.vf=aXdXji5fkdu
Gulistan News (720p) [Not 24/7],https://live.gulistannews.in/hls/gul.m3u8
Gulli,http://99.27.51.147:8080/Gulli/index.m3u8
Gulli Girl (720p),https://stream8.cinerama.uz/1445/tracks-v1a1/mono.m3u8
GunAz TV,https://tv.gunaz.tv/hls/live.m3u8
Guneydogu TV (720p),https://edge1.socialsmart.tv/gtv/bant1/playlist.m3u8
Gunsmoke,https://jmp2.uk/plu-68503d1736c9361b191e7d89.m3u8
Gunsmoke,https://jmp2.uk/plu-62e916affb29c60007211c8a.m3u8
Gunsmoke,https://jmp2.uk/plu-60f75771dfc72a00071fd0e0.m3u8
GurSikh Sabha TV (720p) [Not 24/7],http://cdn12.henico.net:8080/live/gsctv/index.m3u8
Gustav & Linse på udebane,https://jmp2.uk/plu-69c290eeed1b1f1acb446dd8.m3u8
Gusto TV (1080p),https://563f72af.wurl.com/master/f36d25e7e52f1ba8d7e56eb859c636563214f541/UmFrdXRlblRWLWV1X0d1c3RvVFZfSExT/playlist.m3u8
Gusto TV (1080p),https://e75fc053c0d2406fb74cdd71d77e1a7f.mediatailor.us-east-1.amazonaws.com/v1/master/f4e8c53a8367a5b58e20ce054ea3ce25a3e904d3/RakutenTV-eu_GustoTV/playlist.m3u8
GV TV (720p),https://live-manifest.production-public.tubi.io/live/8b8e2623-a616-4d17-b711-c0f0d2da7aa7/playlist.m3u8
GVision (288p),https://videostream.chileservidores.com:8081/tome/index.m3u8
Gyandarshan (720p),https://cdn-6.pishow.tv/live/14/master.m3u8
Gyöngyösi TV (576p),https://cloudfront41.lexanetwork.com:1344/relay02/livestream005.sdp/playlist.m3u8
GZT (1080p),https://gzttv-live.lg.mncdn.com/gzttv/gzttv/playlist.m3u8
H2,http://213.91.179.28:8000/play/a03r
H2 HD,https://lb.dstvmultimedia.com/HistoryChannel2/index.m3u8
H2O & Friends (1080p),https://dprx6ugrwz23t.cloudfront.net/H2O_Friends_GB.m3u8
H20 TV (1080p),https://linear-738.frequency.stream/dist/stirr/738/hls/master/playlist.m3u8
H20 TV (720p),https://a-cdn.klowdtv.com/live2/h2o/playlist.m3u8
H!T Music Channel (480p),http://hitmusic.hu/hitmusic.m3u8
Hà Tĩnh TV (720p),https://wse.hatinhtv.net/live/httv1/chunklist.m3u8
Haarlem105 RTV (720p),https://d2qm50imcbcfqx.cloudfront.net/nlpo/clr-nlpo/haarlem105/index.m3u8
Haber61 TV (720p) [Not 24/7],https://cdn-haber61tv.yayin.com.tr/haber61tv/smil:haber61tv.smil/index.m3u8
Haber Global (720p) [Not 24/7],https://tv.ensonhaber.com/haberglobal/haberglobal.m3u8
Habertürk TV (720p) [Not 24/7],https://tv.ensonhaber.com/haberturk/haberturk.m3u8
Habib TV,https://ncdn.telewebion.ir/habib/live/playlist.m3u8
Haddam Killingworth High School TV (HKTV) (1080p) [Geo-blocked],https://reflect-hktv.cablecast.tv/live-3/live/live.m3u8
Hagerty (1080p),https://dqw6u0upa8l21.cloudfront.net/Hagerty.m3u8
Hagerty (1080p),https://aegis-cloudfront-1.tubi.video/1d7878db-0fc9-45fc-afb4-1355e66738ac/playlist.m3u8
HAHA TV,https://dash3.antik.sk/live/test_haha_tv/playlist.m3u8
Haina Vision (720p),https://cdn.streamingcpanel.com:3447/live/hainavisionlive.m3u8
Haiti News Channel (1080p),https://cdn.haititivi.com/website/haitinews/index.m3u8
Hakka TV,https://h5cul1yar48um3t.wcetv.com/hls/hakkatv.m3u8
Hala London (1080p),https://halalondon-live.ercdn.net/halalondon/halalondon.m3u8
Hala Ramallah (720p),https://halaramallahtv.com:2053/HRamallah-Tv/HalaRamallah/playlist.m3u8
Hala TV (1080p) [Not 24/7],https://stream.panet.com/edge/halaTV/playlist.m3u8
Halab Today TV (1080p),https://halabtoday-live.lg.mncdn.com/halabtoday/livestream/playlist.m3u8
Halal TV,https://vdo.plathong.net/Halaltv/Halaltv/playlist.m3u8
Halk TV (1080p),https://halktv-live.daioncdn.net/halktv/halktv.m3u8
Hallmark Channel (1080p),http://23.237.104.106:8080/USA_HALLMARK/index.m3u8
Hallmark Family (1080p),http://40.160.24.53/HALLMARK_DRAMA/index.m3u8
Hallmark Movies & More (1080p),https://dbrb49pjoymg4.cloudfront.net/v1/master/3fec3e5cac39a52b2132f9c66c83dae043dc17d4/prod_default_xumo-ams-aws/master.m3u8?ads.xumo_channelId=99991709
Hallmark Mystery (1080p),http://40.160.24.53/HALLMARK_MOVIES_AND_MYSTERIES/index.m3u8
Hamaika Telebista (1080p),https://cdn3.wowza.com/1/RERMR282dnU5eE5Z/OHY0dVFs/hls/live/playlist.m3u8
Hamburg 1 (1080p),https://stream.hamburg1.de/live_abr/hamburg1_abr/playlist.m3u8
Hamdard TV (1080p),https://tv.hamdardtv.com/hamdard/index.m3u8
Hamedan,https://ncdn.telewebion.ir/sina/live/playlist.m3u8
Hamoon,https://ncdn.telewebion.ir/hamoon/live/playlist.m3u8
HANDICAP TV France,https://srv.webtvmanager.fr:3697/stream/play.m3u8
Handystar (404p) [Not 24/7],https://sparhandytv.cdn.ses-ps.com/live/channel01/hls/index.m3u8
Hang Meas HDTV (720p),http://clive.malisresidences.com:1935/hm_hdtv/_definst_/smil:hmhdt12356.smil/playlist.m3u8
Hangulat TV (720p),https://iptv01.eurocable.co.hu/EC-HANGULATTV/index.m3u8
HanoiTV1 (1080p) [Geo-blocked],https://cloudstreamhntv.tek4tv.vn/capture/smil:HN1.smil/chunklist.m3u8
HanoiTV2 (1080p) [Geo-blocked],https://cloudstreamhntv.tek4tv.vn/live/smil:HN2.smil/playlist.m3u8
Happy Days,https://jmp2.uk/plu-654a4e29ab05240008a18625.m3u8
Happy Days,https://jmp2.uk/plu-654a508d986ad20008a456a5.m3u8
Happy Days,https://jmp2.uk/plu-654a52254d6d8f00084eacfc.m3u8
Happy Days,https://jmp2.uk/plu-62e917b5e354cf0007b97a67.m3u8
Happy Days,https://jmp2.uk/plu-5f7794162a4559000781fc12.m3u8
Happy Radio TV (1080p),https://tv.mediacp.eu:8081/happyradio/index.m3u8
HappyKids (1080p),https://dil9xdvretp0f.cloudfront.net/index.m3u8
Harbin Comprehensive News Channel,https://stream.hrbtv.net/xwzh/playlist.m3u8?_upt=ef41dd531755913594
Harbin Movie Channel,https://stream.hrbtv.net/yspd/playlist.m3u8
Hard Knocks (1080p),https://d3uyzhwvmemdyf.cloudfront.net/v1/master/9d062541f2ff39b5c0f48b743c6411d25f62fc25/Hard-Knocks-DistroTV/109.m3u8?ads.vf=6pOF6kgy418
Hard Knocks Fighting Championship,https://d39g1vxj2ef6in.cloudfront.net/v1/master/3fec3e5cac39a52b2132f9c66c83dae043dc17d4/prod-rakuten-stitched/master.m3u8?ads.xumo_channelId=88883037
Hardcore Pawn (1080p),https://amg00627-banijay-amg00627c8-samsung-au-1827.playouts.now.amagi.tv/playlist.m3u8
Hardcore Pawn (1080p),https://amg00627-banijay-amg00627c8-samsung-nz-1828.playouts.now.amagi.tv/playlist.m3u8
Hardcore Pawn (1080p),https://amg00627-amg00627c8-rakuten-uk-4801.playouts.now.amagi.tv/playlist.m3u8
Hardcore Pawn,https://jmp2.uk/plu-691b012d1148fa1cd8a75d5c.m3u8
Hardcore Pawn,https://jmp2.uk/plu-6909fc4b74601d957a380613.m3u8
Hare Krsna TV (1080p),https://hktv.harekrsnatv.com/HKTV/HKWebApp/manifest.mpd
HarPal Geo (360p),https://jk3lz82elw79-hls-live.5centscdn.com/harPalGeo/955ad3298db330b5ee880c2c9e6f23a0.sdp/playlist.m3u8
Harvest TV (720p),https://7mbd4ogkr3gx-hls-live.wmncdn.net/harvesttvlive1/bbb19eae240ec100af921d511efc86a0.sdp/index.m3u8
Harvest TV Keralam (720p),https://7mbd4ogkr3gx-hls-live.wmncdn.net/harvestenglish/d1796a22d24e8696c7d5d0b5c349fdd2.sdp/index.m3u8
Harvest USA (576p),https://7mbd4ogkr3gx-hls-live.wmncdn.net/harvestusa/d57ffba6564caea2fee3f4085f19a098.sdp/playlist.m3u8
Hasbro Legends (1080p) [Geo-blocked],https://amg02713-amg02713c11-amgplt0852.playout.now3.amagi.tv/ts-us-e2-n2/playlist/amg02713-amg02713c11-amgplt0852/playlist.m3u8
Hatoscsatorna (360p) [Not 24/7],https://hatoscsatorna.hu:8082/Hatoscsatorna/livestream/playlist.m3u8
Haunt TV (1080p),https://amg01446-blueantmediacan-haunttvaussam-samsungau-vcnai.amagi.tv/playlist/amg01446-blueantmediacan-haunttvaussam-samsungau/playlist.m3u8
HauntTV CA (720p),https://jmp2.uk/plu-63934c218ef524000757b122.m3u8
Hausmeister Krause,https://jmp2.uk/plu-622f6faf65be650007f57aab.m3u8
Hawaii Five-O,https://jmp2.uk/plu-68503d3bc692373f0158c43f.m3u8
Hayat (1080p),http://158.180.39.89:5033/hayat.m3u8
Hayat Folk (1080p),http://158.180.39.89:5033/folk.m3u8
Hayat Music (1080p),http://158.180.39.89:5033/music.m3u8
Hayat Plus (1080p),http://158.180.39.89:5033/hayatplus.m3u8
Hayatovci (1080p),http://158.180.39.89:5033/hayatovci.m3u8
Haz Clic!,https://stream.ads.ottera.tv/playlist.m3u8?network_id=4310
HC2 TV,https://stream.hc2tv.bj/2/live/stream.m3u8
HCH (720p),https://live.streamhch.com/live/streams/hch1.m3u8
HCTV Educational Access Channel,https://reflect-hudsonctv.cablecast.tv/live-26/live/stream-1/live.m3u8
HCTV Government Channel,https://reflect-hudsonctv.cablecast.tv/live-26/live/stream-2/live.m3u8
HCTV Public Access Channel,https://reflect-hudsonctv.cablecast.tv/live-26/live/stream-5/live.m3u8
HD365 TV,https://s2.netstreaming.eu/hd365.m3u8
HDL (720p),http://31.148.48.15/HD_Life/index.m3u8
Heart Radio Aruba,https://live2.tensila.com/heart-v-1.heartar/hls/live/mystream.m3u8
HeartFelt TV (1080p),https://streams2.sofast.tv/v1/master/611d79b11b77e2f571934fd80ca1413453772ac7/74c455d4-625a-448a-8ba7-d086e6462245/manifest.m3u8
Heartland (1080p) [Geo-blocked],https://pb-a0c87g3b3mtrw.akamaized.net/Heartland.m3u8
Heartland (720p),https://2-fss-2.streamhoster.com/pl_120/201950-2724904-1/playlist.m3u8
Heartland,https://jmp2.uk/plu-61f07513227feb00073ee6bc.m3u8
Heaven Bound TV (480p) [Not 24/7],https://goliveafrica.media:9998/live/62580b337c021/index.m3u8
Hebei TV (2160p),https://event.pull.hebtv.com/live/live101.m3u8
Hebron TV (1080p),https://account20.livebox.co.in/charleshls/live.m3u8
Hechiceras,https://jmp2.uk/plu-67f95fa76b11614ab0caaef3.m3u8
Hechizada,https://jmp2.uk/plu-631fb6be21b7440007b9f606.m3u8
Hechos Ecuador (1080p) [Not 24/7],https://online.hechosecuador.com:5443/WebRTCApp/streams/hechosecuador.m3u8
Hegyvidek Tv Budapest (576p) [Not 24/7],https://tv.hegyvidek.hu/stream_mpeg.flv
HEi Now (1080p),https://copacogen.desdeparaguay.net/heitv/heitv_py_alta/playlist.m3u8?admin=nacion
Heidi,https://jmp2.uk/plu-68779a09c691b3f0964127c6.m3u8
Hélène et les garçons,https://jmp2.uk/plu-604f8de01b479400078fb1e7.m3u8
Heliconia Radio TV (720p),https://eu1.servers10.com:8081/8178/index.m3u8
Hell's Kitchen (1080p),https://amg00654-itv-amg00654c1-samsung-au-1072.playouts.now.amagi.tv/itv-hellskitchen-samsung/playlist.m3u8
Hell's Kitchen Germany (1080p),https://hellskitchengermany-rakuten.amagi.tv/playlist.m3u8
Hell's Kitchen Italy (1080p),https://amg00654-itv-amg00654c20-rakuten-it-3615.playouts.now.amagi.tv/playlist.m3u8
Hellenic Parliament TV (1080p),https://ert-ucdn.broadpeak-aas.com/bpk-tv/VOULITV/default/index.m3u8
Hellenic TV (720p) [Not 24/7],https://l5.cloudskep.com/hellenictv/htv/playlist.m3u8
Hello Taste (720p),https://stream1.antenaplay.ro/live/HelloTaste/playlist.m3u8
Hells Kitchen,https://jmp2.uk/plu-6095ad97351eb0000754c1e6.m3u8
Her Sphere (720p) [Geo-blocked],https://aegis-cloudfront-1.tubi.video/804f9e76-e98c-41fa-8d75-5986879e2168/playlist.m3u8
Hercules: The Legendary Journeys (720p),https://jmp2.uk/plu-68e38aaf8082ad3760def7bc.m3u8
Heritage Tourism (1080p),https://streams2.sofast.tv/v1/master/611d79b11b77e2f571934fd80ca1413453772ac7/cff3309e-ded1-40dd-a6dc-e3a6d0a92d72/manifest.m3u8
Heritage+ (1080p),https://streams2.sofast.tv/v1/master/611d79b11b77e2f571934fd80ca1413453772ac7/e4523706-f2a8-4b0f-b081-40fe59a46f81/manifest.m3u8
Hermanas Mirabal TV (720p) [Not 24/7],https://fox.hostlagarto.com:8081/hmtv/index.m3u8
Hero (720p) [Not 24/7],https://live-fi.tvkaista.net/hero/live.m3u8?hd=true
Hesper TV (1080p),https://streamer20.multimedia.blue/Eltrona/HesperangeTV/playlist.m3u8
Hévízi TV (1080p),https://cloudfront44.lexanetwork.com:1344/relay03/livestream003.sdp/playlist.m3u8
Hewad TV (720p) [Not 24/7],http://51.210.199.58/hls/stream.m3u8
Hey Arnold!,https://jmp2.uk/plu-66c79221b1a34600087e264d.m3u8
HGPTV (720p) [Not 24/7],https://cdn-us-east-prod-ingest-infra-dacast-com.akamaized.net/8424fb7f-99a9-87ae-3861-f0620849d11c/source/index.m3u8
HGTV (1080p),https://i.mjh.nz/.r/sky-hgtv.m3u8
Hi Dost! (720p),https://cdn-1.pishow.tv/live/224/master.m3u8
hi Drama! (1080p),https://d35j504z0x2vu2.cloudfront.net/v1/master/0bc8e8376bd8417a1b6761138aa41c26c7309312/hi-drama/distro-cgtn-hidrama.m3u8?ads.vf=3mQnJm9EQhi
hi Life! (1080p),https://d35j504z0x2vu2.cloudfront.net/v1/master/0bc8e8376bd8417a1b6761138aa41c26c7309312/hi-life/distro-cgtn-hilife.m3u8?ads.vf=aYrb1m_ot7a
Hi TV (576p),https://mini.allinonereborn.fun/tata.php?id=11596
hi Vida! (1080p),https://d35j504z0x2vu2.cloudfront.net/v1/master/0bc8e8376bd8417a1b6761138aa41c26c7309312/hi-vida/distro-cgtn-hivida.m3u8?ads.vf=Pe0Z6YyAyya
Hi-YAH! (1080p),https://linear-59.frequency.stream/dist/plex/59/hls/master/playlist.m3u8
Hidabroot (1080p),https://cdn.cybercdn.live/HidabrootIL/Live97/playlist.m3u8
High News (480p),https://highmedia.livebox.co.in/HIGHNEWShls/LIVE.m3u8
High TV (720p) [Not 24/7],http://live.streams.ovh:1935/hightv/hightv/playlist.m3u8
High Vision (1080p) [Not 24/7],https://streamer1.connectto.com/HIGHVISION_WEB_1205/index.m3u8
Highway Thru Hell (1080p),https://amg00627-amg00627c15-samsung-au-2899.playouts.now.amagi.tv/playlist/amg00627-banijayfast-highwaythruhell-samsungau/playlist.m3u8
Highway Thru Hell (1080p),https://amg00627-amg00627c15-samsung-nz-2900.playouts.now.amagi.tv/playlist/amg00627-banijayfast-highwaythruhell-samsungnz/playlist.m3u8
Highway Thru Hell (1080p),https://amg00627-amg00627c15-rakuten-uk-4803.playouts.now.amagi.tv/playlist.m3u8
Highway Thru Hell (1080p),https://duplpbng64yvf.cloudfront.net/HighwayThruHell.m3u8
Highway to Heaven,https://jmp2.uk/plu-68bff9a63efb41cd97562e46.m3u8
Hilando Fino TV (1080p),https://hilandofinotv.essastream.com:3606/live/canalhilandofinotvlive.m3u8
Hillsborough County TV HTV (Hillsborough County FL) (360p),https://cdn3.wowza.com/5/M0lyamVmM2JWcjhQ/hillsboroughcounty/G2155_002/playlist.m3u8
Himlen TV7 (720p),https://vod.tv7.fi/tv7-se/smil:tv7-se.smil/playlist.m3u8
Hindi Khabar (576p),https://trs1.aynaott.com/HindiKhabar/index.m3u8
Hindu Dharmam (576p),https://cdn-1.pishow.tv/live/959/master.m3u8
HIPTV (1080p),https://stream.ads.ottera.tv/playlist.m3u8?content_livestream=1&network_id=16993
Hir TV (1080p),https://video11.videa.hu/static/live/8.2966061.2530409.1.5.590.590/index.m3u8
Hirshabelle TV (576p),http://ap02.iqplay.tv:8081/iqb8002/h1rshbe1iptv/playlist.m3u8
Hiru TV (360p) [Not 24/7],https://tv.hiruhost.com:1936/8012/8012/playlist.m3u8
His Glory TV (1080p),https://customer-6itfaqopbksp5p0q.cloudflarestream.com/3972e89fb79bf6d6dd2a16c75455087a/manifest/video.m3u8
His Grace TV (480p) [Not 24/7],https://goliveafrica.media:9998/live/6593c35f9c090/index.m3u8
Hispan TV,https://cdnlive.presstv.ir/live/smil:live.smil/playlist.m3u8
Hispania TV,https://www.streaming507.net:19360/hispaniamediatv/hispaniamediatv.m3u8
Historia (1080p),https://d1k3vzh2ivy22k.cloudfront.net/Historia.m3u8
Historia HD (1080p),https://d1k3vzh2ivy22k.cloudfront.net/Historia1080.m3u8
Historia y Vida (720p),https://jmp2.uk/plu-67517f923a61d40008c451f0.m3u8
Historias de Ultratumba,https://jmp2.uk/plu-5f4d3696d938c900072679fd.m3u8
History,http://213.91.179.28:8000/play/a0c1
History (720p),http://45.190.28.50/HISTORY_HD/index.m3u8
History,http://88.212.15.19/live/test_history/playlist.m3u8
History,http://88.212.15.19/live/history_hun/index.m3u8
History (720p),http://40.160.24.53/HISTORY_CHANNEL/index.m3u8
History2,http://88.212.15.19/live/test_h2/playlist.m3u8
History 2 Latin America (1080p),http://138.121.15.230:9002/HISTORY-2/index.m3u8
History 2 Latin America Brazil (720p),http://45.190.28.50/H2_HD/index.m3u8
History 365 (1080p) [Geo-blocked],https://pb-162j8hrspp1iq.akamaized.net/History_365.m3u8
History & Warfare,https://jmp2.uk/plu-69dd5d7bfcb9bf5e3063cb16.m3u8
History & Warfare Now (1080p),https://d1nzda2a2b3swt.cloudfront.net/History_Warfare_Now.m3u8
History and Warfare Now (1080p),https://d28gzbv9fhdm3h.cloudfront.net/playlist/amg00376-magellantv-historyandwarfarenowaunzin-samsungau/playlist.m3u8
History and Warfare Now (1080p),https://amg00376-magellan-amg00376c19-samsung-nz-1735.playouts.now.amagi.tv/playlist/amg00376-magellantv-historyandwarfarenowaunzin-samsungnz/playlist.m3u8
History Channel (1080p),https://streamer12.xploretv.si/__cl/cg:prod/__c/A1_SI_HISTORYHD_ott/__op/dash-default/__dci/__f/index.m3u8?admin=xploreTv_test_user&redirect=true
History Hit (1080p),https://lds-timeline-rakuten.amagi.tv/playlist.m3u8
History Hunters (1080p),https://amg00841-amg00841c7-rakuten-uk-2820.playouts.now.amagi.tv/playlist/amg00841-aeemeafast-historyhuntersrakuten-rakutenuk/playlist.m3u8
History Hunters (1080p),https://amg00841-amg00841c9-samsung-gb-3032.playouts.now.amagi.tv/playlist/amg00841-aeemeafast-historyhunterssamsung-samsunggb/playlist.m3u8
History Hunters,https://jmp2.uk/plu-65819fc1b9adc4000813f37d.m3u8
History Latin America (1080p),http://138.121.15.230:9002/HISTORY-CHANNEL/index.m3u8
History TV18 (576p),http://103.72.101.252:8080/live/1471.m3u8
History TV18 HD (1080p),http://103.154.3.101:5001/live/577.m3u8
Hit FM,https://hitfm.nfthost.net/hls/hitfm/live_all/playlist.m3u8
Hit HD (1080p),http://hls127.freeott.top:8080/XitHD/video.m3u8
Hit Mix Music,http://213.91.179.28:8000/play/a0cl
Hit Sitcoms (720p),https://jmp2.uk/plu-69b83e4169056557a9252f61.m3u8
Hit Sitcoms (720p),https://jmp2.uk/plu-66e0b4a3f0f17500085cc268.m3u8
Hitradio O3 (720p),https://studiocam-oe3.mdn.ors.at/orf/studiocam_oe3/q6a/manifest.mpd
Hits 360 TV (720p) [Not 24/7],http://cm.hostlagarto.com:8081/hits360tv/hits360HD.myStream/playlist.m3u8
Hitz TV (1080p),https://streamer2.nexgen.bz/13-HITZ/index.m3u8
HLC TV (480p) [Not 24/7],https://goliveafrica.media:9998/live/627d06e001aaf/index.m3u8
Hlektra TV (1080p),https://live20.bozztv.com/giatv/giatv-hlektratv/hlektratv/playlist.m3u8
HLN Live (720p),https://dpg-eventstreams.akamaized.net/hlnlivesrt-xmr/streamx/hlnlivesrt_720p.m3u8
Hluttaw S & D,https://mrtvott.com/cache/MRTV-HLUTTAW/master.m3u8
HMI PROMZ NEWS (720p),https://video1.getstreamhosting.com:1936/8326/8326/playlist.m3u8
Hmong Star TV (720p) [Not 24/7],https://livefta.malimarcdn.com/ftaedge00/hmongstartv.sdp/playlist.m3u8
Hmong TV Network (720p),https://livefta.malimarcdn.com/ftaedge00/cvabroadcasting.stream/playlist.m3u8
HMTV (720p),https://cdn-1.pishow.tv/live/280/master.m3u8
HNN 24x7 (576p),https://ott.livelegitpro.in:9899/hnnnews/hnnnews/tracks-v1/index.fmp4.m3u8
Hoarders (720p),https://8f2546fe.wurl.com/master/f36d25e7e52f1ba8d7e56eb859c636563214f541/UmFrdXRlblRWLWV1X0hvYXJkZXJzX0hMUw/playlist.m3u8
Hoarders (720p),https://eada4a55.wurl.com/master/f36d25e7e52f1ba8d7e56eb859c636563214f541/U2Ftc3VuZy1nYl9Ib2FyZGVyc19ITFM/playlist.m3u8
Hoarders,https://jmp2.uk/plu-698a040b48d98175cb870fc5.m3u8
Hoarders by A&E (720p),https://d1klo92zvoj2of.cloudfront.net/v1/aenetworks_hoarders_1/samsungheadend_us/latest/main/hls/playlist.m3u8
Hobby Maker (720p),https://lo3.gemporia.com/abrhobbymakerukgfx/smil:livestreamFullHD.smil/playlist.m3u8
HodHod Farsi TV (1080p),https://northtelecom.b-cdn.net/hodhodtv.m3u8
Hogan's Heroes,https://jmp2.uk/plu-68939e206727ec919bb39061.m3u8
Högspänning,https://jmp2.uk/plu-6537abf42cf1310008441686.m3u8
HOLA! Play (1080p),https://hola-play-2108fd06-86d4-44e8-9867-c35b4895a1c1-es.fast.rakuten.tv/v1/master/0547f18649bd788bec7b67b746e47670f558b6b2/production-LiveChannel-6433/master.m3u8
Hola! TV Latin America (1080p),http://8.243.126.131:8000/play/a0fg/index.m3u8
HollyWire (720p),https://bozztv.com/hwotta/playlist/playlist.m3u8
Hollywood HD (1080p),http://31.148.48.15/MGM_HD/index.m3u8
Holvoet TV (Copiapó) (720p) [Not 24/7],https://unlimited1-us.dps.live/holvoettv/holvoettv.smil/playlist.m3u8
Holy Quran Radio Nablus (720p),http://streaming.zaytonatube.com:8080/holyquran/holyquran/video.m3u8
Home & Shopping (720p),https://s28.qtcdn.co.kr/media/liveM3U8/idx/518045142/enc/1860408350/playlist.m3u8
Home Cooking by Food Network,https://jmp2.uk/plu-68bb16916523408b14bac7f8.m3u8
Home Network (720p),http://40.160.24.53/HGTV/index.m3u8
Home Plus,https://homeplushls.wns.live/hls/stream.m3u8
Home Refresh (720p) [Geo-blocked],https://pb-wedgbca8p66er.akamaized.net/playlist.m3u8
Home.Made.Nation (720p),https://jmp2.uk/plu-5dc1cb279c91420009db261d.m3u8
Homebase TV (576p) [Not 24/7],https://webstreaming-2.viewmedia.tv/web_022/Stream/playlist.m3u8
Homeful (1080p),https://amg00090-blueantcanada-amg00090c4-samsung-au-819.playouts.now.amagi.tv/playlist/amg00090-blueantfast-homefulworldwide-samsungau/playlist.m3u8
Homerun TV,https://streams2.sofast.tv/WiseM3U8_29/sofast/cleanhls/master.m3u8
Homes Under The Hammer (720p),https://all3media-homes-under-the-hammer-1-au.samsung.wurl.tv/playlist.m3u8
Homicide (720p),https://jmp2.uk/plu-63921a3d00c96100082a3cb4.m3u8
Homicide Hunter,https://jmp2.uk/plu-619e21b213ef6b0007d8c17a.m3u8
Homicide la chaîne du fait divers (1080p),https://rakutenaa-fastmedia-homicide-rakuten-pw6g3.amagi.tv/playlist/rakutenAA-fastmedia-homicide-rakuten/playlist.m3u8
Hoop TV (1080p),https://streams2.sofast.tv/WiseM3U8_28/sofast/cleanhls/master.m3u8
Hop! (1080p),http://stream.mcquack.net/44/index.m3u8
Hope4Life TV (720p),http://144.217.14.88/hls/hope4life.m3u8
Hope Channel Africa (1080p),https://jstre.am/live/jsl:i1onRBELcGV.m3u8
Hope Channel Australia (1080p),https://videodelivery.net/9fb3596948ddf463fde0ec4b85625b24/manifest/video.m3u8
Hope Channel Bulgaria,https://hc1.hopetv.bg/live/hopetv_all.smil/playlist.m3u8
Hope Channel German (1080p),https://customer-x8zydurm357k8j9p.cloudflarestream.com/5b46490d20cdd87fcac238b0027813e0/manifest/video.m3u8
Hope Channel Ghana (480p),https://videodelivery.net/dfbdca87f2a6291aa4fdc8fe3290769b/manifest/video.m3u8
Hope Channel Inter-America,https://jstre.am/live/jsl:EC0Mq0i6HJU.m3u8
Hope Channel Inter-America English (1080p),https://jstre.am/live/jsl:UP9KAdlVrm8.m3u8
Hope Channel International (1080p),https://jstre.am/live/jsl:cZXINbwrFj6.m3u8
Hope Channel North America (1080p),https://jstre.am/live/jsl:0sUSK6VA7GT.m3u8
Hope Channel Philippines (1080p),https://jstre.am/live/jsl:7A1swL7Fhlh.m3u8
Hornbill TV (576p),https://cdn-2.pishow.tv/live/1463/master.m3u8
Horoshee Kino (720p),https://live-rian.cdnvideo.ru/rian/rus-radio/playlist.m3u8
Horror by ALTER (1080p),https://d3opw4b2eztyyq.cloudfront.net/playlist.m3u8
Horror by ALTER (1080p),https://aegis-cloudfront-1.tubi.video/acac036c-181a-413a-a102-cd294c83320d/playlist.m3u8
Horror Club,https://jmp2.uk/plu-66c35c0c92b1af0008c8e83a.m3u8
Horror Machine (720p) [Geo-blocked],https://naviofrequency-horrormachine-klowdtv.amagi.tv/playlist.m3u8
Horror TV (1080p),https://streams2.sofast.tv/v1/master/611d79b11b77e2f571934fd80ca1413453772ac7/93dc292b-cbcf-4988-ab97-94feced4c14b/manifest.m3u8
Horse & Country (720p),https://jmp2.uk/plu-671b4dc049c4060008f91d3a.m3u8
Horse & Country (720p),https://jmp2.uk/plu-671b4e47daad7f000868b840.m3u8
Horse & Country (720p),https://jmp2.uk/plu-671b4e8bc7626f00089b7194.m3u8
Horse & Country TV (1080p),https://hnc-free-viewlift.amagi.tv/HNC_AUSTRALIA.m3u8
Horse TV (720p),https://a-cdn.klowdtv.com/live2/horsetv_720p/playlist.m3u8
Hosanna Vision (720p) [Not 24/7],https://1206618505.rsc.cdn77.org/LS-ATL-59020-1/playlist.m3u8
HOT3,http://s08.wsbof.com:8090/s/dc2d537d/hot3-hd-il.m3u8
HOT8 (1080p),http://s08.wsbof.com:8090/s/dc2d537d/hot-8-il-hd.m3u8
Hot Bench (720p),https://jmp2.uk/plu-6036e6e7ac69c400072afca2.m3u8
HOT Cinema 1 (1080p),http://s08.wsbof.com:8090/s/dc2d537d/hot-cinema1-il.m3u8
HOT Drama (1080p),http://stream.mcquack.net/381/index.m3u8
Hot Ones (1080p),https://d532j1ra4v4q9.cloudfront.net/SONO65.m3u8
Hot Ones (720p),https://d1si3n1st4nkgb.cloudfront.net/10502/88896039/hls/master.m3u8?ads.xumo_channelId=88896039
Hot Ones,https://jmp2.uk/plu-65a803b607e03a0008925118.m3u8
Hot Ones,https://jmp2.uk/plu-655ca7405812e80008883d4e.m3u8
Hot Ones,https://jmp2.uk/plu-655ca968c917a5000830f8f5.m3u8
Hot Ones,https://jmp2.uk/plu-655caa815812e80008884322.m3u8
Hot Wheels Action (1080p),https://dtz4aepbew7ez.cloudfront.net/hotwh.m3u8
HOT Zone (1080p),http://stream.mcquack.net/379/index.m3u8
Hotel Inspector (1080p),https://amg00654-itv-amg00654c4-rakuten-uk-5263.playouts.now.amagi.tv/playlist.m3u8
House of Lies,https://jmp2.uk/plu-693ae62a43fe00a023e76e0d.m3u8
House of Lies,https://jmp2.uk/plu-693ae65fab5959c036fa6c1e.m3u8
House of Lies,https://jmp2.uk/plu-693ae6bf0ddf7d2a40b7fd35.m3u8
How To Use Pluto TV,https://jmp2.uk/plu-64634eb42858cb0008fd92d6.m3u8
HOY Infotainment (1080p) [Geo-blocked],https://hoytv-live-stream.hoy.tv/ch78/index.m3u8
HOY International Business Channel (1080p) [Geo-blocked],https://hoytv-live-stream.hoy.tv/ch76/index-fhd.m3u8
HOY TV (1080p) [Geo-blocked],https://hoytv-live-stream.hoy.tv/ch77/index.m3u8
hr-fernsehen (1080p),https://hrhls.akamaized.net/hls/live/2024525/hrhls/index.m3u8
hr-fernsehen HD,https://dash4.antik.sk/live/test_hr_tizen/playlist.m3u8
HRT 1 (720p),https://webtvstream.bhtelecom.ba/hrt1.m3u8
HRT 1 HD (1080p) [Geo-blocked],https://bpcdnmanprod.nexttv.ht.hr/bpk-tv/HRT1/default/index.mpd
HRT 2 (720p),https://webtvstream.bhtelecom.ba/hrt2.m3u8
HRT 2 HD (1080p) [Geo-blocked],https://bpcdnmanprod.nexttv.ht.hr/bpk-tv/HRT2/default/index.mpd
HRT 3 (720p),https://webtvstream.bhtelecom.ba/hrt3.m3u8
HRT 3 HD (720p) [Geo-blocked],https://bpcdnmanprod.nexttv.ht.hr/bpk-tv/HRT3/default/index.mpd
HRT 4 HD (720p) [Geo-blocked],https://bpcdnmanprod.nexttv.ht.hr/bpk-tv/HRT4/default/index.mpd
HSE (1080p),https://hse24.akamaized.net/hls/live/2006663/hse24/playlist.m3u8
HSE24 Extra (1080p),https://hse24extra.akamaized.net/hls/live/2006596/hse24extra/playlist.m3u8
HSE24 Trend (576p),https://hse24trend.akamaized.net/hls/live/2006597/hse24trend/playlist.m3u8
HSN (720p),http://40.160.24.53/HSN/index.m3u8
HSN2 (720p),https://qvc-amd-live.akamaized.net/hls/live/2034113/lshsn2us/master.m3u8
HSN West (720p),https://qvc-amd-live.akamaized.net/hls/live/2034113/lshsn1uswest/master.m3u8
HTR TV (720p),https://ms7.mx-cd.net/tv/286-3043214/HTR_Media_TV.smil/playlist.m3u8
HTSpor TV (1080p),https://ciner.daioncdn.net/ht-spor/ht-spor.m3u8?app=web
HTV 1 Houston Television (720p),https://stream.swagit.com/live-edge/houstontx/smil:hd-16x9-2-a/playlist.m3u8
HTV 2 Houston Television (720p),https://stream.swagit.com/live-edge/houstontx/smil:hd-16x9-2-b/playlist.m3u8
HTV9 HD (1080p) [Geo-blocked],https://live.fptplay53.net/epzhd1/htv9hd_vhls.smil/chunklist.m3u8
HTV Key (1080p),https://freem3u.xyz/api/live/play.m3u8?vid=9
HTV Live (1080p) [Not 24/7],https://fox.hostlagarto.com:8081/canalhtv/tracks-v1a1/mono.m3u8
HTV Thể thao (1080p) [Geo-blocked],https://live.fptplay53.net/epzhd1/htvcthethao_vhls.smil/chunklist.m3u8
Huacho Peru TV,https://tv.huachotv.com/stream.m3u8
Huasco Televisión (360p),https://paneltv.online:1936/8024/8024/playlist.m3u8
Huda TV (720p) [Not 24/7],https://cdn.bestream.io:19360/elfaro1/elfaro1.m3u8
Huế TV (720p) [Geo-blocked],https://live.fptplay53.net/epzsd1/hue_hls.smil/chunklist.m3u8
Huelva TV (720p),https://5d8d85cf2c308.streamlock.net:1936/huelvatv/htvdirecto/playlist.m3u8
Huila TV,https://server.asilivehd.com:3333/live/huilatvlive.m3u8
Hum News (1080p),http://116.90.120.151:8000/play/a024/index.m3u8
Hum Sitaray,http://103.86.135.164:9981/stream/channelid/2007922618?ticket=A568146B33A8AC741F94DA1630EDF7590877F305&profile=pass
Huma Betang TV (720p) [Not 24/7],https://v3.siar.us/humabetangtv/live/playlist.m3u8
Humor Mill (1080p),https://damkf751d85s1.cloudfront.net/v1/master/9d062541f2ff39b5c0f48b743c6411d25f62fc25/HumorMill-DistroTV/152.m3u8?ads.vf=3I7CXmxz7vK
Hunan TV (2160p),http://hlsal-ldvt.qing.mgtv.com/nn_live/nn_x64/dWlwPTEyNy4wLjAuMSZ1aWQ9cWluZy1jbXMmbm5fdGltZXpvbmU9OCZjZG5leF9pZD1hbF9obHNfbGR2dCZ1dWlkPTliODY4NmU5ZTM2YzYwMmMmZT02OTE0NjA0JnY9MSZpZD1ITldTWkdTVCZzPTcwN2RiYTc2YzJjNmJmMTQ4MmUyZGYzOWU2NWM3YWFi/HNWSZGST.m3u8
Hunat TV (720p) [Geo-blocked],https://live.artidijitalmedya.com/artidijital_hunattv/hunattv/playlist.m3u8
Hundehviskeren,https://jmp2.uk/plu-6501af923a0d700008b71b53.m3u8
Hundehviskeren,https://jmp2.uk/plu-6501ad3a98020f0008503dba.m3u8
Hunedoara 1 (480p) [Not 24/7],https://netstreaming.eu/hd1.m3u8
Hungry (720p),https://dos35knl8v49a.cloudfront.net/v1/food/samsungheadend_us/latest/main/hls/playlist.m3u8
Hunt Fish TV (1080p),https://streams2.sofast.tv/sofastplayout/WiseM3U8_2/master.m3u8
Hunter x Hunter (1080p),https://d190au8yjmla79.cloudfront.net/playlist.m3u8
Hunter x Hunter,https://jmp2.uk/plu-65d9167818036500080e8780.m3u8
Hunter x Hunter,https://jmp2.uk/plu-65d916a2f7f0af0008b6540d.m3u8
Huntington Beach TV Channel 3 (720p),https://reflect-huntingtonbeach.cablecast.tv/live-4/live/stream-1/live.m3u8
Hyder TV (720p),https://cdn.live247stream.com/hyder/tv/playlist.m3u8
Hype Visual Radio (1080p),https://streammix.alsolnet.com/hyperadio/live/playlist.m3u8
Hyundai Home Shopping (720p),https://livejj.hyundaihmall.com:8443/live/ngrp:hmall.stream_pc/playlist.m3u8
Hyundai Home Shopping Plus (720p),https://dtvstreaming.hyundaihmall.com/newcjp3/_definst_/newcjpstream.smil/playlist.m3u8
i24NEWS Arabic (1080p),https://i24newsarabic-cdn.encoders.immergo.tv/master.m3u8
i24NEWS English World (1080p),https://i24newsenglish-cdn.encoders.immergo.tv/master.m3u8
i24NEWS French (1080p),https://i24newsfrench-cdn.encoders.immergo.tv/master.m3u8
I24 News Hebrew (1080p),https://i24newshebrew-cdn.encoders.immergo.tv/master.m3u8
I Am Channel (576p),https://61146e7ab7a66.streamlock.net:8089/tes/1/chunklist.m3u8
I Jefferson,https://jmp2.uk/plu-62442f28afe626000747f195.m3u8
I Love Lucy,https://jmp2.uk/plu-63a2f1dda0d69700078b7cba.m3u8
I Love Lucy,https://jmp2.uk/plu-634f3011f4fff20007431641.m3u8
I Puffi,https://jmp2.uk/plu-68adb5853efb41cd97ce413d.m3u8
I Shouldn't Be Alive,https://jmp2.uk/plu-69fcaaa1853a01a827bcd056.m3u8
I soliti idioti,https://jmp2.uk/plu-6602acadb2abe500081cf28a.m3u8
I Survived (720p),https://jmp2.uk/plu-6578852bcbd0d60008f876d7.m3u8
I Survived (720p),https://jmp2.uk/plu-657887d9dfed030008ce8aa8.m3u8
I Survived (720p),https://8e979536.wurl.com/master/f36d25e7e52f1ba8d7e56eb859c636563214f541/UmFrdXRlblRWLWdiX0lTdXJ2aXZlZF9ITFM/playlist.m3u8
I Survived (720p),https://a86a4e47.wurl.com/master/f36d25e7e52f1ba8d7e56eb859c636563214f541/U2Ftc3VuZy1nYl9JU3Vydml2ZWRfSExT/playlist.m3u8
I Survived,https://jmp2.uk/plu-657881c46e4f6a00087414c2.m3u8
I Survived...,https://jmp2.uk/plu-68c82005be767928b4a8ef0c.m3u8
I Survived… (720p),https://d1ewp56x5c748d.cloudfront.net/v1/aenetworks_i_survived_1/samsungheadend_us/latest/main/hls/playlist.m3u8
I-UA.tv (1080p),https://kie2.cdn.i-ua.tv/hlsme/iuatv.m3u8
IasiTV Life (1080p) [Not 24/7],https://tv.streambox.ro/hls/itv/index.m3u8
IBC 13 (480p) [Not 24/7],https://streams.comclark.com/pknsd/ibc_13/playlist.m3u8
IBC 24 (720p),https://cdn-3.pishow.tv/live/220/master.m3u8
IBC Bakthi (1080p),https://ibc.massstream.net/IBC2/index.m3u8
IBC Tamil (1080p),https://ibc.massstream.net/IBC/index.m3u8
IberoAmerica TV (1080p),https://limited39.todostreaming.es/live/salome-livestream.m3u8
IBN TV (480p),http://138.68.138.119:8080/live/5a8993709ea19/index.m3u8
IBN TV Africa (720p),http://68.183.41.209:8080/live/5d9a537c64b9c/index.m3u8
IBTV USA (576p),http://tvsen7.aynascope.net/ibtvusa/index.m3u8
iCarly,https://jmp2.uk/plu-5e8b580a233dc90007f0cb9d.m3u8
iCarly,https://jmp2.uk/plu-6181404ef48321000797bc41.m3u8
iCarly,https://jmp2.uk/plu-61c0b9aab7facb0007913908.m3u8
iCarly,https://jmp2.uk/plu-61c1d9b31a9c310008f8ee57.m3u8
iCarly,https://jmp2.uk/plu-61c185049e0bde0007820039.m3u8
iCarly TV,https://jmp2.uk/plu-5f8ecc7aa44d9c00081fca29.m3u8
iCarly TV,https://jmp2.uk/plu-6450209d939a5900084dba1d.m3u8
Icaro TV (720p) [Not 24/7],https://59d7d6f47d7fc.streamlock.net/icarotv/icarotv/playlist.m3u8
ICC Plus (1080p),https://icchls.wns.live/hls/stream.m3u8
Ice Pilots,https://jmp2.uk/plu-5ce40f42ba7f7f5ea9518fe1.m3u8
Ice Road Truckers (1080p),https://aegis-cloudfront-1.tubi.video/f86823bb-d35d-4e5f-ab3e-ee0693dac9d4/playlist.m3u8
Ice Road Truckers (720p),https://jmp2.uk/plu-657884cba620e30008fe33e1.m3u8
Ice Road Truckers (720p),https://jmp2.uk/plu-62beb6c0371e6c000775930f.m3u8
Ice Road Truckers (720p),https://6ffa57ba.wurl.com/master/f36d25e7e52f1ba8d7e56eb859c636563214f541/UmFrdXRlblRWLWdiX0ljZVJvYWRUcnVja2Vyc19ITFM/playlist.m3u8
Ice Road Truckers (720p),https://7aac8d7e.wurl.com/master/f36d25e7e52f1ba8d7e56eb859c636563214f541/U2Ftc3VuZy1nYl9JY2VSb2FkVHJ1Y2tlcnNfSExT/playlist.m3u8
Ice Road Truckers (720p),https://d27c7ivrw07fxl.cloudfront.net/v1/aenetworks_iceroadtruckers_1/samsungheadend_us/latest/main/hls/playlist.m3u8
Ice Road Truckers,https://jmp2.uk/plu-633560bfa693390008b99cf0.m3u8
Ice Road Truckers,https://jmp2.uk/plu-68c8201b1e5aaf77c47d9605.m3u8
Icel TV (720p) [Not 24/7],https://edge1.socialsmart.tv/iceltv/bant1/playlist.m3u8
ici Elsass (180p),https://raw.githubusercontent.com/Sibprod/streams/main/ressources/dm/py/hls/icielsass.m3u8
ICI Montreal (720p),https://amdici.akamaized.net/hls/live/873426/ICI-Live-Stream/master.m3u8
Ici Radio-Canada Télé (1080p) [Geo-blocked],https://rcavlive-dai.akamaized.net/hls/live/696614/cancbftprem/master.m3u8
Ici Radio-Canada Télé Alberta (CBXFT-DT) [Geo-blocked],https://rcavlive.akamaized.net/hls/live/704020/cancbxft/master.m3u8
Ici Radio-Canada Télé Colombie-Britannique/Yukon (CBUFT-DT) [Geo-blocked],https://rcavlive.akamaized.net/hls/live/704017/cancbuft/master.m3u8
Ici Radio-Canada Télé Est du Québec (CJBR-DT) [Geo-blocked],https://rcavlive.akamaized.net/hls/live/704024/cancjbr/master.m3u8
Ici Radio-Canada Télé Estrie (CKSH-DT) [Geo-blocked],https://rcavlive.akamaized.net/hls/live/704016/cancksh/master.m3u8
Ici Radio-Canada Télé Manitoba (CBWFT-DT) [Geo-blocked],https://rcavlive.akamaized.net/hls/live/704018/cancbwft/master.m3u8
Ici Radio-Canada Télé Mauricie/Centre-du-Québec (CKTM-DT) [Geo-blocked],https://rcavlive.akamaized.net/hls/live/704021/cancktm/master.m3u8
Ici Radio-Canada Télé Ontario (CBLFT-DT) [Geo-blocked],https://rcavlive.akamaized.net/hls/live/704022/cancblft/master.m3u8
Ici Radio-Canada Télé Ottawa/Gatineau (CBOFT-DT) [Geo-blocked],https://rcavlive.akamaized.net/hls/live/664046/cancboft/master.m3u8
Ici Radio-Canada Télé Québec (CBVT-DT) [Geo-blocked],https://rcavlive.akamaized.net/hls/live/664045/cancbvt/master.m3u8
Ici Radio-Canada Télé Saguenay/Lac-St-Jean (CKTV-DT) [Geo-blocked],https://rcavlive.akamaized.net/hls/live/704023/cancktv/master.m3u8
Ici Radio-Canada Télé Saskatchewan (CBKFT-DT) [Geo-blocked],https://rcavlive.akamaized.net/hls/live/704019/cancbkft/master.m3u8
Ici Radio-Canada Télé Terre-Neuve-et-Labrador (CBAFT-DT) [Geo-blocked],https://rcavlive.akamaized.net/hls/live/704014/cancbaft/master.m3u8
ICI RDI (720p),https://rcavlive.akamaized.net/hls/live/704025/xcanrdi/master.m3u8
ICN Digital,https://streaming.icndigital.com/live_output/icn_live_stream_1.m3u8
icnet 1,https://icnet1hls.wns.live/hls/stream.m3u8
icnet 2,https://icnet2hls.wns.live/hls/stream.m3u8
icnet 3,https://ic3hls.wns.live/hls/stream.m3u8
Icon Film Channel (720p),https://iconfilmsdistribution-iconfilmchannelclassics-1-gb.samsung.wurl.tv/playlist.m3u8
ICONE TV,https://lecteur.iconetv.bj/hls/stream.m3u8
Icons Unearthed+,https://jmp2.uk/plu-686fc8fe1889b4ad04604704.m3u8
ICRTV Colima (1080p),https://5fc584f3f19c9.streamlock.net/icrtvcolima/smil:icrtvcolima.smil/playlist.m3u8
Ictimai TV,https://live.itv.az/itv.m3u8
ICTV (480p) [Not 24/7],https://goliveafrica.media:9998/live/659a7f33bed3f/index.m3u8
ICTV (1080p),http://stream.mcquack.net/158/index.m3u8
ICTV2 (1080p),http://stream.mcquack.net/368/index.m3u8
ID,http://213.91.179.28:8000/play/a0cf
Ideaal TV (480p) [Not 24/7],https://ms2.mx-cd.net/dtv-09/236-2051366/Ideaal_TV.smil/playlist.m3u8
Ideas en 5 minutos (1080p),https://soul-5mincraftspa-rakuten.amagi.tv/playlist.m3u8
Identité Télé Caraïbes (548p),https://vdo2.pro-fhi.net:3769/stream/play.m3u8
IDJTV,https://best-str.umn.cdn.united.cloud/stream?stream=hp1400&sp=idjtv&u=idjtv&p=In%24trum300na765ta&channel=idjhd&player=m3u8
IDTV (720p) [Not 24/7],https://b1world.beritasatumedia.com/Beritasatu/B1World_manifest.m3u8
IDX Channel (720p),https://indihuy.streamized.net/atm/DASH/idx/manifest.mpd
IeanJesus Ecuador (720p),https://cloud37.ecuatel.com/iglesia2020/Stream1/playlist.m3u8
IERTBCS Canal 8.2 La Paz (1080p) [Not 24/7],https://s5.mexside.net:1936/xhbzc82/xhbzc82/playlist.m3u8
IERTBCS Canal 8 La Paz (1080p) [Not 24/7],https://s5.mexside.net:1936/xhbzc81/xhbzc81/playlist.m3u8
IFC (1080p),http://23.237.104.106:8080/USA_IFC/index.m3u8
iFilm 2,https://live.presstv.ir/hls/ifilm2.m3u8
iFilm Arabic,https://live.presstv.ir/hls/ifilmar.m3u8
iFilm English,https://live.presstv.ir/hls/ifilmen.m3u8
iFilm Persian,https://live.presstv.ir/hls/ifilmfa.m3u8
Iglesia Del Camino (480p) [Not 24/7],http://streamingcontrol.com:1935/ectv/ectv/playlist.m3u8
Ignite Television (1080p),https://rpn.bozztv.com/ignitelive/ignitetv/ignitetv/playlist.m3u8
IIPC TV (720p),https://rpn.bozztv.com/dvrfl03/iipctv/index.m3u8
Il Banco dei Pugni,https://jmp2.uk/plu-60e4507a06171800072339a3.m3u8
Il Sole24Ore TV (720p),https://jmp2.uk/plu-6971fc932c004063166ac8fd.m3u8
Il Testimone,https://jmp2.uk/plu-61fbd3f0733df400076c9a2d.m3u8
Ilam,https://ncdn.telewebion.ir/ilam/live/playlist.m3u8
Ilke TV (1080p),https://stream.ilketv.com.tr/hls/ilkecanli.m3u8
Ilm va Tabiat (1080p),https://live.teleradiocom.tj/15/3m.m3u8
ILTV (720p),https://live.creacast.com/iltv/smil:iltv.smil/playlist.m3u8
Imagen TV (720p),https://lbgo.bozztv.com/ssh101/ssh101/imagentvpotosib/playlist.m3u8
Imagen TV (1080p),https://igd-it-runtime.otteravision.com/igd/it/it.m3u8
Imagen Universal TV,https://imagenuniversaltv.net:3771/live/iutvlive.m3u8
Imai TV (1080p),https://live20.bozztv.com/akamaissh101/ssh101/imaitv/playlist.m3u8
Imam Hussein TV 1 (1080p),http://fa.imamhossaintv.com/live/ih1.m3u8
Imam Hussein TV 2 (1080p),http://ar.imamhossaintv.com/live/ih2.m3u8
Imam Hussein TV 3 (1080p),http://en.imamhossaintv.com/live/ih3.m3u8
Imam Hussein TV 4 (1080p),http://ur.imamhossaintv.com/live/ih4.m3u8
Imam Hussein TV 5 (720p),http://live.al-zahratv.com/live/playlist.m3u8
Imam Hussein TV 6 (1080p),http://live.imamhossaintv.com/live/ih6.m3u8
Iman TV (480p),https://live.relentlessinnovations.net:1936/imantv/imantv/playlist.m3u8
Imás TV (1080p) [Not 24/7],https://secure3.todostreaming.es/live/imastv-livestream.m3u8
Imedi TV (1080p),https://tv.cdn.xsg.ge/imedihd/index.m3u8
Immaculata TV (720p),https://g5nl63z8lpq6-hls-live.5centscdn.com/tvistream/a5586d8ea3b7b021120a05c60dc59876.sdp/playlist.m3u8
Impact Channel,https://5fe2654d6127d.streamlock.net/impactchannel/videoimpactchannel/playlist.m3u8
Impact Network (720p),https://edge1.lifestreamcdn.com/live/impactroku1/index.m3u8
Impact TV,https://edge11.vedge.infomaniak.com/livecast/ik:impacttv-2/manifest.m3u8
Impact TV Dance (1080p),https://online.tvimpact.live/hls/dancetv.m3u8
Impact TV Manele (1080p),https://online.tvimpact.live/hls/impact_tv.m3u8
Impacto Televisión (360p) [Not 24/7],https://cloudvideo.servers10.com:8081/impactotv/index.m3u8
IMPD TV Worldwide (1080p),https://igrejamundial.nuvemplay.live/hls/stream.m3u8
Imperial Television (1080p),https://sc1.wasidata.com/Imperial/index.m3u8
Imperial TV (720p),https://tv.centaurychile.com/imperial/streams/EnCyCiwNLsqEQ2kv2852222720686498.m3u8
Imperio TV Canal 6 (720p),https://live21.bozztv.com/akamaissh101/ssh101/imperiotvcanal6/playlist.m3u8
Impossible Quiz Show (1080p),https://bbc-impossible-1-us.roku.wurl.tv/playlist.m3u8
IMRyT Morelos TV (720p),https://stream8.mexiserver.com:19360/morelostv/morelostv.m3u8
In Depth with Graham Bensinger (1080p),https://d3l6x4fdwxv0np.cloudfront.net/In_Depth_With_Graham_Bensinger.m3u8
In The Black Network (720p),https://stream.ads.ottera.tv/playlist.m3u8?content_livestream=1&network_id=16206
In the kitchen (720p),https://qvc-amd-live.akamaized.net/hls/live/2034113/lsqvc4us/master.m3u8
In Touch+ (1080p),https://amg01540-amg01540c2-distrotv-us-8133.playouts.now.amagi.tv/playlist/amg01540-apexmediafast-intouchplus-distrotvus/playlist.m3u8
In Touch+ (1080p),https://amg01540-amg01540c1-amgplt0095.playout.now3.amagi.tv/playlist.m3u8
INA 70 (720p),https://jmp2.uk/plu-639b54404cfdf7000729b3c1.m3u8
INA 70s (1080p),https://fast-rakuten.okast.tv/fa2e8c4385712f9af3e719ec904b3543/channels/34d82f76-b51f-4bf5-9b35-769fb5904e79/96f96405-90e7-489a-a1e6-8ede5d2b4933/media_.m3u8
INA Ardivision (1080p),https://fast-rakuten.okast.tv/fa2e8c4385712f9a3b579747e448699c/channels/34d82f76-b51f-4bf5-9b35-769fb5904e79/a4226699-b685-4f5d-9cb6-2a6cac14c377/media_.m3u8
Inazuma Eleven,https://jmp2.uk/plu-632c6df43d2bc5000751f621.m3u8
Inazuma Eleven Go Italy (720p),https://minerva-pictures-inazumaelevengo-1-it.rakuten.wurl.tv/playlist.m3u8
Income Property,https://jmp2.uk/plu-62e926429cb58900088f951f.m3u8
Incroyables Transformations (720p),https://jmp2.uk/plu-66f55d205e4a6e0008c2b92b.m3u8
Independent TV (1080p),https://bozztv.com/rongo/rongo-IndependentTV/index.m3u8
India Ahead (576p),https://mumt05.tangotv.in/87NeALx2INDIAAHEAD/index.m3u8
India Daily 24x7 (1080p),https://d35j504z0x2vu2.cloudfront.net/v1/master/0bc8e8376bd8417a1b6761138aa41c26c7309312/india-daily-24x7/index.m3u8?ads.vf=gZKszyLINNq
India Daily Live (1080p),https://indiadaily.ottlive.co.in/indiadailylive/index.m3u8
India News Madhya Pradesh/Chhattisgarh (576p),https://livetv.newsx.com/itv/itvnetwork7/playlist.m3u8
India Today (720p),https://d1rc86nwwc9fag.cloudfront.net/vglive-sk-293160/master.m3u8
India TV (720p),https://pl-indiatvnews.akamaized.net/out/v1/db79179b608641ceaa5a4d0dd0dca8da/index.m3u8
India TV Aap Ki Adalat (1080p) [Geo-blocked],https://amg01550-amg01550c6-samsung-in-4679.playouts.now.amagi.tv/playlist/amg01550-indiatvfast-indiatvakasamsung-samsungin/playlist.m3u8
India TV Speed News (1080p),https://cc-lyf4c0hwzg5dd.akamaized.net/v1/master/3722c60a815c199d9c0ef36c5b73da68a62b09d1/cc-lyf4c0hwzg5dd/v1/vglive-sk-479089/main.m3u8
Indian News (720p),https://d35j504z0x2vu2.cloudfront.net/v1/master/0bc8e8376bd8417a1b6761138aa41c26c7309312/news-flash/index.m3u8?ads.vf=CP27TXRaa-O
Indigenous Television (720p),https://np.truestreamz.com/broadcaster/INDIGENOUSmob.stream/playlist.m3u8
Indigenous TV (720p),http://streamipcf.akamaized.net/live/_definst_/smil:liveabr.smil/playlist.m3u8
IndiMusic TV (720p),https://live-evg10.tv360.bitel.com.pe/bitel/musictv/playlist.m3u8
Indiyskoye Kino (576p),http://188.113.190.12/329/index.m3u8
Indonesiana.TV (720p),https://tvstreamcast.com/indonesiana.m3u8
Indywood TV (720p),https://43wrzjnpqoxe-hls-live.wmncdn.net/indywood/indywoodtv/index.m3u8
iNews (720p),https://indihuy.streamized.net/atm/DASH/inews/manifest.mpd
INews (720p),https://cdn-1.pishow.tv/live/411/master.m3u8
iNEWS TV (1080p),https://live.i-news.tv/hls/stream.m3u8
INFAST (1080p),https://amg00861-terninternation-lifestyle-samsungau-kdlyy.amagi.tv/playlist/amg00861-terninternation-lifestyle-samsungau/playlist.m3u8
Infinita TV (1080p),https://s2.tvdatta.com:3753/hybrid/play.m3u8
Informatia TV,https://informatia.streamnet.ro/mobile_tv/informatiatv.m3u8
Informe TV (1080p) [Not 24/7],https://edge.essastream.com/informetv/tracks-v1a1/mono.m3u8
InfoWars Network (1080p),https://freespeech.akamaized.net/hls/live/2016712/live1/playlist.m3u8
InfoWars The Alex Jones Show (1080p),https://freespeech.akamaized.net/hls/live/2024573/live2/playlist.m3u8
InfoWars The American Journal (1080p),https://freespeech.akamaized.net/hls/live/2016873/live3/playlist.m3u8
InfoWars War Room With Owen Shroyer (1080p),https://freespeech.akamaized.net/hls/live/2024574/live4/playlist.m3u8
Ingenio TV (720p) [Geo-blocked],https://aprende-usea.streaming.media.azure.net/9317ea3f-03a0-4266-9292-ac97a0e41c4d/output-20230609-123537-manifest.ism/manifest(format=m3u8-cmaf).m3u8
INH 24x7 (396p),https://d1msejlow1t3l4.cloudfront.net/fta/inh24x7/playlist.m3u8
Ink Master,https://jmp2.uk/plu-655f2d713944b60008bc7e90.m3u8
Ink Master,https://jmp2.uk/plu-60807fd5db701400078219c2.m3u8
Inkavision (720p),https://live-evg5.tv360.bitel.com.pe/bitel/inkavisionSRT/playlist.m3u8
Inmaculada TV (720p) [Not 24/7],https://live20.bozztv.com/akamaissh101/ssh101/radiotvcholy/playlist.m3u8
Inooro TV,https://live-onesignal.royalmedia.co.ke/live/T-MxRsFebq6zx7k2QFMbLw.m3u8
InRating TV (1080p),http://stream.mcquack.net/147/index.m3u8
Insayt TV (2160p),https://stream8.cinerama.uz/1416/tracks-v1a1/mono.m3u8
Inside Crime (1080p),https://aenetworks-insidecrime-rakuten.amagi.tv/playlist.m3u8
Inside Outside (720p),https://all3media-international-insideoutside-1-au.samsung.wurl.tv/playlist.m3u8
Inside Outside (720p),https://all3media-international-insideoutside-1-nz.samsung.wurl.tv/playlist.m3u8
Inside Outside (720p),https://all3media-international-insideoutside-2-gb.samsung.wurl.tv/playlist.m3u8
INSP (720p),http://40.160.24.53/INSP/index.m3u8
Inspetor Bugiganga,https://jmp2.uk/plu-69162648d03565d6c8c8df97.m3u8
Instant Saga,https://jmp2.uk/plu-60549e98061b5f000776866a.m3u8
Insync (576p),http://103.175.73.12:8080/live/160/master.m3u8
Inter (1080p),http://stream.mcquack.net/174/index.m3u8
INTER 24/7 (1080p),https://amg27604-amg27604c1-amgplt0002.playout.now3.amagi.tv/playlist/amg27604-amg27604c1-amgplt0002/playlist.m3u8
Inter 24/7 (720p),https://jmp2.uk/plu-691ed76a9c828fb484f7c2e5.m3u8
Inter 24/7 (720p),https://jmp2.uk/plu-691ed77b1308fa77bb2d5562.m3u8
Inter 24/7,https://jmp2.uk/plu-691ed751bef819002f2c7296.m3u8
Inter 24/7,https://jmp2.uk/plu-691c5bef3a369d8f40192e71.m3u8
Inter+ (720p),https://cdn15.live-tv.cloud/ua_infinitas_tv/inter-abr/playlist.m3u8
Interactiva TV (720p),https://unlimited2-cl-isp.dps.live/radiointeractiva/radiointeractiva.smil/playlist.m3u8
Interactivo Television (720p),https://mist01.homestream.fun/hls/interactivotv2/index.m3u8
Interalmeria TV (1080p),https://interalmeria.tv/directo/live.m3u8
Intercomarcal TV (576p) [Not 24/7],https://streamingtvi.gestec-video.com/hls/tvixa.m3u8
Intermediate League Curaçao [Geo-blocked],https://streannlivecariflix.cachefly.net/cariflix12/cariflix12/playlist.m3u8
Interradio TV,https://tv.arkeo.cl:1936/8002/8002/playlist.m3u8
interTV (1080p),https://streamtv.intervenhosting.net:3439/hybrid/play.m3u8
Intervention (1080p),https://amg00276-amg00276c17-samsung-gb-3791.playouts.now.amagi.tv/playlist.m3u8
Intervention by A&E (1080p) [Geo-blocked],https://pb-5kduxc2en4kdz.akamaized.net/Intervention_by_AE.m3u8
Inti TV (1080p) [Not 24/7],https://5e2f36bc1c433.streamlock.net/inti/inti-network.stream/.m3u8
InTravel (1080p),https://amg00861-amg00861c10-rakuten-uk-3152.playouts.now.amagi.tv/playlist.m3u8
INTROUBLE (1080p),https://amg00861-amg00861c6-stirr-us-8229.playouts.now.amagi.tv/playlist.m3u8
Intuitiva TV (720p),https://video2.lhdserver.es/cableperu/live.m3u8
INTV Australia (720p),http://tv1.intv.mk:1935/live/intv/index.m3u8
Inuyasha,https://jmp2.uk/plu-66b26681d2d50d00083abe8b.m3u8
Inuyasha,https://jmp2.uk/plu-66b26665d512590008c507b7.m3u8
Inuyasha,https://jmp2.uk/plu-67c63b90a20c0399a381b816.m3u8
Invasiva TV (720p),http://cdn.cl.scl.edge.01.zplay.cl/Invasiva/video.m3u8?token=%2A%2A%2A
Investiga,https://jmp2.uk/plu-5cf96b8f4f1ca3f0629f4bf1.m3u8
Investigation by Pluto TV,https://jmp2.uk/plu-6683cd2fca74680008772545.m3u8
INWILD (1080p),https://amg00861-terninternation-inwild-samsunguk-w5wic.amagi.tv/playlist/amg00861-terninternation-inwild-samsunguk/playlist.m3u8
InWonder (1080p),https://amg00861-terninternation-inwonder-samsungau-1k63k.amagi.tv/playlist/amg00861-terninternation-inwonder-samsungau/playlist.m3u8
ION (720p),https://jmp2.uk/plu-65453f30085df200085883d8.m3u8
ION (1080p) [Geo-blocked],https://pb-xhb3ic8b61whm.akamaized.net/Ion_US.m3u8
ION Mystery (1080p),https://aegis-cloudfront-1.tubi.video/3b6afc3b-97f7-4f22-99f4-7bcff60fc39d/playlist.m3u8
ION Mystery (1080p) [Geo-blocked],https://pb-usmbvsgwcg8pc.akamaized.net/Ion_Mystery_US.m3u8
ION Plus (1080p),https://cdn-uw2-prod.tsv2.amagi.tv/linear/amg01438-ewscrippscompan-ionplus-tablo/playlist.m3u8
iON TV (576p),https://ap02.iqplay.tv:8082/iqb8002/i09/playlist.m3u8
Ionian Channel (1080p) [Not 24/7],http://stream.ioniantv.gr:8081/ionian/live/playlist.m3u8
IP Noticias (720p),https://twitch-m3u8.bastypro112.workers.dev/argentina_12tw/index.m3u8
IQ Channel (720p),https://rtmp.info/iqtv/envivo/playlist.m3u8
Iqra TV,https://cdn149.anystream.uk:8082/app/iq53la/playlist.m3u8
Iqraa Africa & Europe (1080p),https://playlist.fasttvcdn.com/pl/dlkqw1ftuvuuzkcb4pxdcg/Iqraafasttv1/playlist.m3u8
Iqraa Arabic (1080p) [Not 24/7],https://playlist.fasttvcdn.com/pl/dlkqw1ftuvuuzkcb4pxdcg/Iqraafasttv3/playlist.m3u8
Iqraa Quran (1080p),https://playlist.fasttvcdn.com/pl/dlkqw1ftuvuuzkcb4pxdcg/Iqraafasttv2/playlist.m3u8
Iquique TV (1080p),https://origin.skarnetchile.com:8081/iquiquetv-hd/index.m3u8
Iran International (1080p),https://hlspackager.akamaized.net/live/DB/IRAN_INTERNATIONAL/HLS/IRAN_INTERNATIONAL.m3u8
Iran Jewish TV,http://iran620.com:1935/live/IranJewishTv/playlist.m3u8
Iran Nama,https://iran613hls.wns.live/hls/stream.m3u8
Iran National Revolution TV,https://hls.irannrtv.live/hls/stream.m3u8
Iran Press,https://live.presstv.ir/hls/presstv_5_482/index.m3u8
IraneFarda TV (720p),https://hls.iranfarda.live/hls/stream.m3u8
Iraneman,https://ncdn.telewebion.ir/iraneman/live/playlist.m3u8
Iraq Future (480p),https://viewmedia7219.bozztv.com/wmedia/viewmedia100/web_040/Stream/playlist.m3u8
IRIB1,https://ncdn.telewebion.ir/tv1/live/playlist.m3u8
IRIB2,https://ncdn.telewebion.ir/tv2/live/playlist.m3u8
IRIB3,https://ncdn.telewebion.ir/tv3/live/playlist.m3u8
IRIB4,https://ncdn.telewebion.ir/tv4/live/playlist.m3u8
IRIB UHD (2160p),https://ncdn.telewebion.ir/faratar/live/playlist.m3u8
IRINN (576p),http://185.9.2.18/chid_926/index.m3u8
IRINN2 Live Farsi News,https://ncdn.telewebion.ir/irinn2/live/playlist.m3u8
Iris,http://91.146.94.234:10001/play/a03i
Iron Chef,https://jmp2.uk/plu-6582f8dadfed030008e5a93d.m3u8
Ironside (720p),https://jmp2.uk/plu-6900997e043e3df1897d017f.m3u8
IRT (720p),https://stream.irt.ua/memfs/8fac7cbb-3356-4a03-bb77-4439b727ebd2.m3u8
ISA TV,https://scl.edge.grupoz.cl/isatv/live/playlist.m3u8
Isaac TV (720p),https://livecdn.live247stream.com/isaac/tv/playlist.m3u8
Isai Aruvi (576p),http://ptuf.ridsys.in/riptv/live/KALAIGNAR_ISAI_ARUVI/index.m3u8
Isango TV (480p) [Not 24/7],http://80.241.215.175:1935/isangostar/isangostar/playlist.m3u8
Isfahan,https://ncdn.telewebion.ir/esfahan/live/playlist.m3u8
Ishtar TV (1080p),https://stream.ishtartv.com/live/iShtarHD/playlist.m3u8
Ishwar Bhakti TV (720p),https://6n3yow8pl9ok-hls-live.5centscdn.com/ishwartvlive/tv.stream/playlist.m3u8
Isibo TV,https://5c46fa289c89f.streamlock.net/pub2live/myStream/playlist.m3u8
Isla TV (480p),https://59d39900ebfb8.streamlock.net/islatv/islatv/playlist.m3u8
Islam Channel (576p) [Not 24/7],https://live.islamchannel.tv/live11/islamtv_english/bitrate1.isml/live.m3u8
Islam Channel Urdu (576p),https://live-islamtv-urdu.simplestreamcdn.com/live13/islamtv_urdu/bitrate1.isml/live.m3u8
Island Luck TV,https://cdn3.wowza.com/5/dFA0TmRpeFdNVXhT/NetUp/ILTV.stream/playlist.m3u8
Island Vibes (1080p),https://d3fe47ml3w3qj1.cloudfront.net/playlist.m3u8
Islandia (720p),https://cdn15.live-tv.cloud/ua_infinitas_tv/islandiya-abr/playlist.m3u8
Islita TV (1080p),https://tv.arkeo.cl:1936/unetev/unetev/playlist.m3u8
Istoki (1080p),https://istoki.tv/live/stream1/playlist.m3u8
Istoriya (576p),http://hls127.freeott.top:8080/Istoriya/video.m3u8
iSTUFF (720p) [Not 24/7],https://relay2.cdn.fem-net.de/hls/loop/istuff_live/istuff_live-720p.m3u8
ISTV (720p) [Not 24/7],https://stmv1.srvstm.com/sistema7933/sistema7933/playlist.m3u8
ISTV (480p),https://livefta.malimarcdn.com/ftaedge00/ichannel.sdp/playlist.m3u8
It Is Written TV (1080p),https://itiswrittentv.akamaized.net/xR8gyATuHMVx69u9G79DXnpNRL/playlist.m3u8
It’s Anime (1080p),https://d1isoijd9dbbf7.cloudfront.net/playlist.m3u8
It's Supernatural! Network (1080p),https://content.uplynk.com/channel/b880a791bf95426d917a509e0c44796a.m3u8
IT-3 (720p),http://cdn10.live-tv.od.ua:8081/it3od/720p/playlist.m3u8
Itage TV (480p),https://viewmedia7219.bozztv.com/wmedia/viewmedia100/web_011/Stream/playlist.m3u8
Italia 1,http://91.146.94.234:10001/play/a03f
Italia 2 (480p) [Geo-blocked],https://59d7d6f47d7fc.streamlock.net/italia2/italia2/playlist.m3u8
Italia 2 TV (480p) [Geo-blocked],http://wms.shared.streamshow.it/italia2/mp4:italia2/playlist.m3u8
Italia 7 (576p),http://151.0.207.99:1935/italia7/italia7/playlist.m3u8
Italian Fishing TV (1080p),https://fms.premio.link/fishingtv/playlist.m3u8
Italianissimo (360p) [Not 24/7],https://vcp.myplaytv.com/italianissimo/italianissimo/playlist.m3u8
Itel TV Canal 2,https://proxystream.iteltv.com.ar/output/iteltv/playlist.m3u8
ITN (720p),https://mini.allinonereborn.fun/tata.php?id=11597
ITSF (1080p),https://streams2.sofast.tv/v1/master/611d79b11b77e2f571934fd80ca1413453772ac7/20a0ac30-d157-4400-8f64-3c52b37c645c/manifest.m3u8
ITV (480p),https://cdn10.live-tv.cloud/itvrv/abr-lq/playlist.m3u8
ITV1 (1080p),https://xemzi.short.gy/1000011
ITV2 HD (1080p),https://xemzi.short.gy/1000012
iTV Afrobeats Music,https://ca1.buximedia.com/itv/afrobeats/tracks-v1a1/mono.m3u8
iTV Arabic Music,https://ca1.buximedia.com/itv/arabic/tracks-v1a1/mono.m3u8
ITV Choice (1080p) [Geo-blocked],https://amg00654-itvstudios-itvchoice-samsungau-2bacj.amagi.tv/playlist/amg00654-itvstudios-itvchoice-samsungau/playlist.m3u8
ITV Deportes (720p),https://thm-it-roku.otteravision.com/thm/it/it.m3u8
iTV HD,https://live.eac-news.com/Khmer/streams/ITVHD.m3u8
iTV Indian Music,https://ca1.buximedia.com/itv/indian/tracks-v1a1/mono.m3u8
iTV Latin Music,https://ca1.buximedia.com/itv/latin/tracks-v1a1/mono.m3u8
ITV Life (2160p),https://ca1.buximedia.com/itv/life/tracks-v1a1/mono.m3u8
ITV Patagonia (720p),https://redirector.dps.live/hls/itv/playlist.m3u8
ITV Persian Music (1080p),https://ca1.buximedia.com/itv/persian/tracks-v1a1/mono.m3u8
ITV Un Village Français (1080p),https://amg00654-itv-amg00654c32-rakuten-fr-6134.playouts.now.amagi.tv/playlist/amg00654-itvstudiosfast-unvillagesfrancais-rakutenfr/playlist.m3u8
iTV Urban Music,https://ca1.buximedia.com/itv/love2/tracks-v1a1/mono.m3u8
Iunior TV (1080p),https://5f22d76e220e1.streamlock.net/iuniortv/iuniortv/chunklist_w774879328.m3u8
Ivoire Channel (720p),https://video1.getstreamhosting.com:1936/8244/8244/playlist.m3u8
Izaura TV (1080p),http://88.212.15.19/live/izaura/index.m3u8
Izmail TV (384p),https://cdn10.live-tv.cloud/izod/izod-abr-lq/playlist.m3u8
Izzah TV (480p),https://streaming.radiosalamjambi.com/izzahtv.m3u8
J3NEWS TV,https://video01.brascast.com/d92ebb4f/d92ebb4f/playlist.m3u8
J Movie (576p),http://103.72.101.252:8080/live/417.m3u8
J Music TV (480p),http://maxotts.maxdigitaltv.com/x-media/C180/master.m3u8
Jacal Canal 5 (720p) [Not 24/7],https://stream.oursnetworktv.com/latin/jacaltv/playlist.m3u8
Jack Hanna (1080p),https://amg00111-hearstmediafast-amg00111c1-samsung-gb-2186.playouts.now.amagi.tv/playlist/amg00111-hearstmediafast-jackhanna-samsunggb/playlist.m3u8
Jacksonville Freedom Fountain Camera Live,https://reflect-jacksonville.cablecast.tv/live-7/live/live.m3u8
Jacksonville Onslow Government Television (G10TV) (Jacksonville NC) (1080p),https://reflect-jacksonville.cablecast.tv/live-8/live/live.m3u8
Jade Fever,https://jmp2.uk/plu-660d6ade0cd4630008f4a127.m3u8
Jade Fever,https://jmp2.uk/plu-660d6b00635c75000828aa27.m3u8
Jade Fever,https://jmp2.uk/plu-660d6b3caec9680008f8debe.m3u8
JAG,https://jmp2.uk/plu-65ccd26060eb870008db95fc.m3u8
JAG,https://jmp2.uk/plu-660e5dc60cd4630008f6198a.m3u8
JAG,https://jmp2.uk/plu-654a4ab92c1d330008657ae5.m3u8
JAG,https://jmp2.uk/plu-654a4fc753fc9700083ae79f.m3u8
JAG,https://jmp2.uk/plu-654a515f986ad20008a4593b.m3u8
JAG,https://jmp2.uk/plu-66a105f4a79dea0008aa5e0f.m3u8
Jahanbin,https://ncdn.telewebion.ir/jahanbin/live/playlist.m3u8
Jahonnamo (1080p),https://live.teleradiocom.tj/4/3m.m3u8
Jai Maharashtra (576p),https://cdn-3.pishow.tv/live/1465/master.m3u8
Jaihind TV (396p),https://yuppnimrestreammum.akamaized.net/260723/smil:jaihind1.smil/playlist.m3u8?hdnts=st%3D1735898689~exp%3D1835898688~acl%3D%2A~hmac%3Df5fe24724fe05481e3841f9eb5ab8efdee0a3dd83645ae9dcf45703f525bab7b
Jail (720p),https://langleyproductions-jail-1-eu.rakuten.wurl.tv/playlist.m3u8
Jail,https://e85541db4ae943d9b5a09477d6b1d8ab.mediatailor.us-east-1.amazonaws.com/v1/master/44f73ba4d03e9607dcd9bebdcb8494d86964f1d8/RakutenTV-eu_Jail/playlist.m3u8
Jak TV (720p),https://indihuy.streamized.net/atm/DASH/JAK_TV/manifest.mpd
Jakarta Globe News Channel (1080p),https://jktglobe.secureswiftcontent.com/han/jktglobe/jktglober/srtoutput/manifest.m3u8
Jakt är Jakt,https://jmp2.uk/plu-62e7ba25be69bc0007b77fdc.m3u8
Jakt är Jakt,https://jmp2.uk/plu-62e7babea3e6270007f5564a.m3u8
Jalisco TV (720p),https://video0.rogohosting.com:19360/sisjalisciense/sisjalisciense.m3u8
Jalsha Movies HD (1080p),http://103.229.254.25:7001/play/a0dt/index.m3u8
Jalwa TV,http://119.156.228.231:9983/stream/channelid/1893273325?ticket=B3DB50D5930411D593B973B8404789C46D3559B8&profile=pass
Jamaica Online TV (1080p) [Not 24/7],https://tvsw7-hls.secdn.net/tvsw7-chorigin/play/prod-bb11dd0e11ca45229a3f58aeff5213d8/playlist.m3u8
Jamaica Travel Channel (720p),https://stream-207076.castr.net/651b2d8bde8119abf5dabf19/live_2e935360c78c11eea7a2615e1a7388f3/index.m3u8
Jambi TV,https://jambitv.globaldigitalcore.com/hls/sah5tu7Eiveepohyieyie3OoteL2anga.m3u8
Jambyl (360p) [Not 24/7],https://stream.kaztrk.kz/regional/taraztv/index.m3u8
Jan TV (576p),https://cdn-6.pishow.tv/live/10004/master.m3u8
Janam TV (576p),https://yuppmedtaorire.akamaized.net/v1/master/a0d007312bfd99c47f76b77ae26b1ccdaae76cb1/janamtv_nim_https/140622/janamtv/playlist.m3u8
Janapriyam TV (480p),http://103.72.101.252:8080/live/1455.m3u8
Janataa TV Kannada (720p),https://d35j504z0x2vu2.cloudfront.net/v1/master/0bc8e8376bd8417a1b6761138aa41c26c7309312/janataa-tv-kannada/index.m3u8?ads.vf=CVzrhUWs7jq
Janta TV (1080p),https://live.jswk.online/IK_RTPM/live/index.m3u8
Japanim TV (1080p),https://foxkidstv.be:3369/stream/play.m3u8
JARABACOA TV (1080p) [Not 24/7],https://streaming.jarabacoatv.com/Jarabacoa_tv/playlist.m3u8
Jászsági Térségi TV (440p),https://cloudfront44.lexanetwork.com:1344/relay01/broadcast007.sdp/playlist.m3u8
Jawa Pos TV (720p),http://122.248.43.242:1935/JAWAPOSTVSBY/_definst_/myStream/playlist.m3u8
Jawa Pos TV Bali (576p),http://122.248.43.242:1935/JAWAPOSTVBALI/_definst_/myStream/playlist.m3u8
Jawa Pos TV Jakarta (720p),http://122.248.43.242:1935/JAWAPOSTVJKT/_definst_/myStream/playlist.m3u8
Jawa Pos TV Madiun (720p),http://122.248.43.242:1935/JAWAPOSTVMADIUN/_definst_/myStream/playlist.m3u8
Jawa Pos TV Magelang (720p),http://122.248.43.242:1935/JAWAPOSTVMAGELANG/_definst_/myStream/playlist.m3u8
Jawa Pos TV Semarang (720p),http://122.248.43.242:1935/JAWAPOSTVSEMARANG/_definst_/myStream/playlist.m3u8
Jawhara TV (720p) [Not 24/7],http://streaming.toutech.net:1935/live/mp4:jawharafm.sdp/playlist.m3u8
Jaya Max (576p),http://103.72.101.252:8080/live/420.m3u8
Jaya TV (1080p),http://103.72.101.252:8080/live/419.m3u8
Jaya TV (480p),https://edge3-moblive.yuppcdn.net/drm/smil:jayamagatvdrm.smil/index.m3u8
Jazz Club (Radio) [Geo-blocked],http://80.79.6.221:25461/smash/public/25
Jazz TV (1080p) [Not 24/7],https://stream.nasatv.com.mk/jazztv/hls/jazztv_live.m3u8
JBN Canal 39 (720p) [Not 24/7],https://hdbox.chunklistv.com/live?stream=jbn39
JBN TV (1080p),https://tv.webmedialive.com/jbn_live/enlace/playlist.m3u8
JBS (720p),https://rpn3.bozztv.com/jbstv-srt/srt-push/jbstv/playlist.m3u8
JČ1 (1080p),https://stream.jc1.cz/hls/jc1.m3u8
JCM TV (720p) [Not 24/7],https://goliveafrica.media:9998/live/646c92d07b16c/index.m3u8
Jeddah Radio (1080p),https://live.kwikmotion.com/sbrksajeddahradiolive/srpksajeddahradio/chunks.m3u8
Jednotka,http://88.212.15.19/live/test_jednotka_25p/playlist.m3u8
Jeepney TV (480p),https://streams.comclark.com/pknsd/jeepney/playlist.m3u8
Jeevan TV (576p),https://cdn-3.pishow.tv/live/1467/master.m3u8
Jehová Nissi (720p),https://stream.oursnetworktv.com/latin/nissiGtmH/playlist.m3u8
Jehova TV,https://mp.panelchs.com:1936/8038/8038/playlist.m3u8
Jek TV (720p) [Not 24/7],http://27.124.81.245:1935/jektv/myStream/playlist.m3u8
Jeremiah TV,https://x.streamablecloud.com/stream/hls/jeremiahtv/index.m3u8
Jersey Shore,https://jmp2.uk/plu-6442508e5a0cd500083edd3c.m3u8
Jersey Shore,https://jmp2.uk/plu-64424b21e1979c0008379681.m3u8
Jersey Shore,https://jmp2.uk/plu-64424c1be94c380008d0a98c.m3u8
Jersey Shore,https://jmp2.uk/plu-609bfa51fbecc1000733152e.m3u8
Jersey Shore Family Vacation,https://jmp2.uk/plu-6728c831c7626f0008b28127.m3u8
Jersey Shore Family Vacation,https://jmp2.uk/plu-6728c87cc7626f0008b28149.m3u8
Jersey Shore Family Vacation,https://jmp2.uk/plu-6728c8b45534bb0008b31f35.m3u8
Jewelry Television (720p),https://content.jwplatform.com/live/broadcast/oe7UD7Ag.m3u8
Jewelry Television Espanol (720p),https://82934cf9c8696bd2.mediapackage.us-east-1.amazonaws.com/out/v1/72b5a55e4c35445f9e742871aa0aefa2/index.m3u8
Jewelry TV 2 (720p),https://cdn.jwplayer.com/live/broadcast/0rrJ3kkM.m3u8
Jewish Life Television (1080p),https://jlt-jltv-strimm.otteravision.com/jlt/jltv/jltv.m3u8
JFV TV (720p),https://2nbyj587d53k-hls-live.5centscdn.com/09/25b94ec89b2aa708c3c4ad0014b09845.sdp/playlist.m3u8
Jiangxi Children's Channel,https://play-live-hls.jxtvcn.com.cn/live-city/tv_jxtv6.m3u8
Jiangxi City Channel,https://play-live-hls.jxtvcn.com.cn/live-city/tv_jxtv2.m3u8
Jiangxi Economy & Life Channel,https://play-live-hls.jxtvcn.com.cn/live-city/tv_jxtv3.m3u8
Jiangxi Movie Channel,https://play-live-hls.jxtvcn.com.cn/live-city/tv_jxtv4.m3u8
Jiangxi Public & Agriculture Channel,https://play-live-hls.jxtvcn.com.cn/live-city/tv_jxtv5.m3u8
Jibek Joly HD (1080p),https://stream.qazcdn.net/ex6r514/jjtv/playlist.m3u8
Jihočeská televize (1080p),https://vysilani.zaktv.cz/broadcast/hls/jtv/index.m3u8
Jilin City Channel,https://lsfb.avap.jilintv.cn/zqvk7vpj/channel/7e8474e6daea44ccaa5aa2300191439e/index.m3u8
Jilin Lifestyle Channel,https://lsfb.avap.jilintv.cn/zqvk7vpj/channel/0a76740c72b74fabae611845aa21e06a/index.m3u8
Jilin Movie Channel,https://lsfb.avap.jilintv.cn/zqvk7vpj/channel/906341e6f19b4c4bacdc89941eb85d12/index.m3u8
Jilin Rural Channel,https://lsfb.avap.jilintv.cn/zqvk7vpj/channel/3ffc4824dce54b92be185555923ce382/index.m3u8
Jim (720p),https://live-fi.tvkaista.net/jim/live.m3u8?hd=true
Jimani TV (360p) [Geo-blocked],https://cloud2.streaminglivehd.com:1936/8246/8246/playlist.m3u8
JimJam Europe (720p),http://212.5.144.156:8080/jimjam/index.m3u8
Jin TV,https://live.jintv.org/medialive/jintv.m3u8
Jinvani Channel (720p),https://cdn-2.pishow.tv/live/989/master.m3u8
JK 24x7 News (720p) [Not 24/7],https://live.gulistannews.in/hls/jk.m3u8
JKN 18 (1080p),https://lb1-live-mv.v2h-cdn.com/hls/ffda/jkn18/jkn18.m3u8
JN19 (1080p) [Not 24/7],https://servilive.com:3028/live/jntv19live.m3u8
JNE TV (720p),https://lbgo.bozztv.com/ssh101/ssh101/jnetv/playlist.m3u8
JOAX-DTV,https://ntv5.mov3.co/hls/ntv.m3u8
Job Plus TV (한국직업방송) (480p),https://live.jobplustv.or.kr/live/wowtvlive1.sdp/playlist.m3u8
JOB TV (1080p),https://jobtvserver.eu/hls/stream.m3u8
Jocky TV,http://88.212.15.19/live/jocky/index.m3u8
JOCX-DTV,https://fujitv4.mov3.co/hls/fujitv.m3u8
Joe FM (720p) [Not 24/7],https://dpp-streamlive-plain.medialaancdn.be/joe_kijklive/plain/hls_hd.m3u8
Joel Osteen Network (1080p),https://linear-860.frequency.stream/dist/xumo/860/hls/master/playlist.m3u8
JOEX-DTV (540p),https://tvasahi.mov3.co/hls/tvasahi.m3u8
Jogja Istimewa TV (720p),http://103.255.15.222:1935/tv/jitv_720p/playlist.m3u8
Jogja TV (720p) [Not 24/7],https://stream.jogjatv.co.id/jtvlive/stream/index.m3u8
JOJG-DTV (1080i),https://tv-stream-test.daydreamer-json.cc/fe8bf835820fb530467f75a9cb761504/master.m3u8
JoJo's Bizarre Adventure (1080p),https://d2kqaqstkr42e1.cloudfront.net/playlist.m3u8
JoJo’s Bizarre Adventure,https://jmp2.uk/plu-66c7982f6838ee00085f0d24.m3u8
JoJo’s Bizarre Adventure,https://jmp2.uk/plu-66c790f780a0af0008583aa4.m3u8
Jonack (576p),https://cdn-6.pishow.tv/live/10006/master.m3u8
JonmoBhumi TV (720p),https://jtvs.ncare.live/Gznr84Woj7UEye3OPVeWq2ForboWAgdV/jonmobhumitv.stream/playlist.m3u8
JooMusic (720p),https://livecdn.live247stream.com/joomusic/tv/playlist.m3u8
Jordan Archive (1080p),https://playlist.fasttvcdn.com/pl/cc0blorawy1ibohhrupraa/Archive/playlist.m3u8
Jordan Comedy (1080p),https://playlist.fasttvcdn.com/pl/cc0blorawy1ibohhrupraa/Comedy/playlist.m3u8
Jordan Drama (1080p),https://playlist.fasttvcdn.com/pl/cc0blorawy1ibohhrupraa/Drama/playlist.m3u8
Jordan Kitchen (1080p),https://playlist.fasttvcdn.com/pl/cc0blorawy1ibohhrupraa/cooking/playlist.m3u8
Jordan Satellite Channel (1080p),https://jrtv-live.ercdn.net/jordanhd/jordanhd.m3u8
Jordan Songs (1080p),https://playlist.fasttvcdn.com/pl/cc0blorawy1ibohhrupraa/Song/playlist.m3u8
Jordan Sport (1080p),http://93.184.10.248/JordanSport/index.m3u8
Jordan Tourism (1080p),https://playlist.fasttvcdn.com/pl/cc0blorawy1ibohhrupraa/Tourism/playlist.m3u8
Jornada nas Estrelas A Nova Geração,https://jmp2.uk/plu-69162ad79505d0f3b1ebf07d.m3u8
Jornada nas Estrelas Deep Space Nine,https://jmp2.uk/plu-69162af591700f4c4c135c95.m3u8
Jornada nas Estrelas Voyager,https://jmp2.uk/plu-69162b1ef189e235142b17ab.m3u8
JORX-DTV,https://tbs5.mov3.co/hls/tbs.m3u8
JOS TV HD,https://stream.berosat.live:19360/jos-tv-stream/jos-tv-stream.m3u8
Joshua TV (720p),https://livecdn.live247stream.com/joshua/tv/playlist.m3u8
Josué TV (1080p),https://videoserver.tmcreativos.com:19360/abbftuhxxs/abbftuhxxs.m3u8
Jothi TV (1080p),http://103.154.3.101:5001/live/2768.m3u8
JOURNY TV (720p),https://d3s3a5c7f101eb.cloudfront.net/playlist.m3u8
Jovem Pan News (JP News) (1080p) [Not 24/7],https://d6yfbj4xxtrod.cloudfront.net/out/v1/7836eb391ec24452b149f3dc6df15bbd/index.m3u8
Joy TV (1080p),https://ktismaservers.in:3412/live/joytvlive.m3u8
JPD TV [Not 24/7],https://imagenuniversaltv.net:3026/live/juanpabloduartetvlive.m3u8
JRTV Järviradio (720p),https://streamer.radiotaajuus.fi/memfs/47f113bf-04ea-493b-a9d4-52945fd9db31.m3u8
JTBS Classic,https://jtbsclassic.dpdns.org/live.m3u8
JTV (720p),http://122.248.43.242:1935/JTVSURABAYA/_definst_/myStream/playlist.m3u8
JTV Jewelry Love (1080p) [Geo-blocked],https://jewelrytv-xumo.amagi.tv/playlist.m3u8
JTV Kediri,http://122.248.43.242:1935/JTVKEDIRI/_definst_/myStream/playlist.m3u8
JTV Madiun,http://122.248.43.242:1935/JTVMADIUN/_definst_/myStream/playlist.m3u8
JTV Madura (480p) [Not 24/7],http://122.248.43.242:1935/JTVMADURA/_definst_/myStream/playlist.m3u8
JTV Malang,http://122.248.43.242:1935/JTVMALANG/_definst_/myStream/playlist.m3u8
Júbilo TV (720p),http://173.249.60.54/hls/jubilotv.m3u8
Judge Judy,https://jmp2.uk/plu-622f498d119b4c000719c0b7.m3u8
Judge Judy,https://jmp2.uk/plu-6380c36389eccc000858c50f.m3u8
Judge Judy,https://jmp2.uk/plu-6380c428dd0f47000799907c.m3u8
Judge Judy,https://jmp2.uk/plu-6380c4ab81c8d2000790fbf3.m3u8
Judge Nosey (1080p),https://amg00514-noseybaxterllc-realnosey-cineverse-tqbpv.amagi.tv/playlist/amg00514-noseybaxterllc-realnosey-cineverse/playlist.m3u8
Juice TV (1080p) [Not 24/7],https://juicex.nz/hls/mystream.m3u8
Junior (576p),http://bethoven.af-stream.com:1600/s/kwtlxswl/junior-il/video.m3u8
Junior Technologia TV (1080p) [Not 24/7],https://streamunoapp.com:3616/live/juniorrodrigueztvlive.m3u8
Juntos TV (720p),https://video.juntostvchile.cl:8879/hls/web-jntv.m3u8
Juntos TV (1080p),http://bantel-cdn1.iptvperu.tv:1935/btnscrtn/juntos_tv.stream/playlist.m3u8
Jupiter TV (1080p),https://streams2.sofast.tv/v1/master/611d79b11b77e2f571934fd80ca1413453772ac7/c7e85b21-ea01-42b4-85db-15dcfec98942/manifest.m3u8
Jus Hindi (1080p),http://103.154.3.101:5001/live/960.m3u8
Jus One (1080p),http://103.154.3.101:5001/live/961.m3u8
Jus Punjabi (1080p),http://103.154.3.101:5001/live/959.m3u8
Just for Laughs Gags (1080p),https://streams2.sofast.tv/ptnr-yupptv/title-JUST_FOR_LAUGHS_GAGS_YUPPTV/v1/master/611d79b11b77e2f571934fd80ca1413453772ac7/2790d143-5874-4146-bf91-9063c52b2f15/manifest.m3u8
Just Tattoo of Us,https://jmp2.uk/plu-6304f20c941c5d00089634e7.m3u8
Just.fishing,https://jmp2.uk/plu-61b33085897b9d000702b72e.m3u8
Juste pour Rire GAGS (720p),https://jmp2.uk/plu-60afa1508284e60007163c08.m3u8
Justice Central TV (720p),http://40.160.24.53/JUSTICE_CENTRAL/index.m3u8
Justicia TV (720p),https://live-scjn.ovp-vivaro.digital/ovp-origin/638a22b47746d/playlist.m3u8
Justicia TV (1080p),http://bantel-cdn1.iptvperu.tv:1935/btnscrtn/justicia.stream/playlist.m3u8
Juwelo (720p),https://sdn-global-live-streaming-packager-cache.3qsdn.com/7441/7441_264_live.m3u8
Juwelo Italia (480p),https://sdn-global-live-streaming-packager-cache.3qsdn.com/7841/7841_264_live.m3u8
K1 (1080p),http://stream.mcquack.net/270/index.m3u8
K2 (720p),https://cdn15.live-tv.cloud/ua_infinitas_tv/k2-abr/playlist.m3u8
K19,https://1853185335.rsc.cdn77.org/K192/tv/playlist.m3u8
K24,https://livecdn.premiumfree.tv/afxpstr/K24Backup/index.m3u8
K Content by CJ ENM (1080p),https://d2q0mzb9bm4w5z.cloudfront.net/68fee8e1_605a_437b_b968_244c3c0d5f24/hls/playlist.m3u8
K Drama by CJ ENM (1080p),https://d2fdocl6hmu0hh.cloudfront.net/dfa54c7d_1154_425d_a2b8_6ea994157976/hls/playlist.m3u8
K Drama+ (1080p),https://ads.its-newid.net/api/manifest.m3u8?ads.service_id=US1700017NM&channel_id=newid_271&tp=samsung_tvplus
K Food by CJ ENM (1080p),https://dmxcualdgbo80.cloudfront.net/b2c874a8_68b3_49cb_9435_0264a4d32e4a/hls/playlist.m3u8
K POP by CJ ENM (1080p),https://d3kmrn2mstrnk5.cloudfront.net/f4acc9ba_daae_4ed0_b836_32126cead919/hls/playlist.m3u8
K Stories by CJ ENM (1080p),https://d50a1g0nh14ou.cloudfront.net/e91c6419_2e45_4f6c_a646_b912658d73b8/hls/playlist.m3u8
K-TV (720p),https://d1pz8zear993v8.cloudfront.net/hlsme/kathtv.m3u8
Kaback TV (720p),https://guineetvdirect.online:3842/live/kabacktvlive.m3u8
Kabbalah for the People (Israel) (504p) [Not 24/7],https://edge3.uk.kab.tv/live/tv66-heb-high/playlist.m3u8
kabel eins,https://dash4.antik.sk/live/test_kabel_eins_tizen/playlist.m3u8
Kaifa TV (576p),http://82.212.74.2:8000/live/7311.m3u8
Kairali Arabia (576p),https://mumt03.tangotv.in/Dsly5z3HKAIRALIARABIA/index.m3u8
Kairali News (720p),https://cdn-3.pishow.tv/live/1469/master.m3u8
Kairali TV (576p),https://mumt01.tangotv.in/O5aw8Zn3KAIRALI/index.m3u8
Kairali We (576p),https://cdn-3.pishow.tv/live/1530/master.m3u8
Kajou TV (720p) [Not 24/7],https://video1.getstreamhosting.com:1936/8055/8055/playlist.m3u8
Kalac TV (1080p),https://edge13.vedge.infomaniak.com/livecast/ik:kalactv/chunklist_w280736538.m3u8
Kalaignar Murasu (396p),https://yuppmedtaorire.akamaized.net/v1/master/a0d007312bfd99c47f76b77ae26b1ccdaae76cb1/murasu_nim_https/050522/murasu/playlist.m3u8
Kalaignar TV (576p),http://103.72.101.252:8080/live/1209.m3u8
Kalemeh TV,https://klmhls.wns.live/hls/stream.m3u8
Kalemeh TV,https://kalemeh.tv/live/hls/gate.php?p=%2Flive%2Fngrp%3Akalemeh_all%2Fplaylist.m3u8
Kalika TV (576p),http://server.applelive.in/kalikatv/kalikatv.m3u8
Kalinga TV,https://cdn-4.pishow.tv/live/1470/master.m3u8
Kaloopy TV (1080p),https://streamingserver000.viewtv.cloud/VIEWTVNETWORK-KALOOPY/index.m3u8
Kalsan TV (576p),https://ap02.iqplay.tv:8082/iqb8002/ka1s0n/playlist.m3u8
Kalu TV (1080p),https://tv.kaludecolombia.com/memfs/d71c0104-4752-4690-bdbf-19aa849da6c4.m3u8
Kalyan TV (720p),https://d35j504z0x2vu2.cloudfront.net/v1/master/0bc8e8376bd8417a1b6761138aa41c26c7309312/kalyan-tv/index.m3u8?ads.vf=N97igK1qjJK
Kan 11 (1080p),https://kancdn.medonecdn.net/livehls/oil/kancdn-live/live/kan11/live.livx/playlist.m3u8
Kan Kids (720p),https://kan23.media.kan.org.il/hls/live/2024691/2024691/master.m3u8
Kanade (1080p),https://backend.energeek.cl/webtv/kanadeweb/index.m3u8?token=%2A%2A%2A
Kanal 3 (1080p) [Not 24/7],https://live.artidijitalmedya.com/artidijital_kanal3/kanal3/playlist.m3u8
Kanal 5 (360p),https://s2.teve.mk/tvstanici/2/playlist.m3u8
Kanal 6 (288p),https://restreamer1.tnt.ba/hls/kanal6.m3u8
Kanal 7 (1080p) [Not 24/7],https://kanal7-live.daioncdn.net/kanal7/kanal7.m3u8
Kanal 7 Avrupa (720p) [Not 24/7],https://livetv.radyotvonline.net/kanal7live/kanal7avr/playlist.m3u8
Kanal 9 auf Deutsch (1080p),https://edge21.vedge.infomaniak.com/livecast/ik:livesd2/manifest.m3u8
Kanal 10 Asia (540p),http://cdn-kanal10.crossnet.net:1935/kanal10/kanal10asia/playlist.m3u8
Kanal 12 (720p),https://live.artidijitalmedya.com/artidijital_kanal12/kanal12/playlist.m3u8
Kanal12 Spremberg TV (404p) [Not 24/7],https://58de7a369a9c4.streamlock.net/sprembergtv/live/playlist.m3u8
Kanal 15 (720p) [Not 24/7],https://live.artidijitalmedya.com/artidijital_kanal15/kanal15/playlist.m3u8
Kanal 23 (1080p),https://cdn-kanal23.yayin.com.tr/kanal23/index.m3u8
Kanal 26 (720p) [Not 24/7],https://live.artidijitalmedya.com/artidijital_kanal26/kanal26/playlist.m3u8
Kanal 32 (720p) [Not 24/7],https://edge1.socialsmart.tv/kanal32/bant1/playlist.m3u8
Kanal 33 (720p) [Not 24/7],https://edge1.socialsmart.tv/kanal33/bant1/playlist.m3u8
Kanal 34 (720p) [Not 24/7],https://vdo.digitalbox.xyz:3266/live/kanal34tvlive.m3u8
Kanal 35 (720p),https://str2.yodacdn.net/kanal35/index.m3u8
KANAL 58 (720p) [Not 24/7],https://live.artidijitalmedya.com/artidijital_kanal58/kanal58/playlist.m3u8
Kanal A,https://streamer01.xploretv.si/__cl/cg:prod/__c/A1_SI_AKANALHD_ott/__op/dash-default/__dci/__f/index.m3u8?admin=xploreTv_test_user&redirect=true
Kanal D (480p),https://stream1.kanald.ro/iphone/knd-live.m3u8
Kanal D (1080p),https://demiroren.daioncdn.net/kanald/kanald.m3u8?app=kanald_web&ce=3
Kanal D2 (1080i),https://stream2.kanald.ro/iphone/knd2-live.m3u8
Kanal D Drama (1080p),http://8.243.126.131:8000/play/a0mn/index.m3u8
Kanal Firat (720p) [Not 24/7],https://live.artidijitalmedya.com/artidijital_kanalfirat/kanalfirat/playlist.m3u8
Kanal Hayat (1080p),https://tbn02a.ltnschedule.com/hls/nx21i.m3u8
Kanal Hovedstaden (720p) [Not 24/7],http://khkbh.dk:8080/hls/livestream/index.m3u8
Kanal Jadid,https://kjhls.wns.live/hls/stream.m3u8
Kanal S,https://lives.atv.az:5443/KANAL-S/streams/kanals.m3u8
Kanal S TV,https://raw.githubusercontent.com/UzunMuhalefet/streams/refs/heads/main/myvideo-az/kanal-s.m3u8
Kanal V (720p) [Not 24/7],https://live.artidijitalmedya.com/artidijital_kanalv/kanalv/playlist.m3u8
KandelaTV (480p),https://streamtv.intervenhosting.net:3718/live/kandelamedioslive.m3u8
Kanizsa TV (400p),https://cloudfront44.lexanetwork.com:1344/freerelay/kanizsavtv.sdp/playlist.m3u8
Kannur Vision (1080p),https://stream.logichost.in/kannurvision/live/playlist.m3u8
Kanshi TV (720p) [Not 24/7],https://live.kanshitv.co.uk/mobile/kanshitvkey.m3u8
Kantipur Max [Geo-blocked],https://ktvhdsg.ekantipur.com:8443/ktvmax2025/match2/playlist.m3u8
Kantipur TV,https://ktvhdsg.ekantipur.com:8443/high_quality_85840165/hd/kantipurtv/hd_1080/chunks.m3u8
Kantipur TV (1080p),https://ktvhdsg.ekantipur.com:8443/high_quality_85840165/hd/playlist.m3u8
Kapatid TV 5 (480p) [Geo-blocked],https://thinkkast.dpdns.org/tkk-ph/i7/kapatid_hd/kapatid.m3u8
Kapaz TV,http://85.132.78.122:8050/hls/stream/index.m3u8
Kapitan Fantastika (1080p),http://stream.mcquack.net/144/index.m3u8
Kapos TV (1080p),https://cloudfront63.lexanetwork.com:1344/relay01/livestream004.sdp/playlist.m3u8
Kappa TV (576p),https://cdn-3.pishow.tv/live/1123/master.m3u8
Karaoke por Stingray (720p),https://jmp2.uk/plu-5f85cf621d6d2200079f1de0.m3u8
Karbala Documentary,https://ktvlive.online/stream/hls/ch3.m3u8
Karcag TV (720p),https://cloudfront41.lexanetwork.com:1344/relay03/livestream003.sdp/playlist.m3u8
Karibena (1080p),http://190.93.224.42/KARIBENA/index.m3u8
Karoon TV,https://ncdn.telewebion.ir/karoon/live/playlist.m3u8
Kartavya TV (720p),https://d35j504z0x2vu2.cloudfront.net/v1/master/0bc8e8376bd8417a1b6761138aa41c26c7309312/kartavya-tv/index.m3u8?ads.vf=JNOFwoi1DXW
Kartoon Channel (1080p),https://lightning-fnf-samsungaus.amagi.tv/playlist.m3u8
Kashish News (720p),https://server.thelegitpro.in/kashishnews/kashishnews/index.m3u8
Kass TV (720p) [Not 24/7],https://goliveafrica.media:9998/live/62f643cdca8cf/index.m3u8
KassouaTV (720p),https://playtv4k.live/live/kassouatv/index.m3u8
Kasterwey Media (1080p),https://live.fansplay.tv/livestreams/45.b0JPENQx19PG2pxg.m3u8
KATC 3.1 (1080p),http://stream.cammonitorplus.net/1753/index.m3u8
KaufBei TV (576p),https://api.alpaca.t62a.com/hls/9103/index.m3u8
Kaumudy TV (720p),https://oqgdrkxby4rm-hls-live.5centscdn.com/kaumudytv/live.stream/playlist.m3u8
Kawanua TV (720p),http://122.248.43.242:1935/KAWANUATV/_definst_/myStream/playlist.m3u8
Kay2 HD (1080p),http://103.250.28.74:8000/play/a027/index.m3u8
Kay TV (576p) [Geo-blocked],https://live.artidijitalmedya.com/artidijital_kaytv/kaytv/playlist.m3u8
Kayhan TV (720p),https://playout395.livestreamingcdn.com/live/Stream1/playlist.m3u8
KBEV Spectrum Channel 6 [Beverly Hills] (1080p),https://s3-us-west-2.amazonaws.com/beverly-hills-high-school.castus-vod/live/ch1/video.m3u8
KBRI Brighton Channel 8 (Brighton CO) (720p),https://brightonco.cablecast.tv/live-4/live/live.m3u8
KBS World (720p),https://stream8.cinerama.uz/1448/playlist.m3u8
KC2 (720p) [Not 24/7],http://197.243.19.131:1935/kc2/kc2/chunklist.m3u8
KCAT Public Media TV (1080p),https://reflect-kcat-live.cablecast.tv/live-2/live/live.m3u8
KCHTV (1080p),http://iptv.kchtv.video.makrodigital.com:8081/kchtv/iptv/playlist.m3u8
KCKS-LD 25.3 (720p),https://2-fss-1.streamhoster.com/pl_154/amlst:205432-2055980/playlist.m3u8
KCL TV (720p),https://kcltv.livebox.co.in/kclhls/live.m3u8
KCM (1080p) [Geo-blocked],https://amg02159-amg02159c7-samsung-in-4001.playouts.now.amagi.tv/playlist/amg02159-kcglobal-kcm-samsungin/playlist.m3u8
KCMN-LD6 (1080p),https://cdn-uw2-prod.tsv2.amagi.tv/linear/amg02873-kravemedia-mtrspt1-distrotv/playlist.m3u8
KCTV 광주 CH05 (720p) [Not 24/7],http://119.77.96.184:1935/chn05/chn05/playlist.m3u8
KDFW-DT1 (1080p),https://cdn-uw2-prod.tsv2.amagi.tv/linear/amg00488-foxdigital-fox4dallaskdfw-vizious/playlist.m3u8
KDVR 31.1 (720p),http://stream.cammonitorplus.net/1768/index.m3u8
Kecskemeti TV (416p) [Not 24/7],http://rtmp1.40e.hu:8000/live/ktv.m3u8
Keedoo (576p),http://185.102.171.218/Nickelodeon/index.m3u8
Kemet TV,https://kemettv.cm/memfs/4e7fb105-9f92-4e8d-a7cd-09923f17a577.m3u8
KempenTV (480p),http://ms7.mx-cd.net/tv/Omroep_de_Kempen.smil/playlist.m3u8
Kenan & Kel,https://jmp2.uk/plu-5ffcc5130fd98c0007f2e216.m3u8
Kenan y Kel,https://jmp2.uk/plu-5fcea93ffcf94500071c4b2f.m3u8
Kent Türk TV (1080p) [Not 24/7],https://live.artidijitalmedya.com/artidijital_kentturktv/kentturktv/playlist.m3u8
Kentron TV (1080p),http://stream.mcquack.net/39/index.m3u8
Kerman,https://ncdn.telewebion.ir/kerman/live/playlist.m3u8
Kern County Television,https://cdn3.wowza.com/5/dk84U1p2UUdoMGxT/kern/G0169_003/playlist.m3u8
Kerusso TV (720p),https://s.emisoras.tv:8081/kerussotv/index.m3u8
Keshet 12 (1080p),http://stream.mcquack.net/294/index.m3u8
Ketchup TV (720p),https://d24p9tv2w5yorn.cloudfront.net/vod.m3u8
Key & Peele,https://jmp2.uk/plu-65cba715dc10a40008034917.m3u8
Key & Peele,https://jmp2.uk/plu-65cba7573ba51e00084d76e1.m3u8
Key & Peele,https://jmp2.uk/plu-65cba798d77d450008d056e5.m3u8
KFTR-DT1 [Geo-blocked],https://streaming-live-fcdn.api.prd.univisionnow.com/kftr/kftr.isml/hls/kftr.m3u8
Khabarbin TV,https://khbhls.wns.live/hls/stream.m3u8
Khabrain Abhi Tak (396p),https://d1msejlow1t3l4.cloudfront.net/fta/khabreinabhitak/playlist.m3u8
Khalij TV,https://khalijhls.wns.live/hls/stream.m3u8
Khalij-e Fars,https://ncdn.telewebion.ir/khalijefars/live/playlist.m3u8
Khanh Hoa TV (1080p),https://cdnbaokhanhhoa.com/live/1332e3a79e27.m3u8?vhost=video
Khatlon (576p),https://live.teleradiocom.tj/10/3m.m3u8
Khavaran,https://ncdn.telewebion.ir/khavaran/live/playlist.m3u8
KHL (720p),http://31.148.48.15/KHL_TV/index.m3u8
KHL Prime (1080p),http://stream.mcquack.net/178/index.m3u8
Khorasan Razavi,https://ncdn.telewebion.ir/khorasanrazavi/live/playlist.m3u8
Khozestan,https://ncdn.telewebion.ir/khoozestan/live/playlist.m3u8
Khushboo Bangla (720p),https://cdn-4.pishow.tv/live/1473/master.m3u8
Kiddo+ (1080p),https://streams2.sofast.tv/sofastplayout/8258122f-b4c0-416b-a2db-8407847f0c3c_1000015692_HLS/master.m3u8
KidOO (1080p),http://15.204.246.24:8080/KidooHD/index.m3u8
Kidoodle.TV (1080p),https://amg07653-apmc-amg07653c9-samsung-us-8740.playouts.now.amagi.tv/playlist.m3u8
Kids Movie Club,https://jmp2.uk/plu-5db0ad56edc89300090d2ebb.m3u8
Kids Street (1080p),http://181.78.121.15:8000/play/a00a/index.m3u8
Kids TV (1080p),http://de.russkoe-iptv.com:88/s/s-e3dc39e0/kids-tv-hd.m3u8
Kids Zone (720p),http://103.250.28.74:8000/play/a04m/index.m3u8
KidsFlix (1080p) [Not 24/7],https://stream-us-east-1.getpublica.com/playlist.m3u8?network_id=50
KidZone Max (1080p) [Geo-blocked],https://v4-pan-n79-cdn-01.live.cdn.cgates.lt/live/dash/560706/index.mpd
KiKA (1080p) [Not 24/7],https://kikahls.akamaized.net/hls/live/2022690/livetvkika_ww/master.m3u8
KiKA HD,https://dash4.antik.sk/live/test_kika_tizen/playlist.m3u8
Kilisuci TV,https://5bf7b725107e5.streamlock.net/kstv/kstv/playlist.m3u8
Kin24,http://51.254.199.122:8080/kin24/index.m3u8
King of Queens,https://jmp2.uk/plu-62f4f414c2ba130007f8b24e.m3u8
King TV (720p) [Not 24/7],https://streamer12.vdn.dstreamone.net/kingtv/kingtv/playlist.m3u8
Kingsview TV (1080p),https://j78dp6reyq5r-hls-live.5centscdn.com/4896_push_1963_001/00cb1f2e4ff89048f2e77e26940c00e6.sdp/playlist.m3u8
Kino 1 (1080p),http://stream.mcquack.net/395/index.m3u8
Kino 2 (1080p),http://stream.mcquack.net/465/index.m3u8
Kino 24 (720p),http://sirius.greenhosting.ru/Kino24Ru/video.m3u8
Kino Barrandov,http://88.212.15.19/live/test_kino_barrandov_sd_hevc50/playlist.m3u8
Kino Nova,http://213.91.179.28:8000/play/a041
Kino TV HD (1080p),http://176.118.197.101/KinoTvHD/playlist.m3u8
KinoHit (576p),http://stream.mcquack.net/126/index.m3u8
KinoKazka (1080p),http://stream.mcquack.net/167/index.m3u8
Kinokomedija (576p),http://stream.mcquack.net/265/index.m3u8
Kinoliving (1080p),http://stream.mcquack.net/445/index.m3u8
Kinomix (576p),http://93.170.254.17/Kinomiks/index.m3u8
Kinopokaz (576p),http://stream.mcquack.net/64/index.m3u8
Kinopokaz HD (1080p),http://hls127.freeott.top:8080/Kinopokaz_HD/video.m3u8
Kinopremyera (1080p),http://5.188.159.128:8070/KINOPREMIERA/index.m3u8
Kinosemja (576p),http://stream.mcquack.net/170/index.m3u8
Kinoseriya (1080p),http://hls127.freeott.top:8080/Kinoseriya_HD/video.m3u8
Kinosvidanie (576p),http://5.188.159.128:8070/kinosvidanie/index.m3u8
Kinoteatr (1080p),https://stream8.cinerama.uz/1009/tracks-v1a1/playlist.m3u8
Kinouzhas (576p),http://stream.mcquack.net/278/index.m3u8
Kinowood (1080p),http://stream.mcquack.net/446/index.m3u8
KIRO Seattle (720p),https://jmp2.uk/plu-632b619c8d2a6c0007ff534e.m3u8
KIRO-DT1 (1080p),https://cdn-ue1-prod.tsv2.amagi.tv/linear/amg00327-coxmediagroup-kirobreaking-ono/playlist.m3u8
Kish,https://ncdn.telewebion.ir/kish/live/playlist.m3u8
Kiskőrös TV (720p),https://5cd03f21c7193.streamlock.net/kiskorostv/korostvlive/playlist.m3u8
Kiss Kiss Napoli TV (720p),https://58f12ffd2447a.streamlock.net/KKTVNapoli/livestream/playlist.m3u8
Kiss Kiss TV (1080p),https://58f12ffd2447a.streamlock.net/KKMulti/livestream/playlist.m3u8
Kiss TV (1080p),https://tv.broadcasting.ro/kisstv/a629c031-2170-4ee9-a36d-87a891aa3131.m3u8
KIT-TV (720p),https://everest.pa-hosting.de:3591/live/joseflive.m3u8
Kitchen Battles,https://jmp2.uk/plu-62fb66c867976d0007647e54.m3u8
Kitchen Nightmares (720p) [Geo-blocked],https://pb-6nrjkl2kyw4ki.akamaized.net/Kitchen_Nightmares.m3u8
Kitchen TV,http://213.91.179.28:8000/play/a03n
KITE Victers (Kerala) (720p) [Not 24/7],https://932y4x26ljv8-hls-live.5centscdn.com/victers/tv.stream/playlist.m3u8
KITV 4 Island News (720p),https://fuel-streaming-prod01.fuelmedia.io/v1/sem/c4067ddc-0e67-4928-b7ec-624481f721a6.m3u8
KIX,https://liveh34.vtvprime.vn/hls/KIX/04.m3u8
KK TV Angola (1080p),https://w1.manasat.com/ktv-angola/smil:ktv-angola.smil/playlist.m3u8
KKRtv (720p) [Not 24/7],http://stream.kkr.dk/live/kkr/playlist.m3u8
Klape i Tambure TV (1080p),https://stream.cmctv.hr:49998/kit/live.m3u8
Klasik TV (576p) [Not 24/7],https://178.253.194.105/klasiktv/playlist.m3u8
Klovn,https://jmp2.uk/plu-65a63ff00d9ab400080b101c.m3u8
Kluch (576p),http://hls127.freeott.top:8080/Kluch/video.m3u8
KMCT-DT1 (720p),https://cdn-unified-hls.streamspot.com/ingest1/4b4d895dd6/playlist.m3u8?origin=1
KMEX-DT1 [Geo-blocked],https://streaming-live-fcdn.api.prd.univisionnow.com/kmex/kmex.isml/hls/kmex.m3u8
KMSP-DT1 (1080p),https://cdn-uw2-prod.tsv2.amagi.tv/linear/amg00488-foxdigital-kmsp-lgus/playlist.m3u8
KN Music TV,https://cdn4.yayin.com.tr/kntv/tracks-v1a1/mono.m3u8
Knal 4 Quiché (720p) [Not 24/7],https://cdn.streamhispanatv.net:3482/live/knal4gtlive.m3u8
Knesset Channel (576p),http://stream.mcquack.net/48/index.m3u8
Knowledge Channel (360p),https://thinkkast.dpdns.org/tkk-ph/i7/knowledge_channel/knowledge-channel.m3u8
Knowledge Network (720p) [Geo-blocked],https://d1wal6k3d7ssin.cloudfront.net/out/v1/ea91db0906c847a4931b46a9ec36e77b/index.m3u8
KNTV-DT1 (1080p),https://d368vp0qqzvkid.cloudfront.net/11603/88889711/hls/master.m3u8?ads.xumo_channelId=88889711a&ads.xumo_ifaType=&ads.xumo_providerId=3822&ads.xumo_providerName=NBCNBA
Kocaeli TV (1080p),https://edge.taksimbilisim.com/kocaelitv/bant1/playlist.m3u8
Koch'en på toppen,https://jmp2.uk/plu-660d667519ca71000849a1e1.m3u8
Kohavision,https://gjirafa-video-live.gjirafa.net/gjvideo-livestream/lj9-pxm-o53-rp0/tracks-v4a1/mono.m3u8
Kohenoor News (576p),http://103.250.28.74:8000/play/a00r/index.m3u8
KOKI-DT1 (1080p),https://cdn-uw2-prod.tsv2.amagi.tv/linear/amg02104-imagicommcommun-kokibreaking-ono/playlist.m3u8
Kókshe (720p) [Not 24/7],https://stream.kaztrk.kz/regional/kokshetautv/index.m3u8
Kolalnas TV,https://htvint.mada.ps/kolalnas/index.m3u8
Kolkata TV (1080p),https://cdn.ottlive.co.in/kolkatatv/index.m3u8
Kolyokklub,http://88.212.15.19/live/kolyokklub_atk/index.m3u8
Komala TV,https://komhls.wns.live/hls/stream.m3u8
Komáromi Televízió (400p),https://cloudfront44.lexanetwork.com:1344/relay01/HDE017.sdp/playlist.m3u8
Komedia (576p),http://stream.mcquack.net/68/index.m3u8
Komediynoe HD (1080p),http://stream.mcquack.net/74/index.m3u8
Komlós TV (1080p) [Not 24/7],https://stream.streaming4u.hu/KomlosTV/tracks-v1a1/mono.m3u8
Kompas TV [Geo-blocked],https://op-group1-swiftservehd-1.dens.tv/h/h234/index.m3u8
Komsan TV [Not 24/7],http://tv.cootel.com.kh:8077/streams/d/Komsan/playlist.m3u8
Kongress TV (1080p),https://stitch.teletarget.ru/api/v1/hls/504/158/index.m3u8
Kontra Channel (1080p),https://kontralive.siliconweb.com/live/kontratv/playlist.m3u8
Konya Olay TV (720p),https://live.artidijitalmedya.com/artidijital_konyaolaytv/konyaolaytv/playlist.m3u8
Koogi TV (1080p),https://5d658d7e9f562.streamlock.net/koogi.tv/koogi.smil/playlist.m3u8
Kool TV (720p),https://twitch-m3u8.bastypro112.workers.dev/kooltvlive/index.m3u8
Kora TV,https://s3.tvdatta.com:3700/live/jjrtvlive.m3u8
Kordestan,https://ncdn.telewebion.ir/kordestan/live/playlist.m3u8
Kordia TV (1080p),https://ptvlive.kordia.net.nz/out/v1/3fc2254c865a457c8d7fbbce227a2aae/index.m3u8
Korea TV (1080p),https://hlive.ktv.go.kr/live/klive_h.stream/playlist.m3u8
Korean Central Television (1080p),https://kctv.koryofront.org/stream/index.m3u8
Korean Central Television (KCTV) (576p),https://streamer.nknews.org/tvdash/stream.mpd
Kos TV (720p),https://eu1.streams.gr:8081/kostv/index.m3u8
Kozoom TV (1080p),https://streams2.sofast.tv/v1/master/611d79b11b77e2f571934fd80ca1413453772ac7/fdd6f243-f971-4a1a-9510-97ac01d6b37f/manifest.m3u8
Kpop Mix (720p),https://cloud.tvomix.com/KPOPMIX/index.m3u8
KpopTV Play (576p),https://giatv.bozztv.com/giatv/giatv-kpoptvplay/kpoptvplay/playlist.m3u8
KPVM Ace Country Radio,https://2-fss-1.streamhoster.com/pl_122/206858-4412960-1/playlist.m3u8
KPVM AWE Plus,https://2-fss-2.streamhoster.com/pl_120/206858-4404552-1/playlist.m3u8
KPVM Movies!,https://2-fss-2.streamhoster.com/pl_120/206858-4412962-1/playlist.m3u8
KPVM Newsmax 2,https://2-fss-2.streamhoster.com/pl_120/206858-4404556-1/playlist.m3u8
KPVM OAN Plus,https://2-fss-2.streamhoster.com/pl_118/206858-4404458-1/playlist.m3u8
KPVM Prime TV25,https://2-fss-1.streamhoster.com/pl_122/206858-4405346-1/playlist.m3u8
KPVM Real America's Voice,https://2-fss-2.streamhoster.com/pl_118/206858-4404454-1/playlist.m3u8
KPVM Story Television,https://2-fss-1.streamhoster.com/pl_122/206858-4412976-1/playlist.m3u8
KQED-DT2 (1080p),https://kqeddt2.lls.pbs.org/kqeddt2-hls.m3u8
KQSL Channel 8 (720p),https://uni01rtmp.tulix.tv/kqsltv/kqsltv/playlist.m3u8
KRAL Pop TV (720p),https://dogus-live.daioncdn.net/kralpoptv/playlist.m3u8
KRC TV,https://channels.ad-ug.com/live/ch03/index.m3u8
KRCA-TV Estrella Los Angeles (720p),https://content.uplynk.com/channel/829a8c85f9e840c6bed963856c231428.m3u8
KRGV-DT2 [Geo-blocked],https://d3svnrf3rmq619.cloudfront.net/krgv-live/smil:krgv-somos.smil/playlist.m3u8
Krimi (720p),https://4dad3dcf.wurl.com/master/f36d25e7e52f1ba8d7e56eb859c636563214f541/UmFrdXRlblRWLWV1X0FSRFBsdXNLcmltaV9ITFM/playlist.m3u8
KRIS-DT1 (1080p),https://content.uplynk.com/channel/e72660594b7a4182982af1690609683d.m3u8
Kriti TV (1080p),https://cretetvlive.siliconweb.com/cretetv/liveabr/playlist.m3u8
KRIV-DT1 (1080p),https://cdn-uw2-prod.tsv2.amagi.tv/linear/amg00488-foxdigital-kriv-lgus/playlist.m3u8
Kronehit (1080p),https://bitcdn-kronehit.bitmovin.com/v2/hls/playlist.m3u8
KSAZ-DT1 (1080p),https://cdn-uw2-prod.tsv2.amagi.tv/linear/amg00488-foxdigital-ksaz-lgus/playlist.m3u8
KSCE Vida Cristiana (360p),https://2-fss-2.streamhoster.com/pl_120/200226-1449024-1/playlist.m3u8
KSHB 41 (Kansas City MO) (720p),https://content.uplynk.com/channel/50d0fa1b042945a3a4f550f9b8412c83.m3u8
KShopping (1080p),https://fhs8036.bd-61.ktcdn.co.kr/klive/smil:klive.smil/playlist.m3u8
KSTV Uganda,https://live.esteem.africa/kstv/hls/0/stream.m3u8
KTBC-DT1 (1080p),https://cdn-uw2-prod.tsv2.amagi.tv/linear/amg00488-foxdigital-ktbc-lgus/playlist.m3u8
KTK (576p),http://stream.mcquack.net/26/index.m3u8
KTK HD (720p) [Not 24/7],https://wz-kt.ktk.kz/ktklive/smil:ktk-live.smil/playlist.m3u8
KTN News (360p),https://vodzong.mjunoon.tv:8087/streamtest/KTNNews-151/playlist.m3u8
KTO (504p),http://145.239.5.177/354/index.m3u8
KTOO 360TV 3 (FNX),https://api.v3.invintus.com/StreamURI/persis/2147483647/KTOO360TV.stream/media.m3u8
KTTV-DT1 (1080p),https://cdn-uw2-prod.tsv2.amagi.tv/linear/amg00488-foxdigital-fox11losangeleskttv-vizious/playlist.m3u8
KTV (720p),https://flv.intechmedia.net/live/ch118.m3u8
KTV 1 (1080p),https://kwtktv1ta.cdn.mangomolo.com/ktv1/smil:ktv1.stream.smil/chunklist.m3u8
KTV 2 (1080p),https://kwtktv2ta.cdn.mangomolo.com/ktv2/smil:ktv2.stream.smil/chunklist.m3u8
KTV Al Qurain (1080p),https://kwtktvaqta.cdn.mangomolo.com/ktvaq/smil:tktvaq.stream.smil/chunklist.m3u8
KTV Arabe (1080p),https://kwtktvata.cdn.mangomolo.com/ktva/smil:tktva.stream.smil/chunklist.m3u8
KTV Bangla (720p),https://server.livelegitpro.in:9899/tribetv/tribetv/index.m3u8
KTV Ethraa (1080p),https://kwtethta.cdn.mangomolo.com/eth/smil:eth.stream.smil/chunklist.m3u8
KTV News (1080p),https://kwtkbta.cdn.mangomolo.com/kb/smil:kb.stream.smil/chunklist.m3u8
KTV Sport (1080p),https://kwtspta.cdn.mangomolo.com/sp/smil:sp.stream.smil/chunklist.m3u8
KTV Sport Plus (1080p),https://kwtsplta.cdn.mangomolo.com/spl/smil:spl.stream.smil/chunklist.m3u8
Kuhnya (576p),http://stream.mcquack.net/179/index.m3u8
Kukhnya TV (576p),http://hls127.freeott.top:8080/Kuhnya_TV/video.m3u8
Kulinar TV (576p),https://api.alpaca.t62a.com/hls/9110/stream0.m3u8
KultKrimi,https://jmp2.uk/plu-5cb5cfe5caf83414128f209e.m3u8
KultKrimi: Der Alte,https://jmp2.uk/plu-65dde5ef28730900089af7cf.m3u8
KultKrimi: Der Kommissar,https://jmp2.uk/plu-65dde626ec9fda0008b3dc89.m3u8
KultKrimi: Derrick,https://jmp2.uk/plu-65dde5848145cb00083277f6.m3u8
KultKrimi: Die Rettungsflieger,https://jmp2.uk/plu-67ed0c86f7c5d70b90889a51.m3u8
KultKrimi: Ein Fall für zwei,https://jmp2.uk/plu-68590366010ddd78ef837d29.m3u8
KultKrimi: Küstenwache,https://jmp2.uk/plu-67ebbdced2832b463faa1e79.m3u8
KulturMD (1080p),http://58bd5b7a98e04.streamlock.net/medienasa-live/kulturmd_high/playlist.m3u8
Kung Fu+ (1080p),https://streams2.sofast.tv/v1/master/611d79b11b77e2f571934fd80ca1413453772ac7/06862a07-6a92-4b4d-abc3-5fea131713b5/manifest.m3u8
Kunskapskanalen (1080p) [Geo-blocked],https://svt-live-channel.akamaized.net/l6/se/svtk/master-fmp4.m3u8?defaultSubLang=1&format=hls
Kurd Channel,https://kurdchhls.wns.live/hls/stream.m3u8
Kurdistan 24 (1080p),https://hlspackager.akamaized.net/live/DB/K24/HLS/K24.m3u8
Kurdistan TV (720p) [Not 24/7],https://5a3ed7a72ed4b.streamlock.net/live/SMIL:myStream.smil/playlist.m3u8
Kurdsat (1080p),https://hlspackager.akamaized.net/live/DB/KURDSAT_HD/HLS/KURDSAT_HD.m3u8
Kurdsat News (1080p),https://hlspackager.akamaized.net/live/DB/KURDSAT_NEWS/HLS/KURDSAT_NEWS.m3u8
Kuriakos Cine (1080p),https://w2.manasat.com/kcine/smil:kcine.smil/playlist.m3u8
Kuriakos Kids (1080p),https://w2.manasat.com/kkids/smil:kkids.smil/playlist.m3u8
Kuriakos Music (1080p),http://195.23.211.179:1935/kmusic/smil:kmusic.smil/playlist.m3u8
Kuriakos TV (1080p),https://w1.manasat.com/ktv/smil:ktv.smil/playlist.m3u8
Kus-Kus,https://dash2.antik.sk/live/test_kuskus_tv_atktv/playlist.m3u8
KUVN-DT1,https://streaming-live-fcdn.api.prd.univisionnow.com/kuvn/kuvn.isml/hls/kuvn.m3u8
Kvart i Bold,https://jmp2.uk/plu-657c0954dfed030008d82ea1.m3u8
Kvartal TV,http://158.101.222.193:88/georgia_play.php?id=kvartal95
Kvartal TV International,https://dash2.antik.sk/live/kvartal_tv/playlist.m3u8
KVF (720p) [Not 24/7],https://w-live-edge1.kringvarp.fo/uttanlands/_definst_/smil:uttanlands.smil/playlist.m3u8
KVF Sjonvarp,https://live.kringvarp.fo/uttanlands/720/playlist.m3u8
KVIE-DT2 (1080p),https://kviedt2.lls.pbs.org/kviedt2-hls.m3u8
KVN TV (576p),http://178.124.179.122:8080/KVN-TV/index.m3u8
KVVB-TV 33 Victor Valley (1080p) [Not 24/7],https://2-fss-2.streamhoster.com/pl_138/amlst:201950-1309230/playlist.m3u8
KXAS-DT1 (1080p),https://d368vp0qqzvkid.cloudfront.net/11603/88889706/hls/master.m3u8?ads.xumo_channelId=88889706a&ads.xumo_ifaType=&ads.xumo_providerId=3831&ads.xumo_providerName=NBCNDAL
Kyiv (1080p),https://api-tv.ipnet.ua/api/v1/manifest/1293296300.m3u8
KZTV-DT1 (720p),https://content.uplynk.com/channel/d1f868588ae5476dadaeff450170a183.m3u8
L1 (1080p),http://45.4.1.201:8000/play/a1ai/index.m3u8
L1 Max (1080p),http://190.93.224.42/LIGA-1-MAX/index.m3u8
L1mburg TV (720p) [Not 24/7],https://d34pj260kw1xmk.cloudfront.net/live/l1/tv/index.m3u8
L!ke (1080p),https://cnl-cl.otteravision.com/cnl/cl_h265/cl_h265.m3u8
L'altro Corriere TV,https://52ee6512fee4427889eba89957975fa0.msvdn.net/live/S24350460/BEj8ZmQiQ9UG/playlist.m3u8
L'Effet Papillon,https://amg02162-newenconnect-amg02162c1-rakuten-us-1983.playouts.now.amagi.tv/playlist/amg02162-newenconnect-leffetpapillon-rakutenus/playlist.m3u8
L'Equipe (1080p),https://dshn8inoshngm.cloudfront.net/v1/master/3722c60a815c199d9c0ef36c5b73da68a62b09d1/cc-gac2i63dmu8b7/LEquipe_FR.m3u8
L-TV (720p),https://live2.telvi.de/hls/l-tv_s1.m3u8
La 1 (720p),https://ztnr.rtve.es/ztnr/1688877.m3u8
La 1 Canarias (720p),https://ztnr.rtve.es/ztnr/5190066.m3u8
La 1 Catalunya (720p),https://ztnr.rtve.es/ztnr/3293681.m3u8
La 2,https://rtvelivestream.rtve.es/rtvesec/la2/la2_main.m3u8
La 2 Canarias (720p),https://ztnr.rtve.es/ztnr/5468585.m3u8
La 2 Catalunya (720p),https://ztnr.rtve.es/ztnr/3987218.m3u8
La5,http://91.146.94.234:10001/play/a03k
LA7d (720p),https://d15umi5iaezxgx.cloudfront.net/LA7D/CLN/HLS-B/Live.m3u8
La 8 Mediterraneo (1080p),https://newscript.gestec-video.com/hls/8TVEVENTOS.m3u8
La 98.1 TV (720p) [Not 24/7],https://6019dcac4147f.streamlock.net:9443/la98/Invosa/playlist.m3u8
La 100 (1080p),https://mdstrm.com/live-stream-playlist/68b74fd1d6512526f1f7c75a.m3u8
La C TV (720p),https://f5842579ff984c1c98d63b8d789673eb.msvdn.net/live/S47282891/JWjL3xqPf4bX/playlist.m3u8
La Caleta TV (720p) [Not 24/7],https://edge.essastream.com/lacaletatv/playlist.m3u8
La Chilena TV,https://vdochile.com:3134/stream/play.m3u8
LA CityView 35 (1080p),https://reflect-losangeles.cablecast.tv/live-3/live/live.m3u8
La Clave (720p),https://unlimited1-cl-isp.dps.live/laclavetv/laclavetv.smil/playlist.m3u8
La Comarca TV (720p),https://v2.tustreaming.cl/lcomarcatv/index.m3u8
La Descarga TV [Geo-blocked],https://video.udwn.net:19360/ladescargatv/ladescargatv.m3u8
La Exitosa TV Riberalta (720p),https://ares.disfrutaenlared.com:1936/exitosa/exitosa/playlist.m3u8
La Fabulosa Radio y TV (720p),https://eu1.servers10.com:8081/8004/index.m3u8
La Familia del Barrio,https://jmp2.uk/plu-62d08af527ce19000731eaa0.m3u8
La Familia del Barrio,https://jmp2.uk/plu-668c566d08d5490008075948.m3u8
La fiebre del Jade,https://jmp2.uk/plu-65254e8d81f9420008342cee.m3u8
La Granja TV,https://oracle.streaminghd.cl/8126/8126/playlist.m3u8
La Hermandad Salsera (1080p) [Not 24/7],https://streamlov.alsolnet.com/hermandadsalsera/live/playlist.m3u8
La Hora TV (720p) [Not 24/7],https://edge.enhdtv.com/8206/index.m3u8
La Kalle (720p),https://mdstrm.com/live-stream-playlist/58d191f07290fbb058025843.m3u8
La maison France 5,https://jmp2.uk/plu-685a999bd33909bdd7d2fb1e.m3u8
La Mejor TV (576p),http://45.189.62.33:8002/play/a0ls/index.m3u8
La Melinkana TV (720p),https://v1.tustreaming.cl/melinkana/index.m3u8
La Metro TV (1080p),https://jireh-8-hls-video-us-isp.dps.live/hls-video/931b584451fa6dd1313ee66efbfd5802e3f3bcea/metropolitanatv/metropolitanatv.smil/playlist.m3u8
La Morada Radio TV (720p),https://movil.ejeserver.com/live/lamoradatv.m3u8
La Nacion + (576p),http://playcom.trapemn.tv:1935/transcoderip/lanacionplus.stream/playlist.m3u8
La Nuestra (1080p),https://redirector.rudo.video/hls-video/339f69c6122f6d8f4574732c235f09b7683e31a5/ln/ln.smil/playlist.m3u8
La Nueva Radio TV 97.7 (1080p),https://sv72.ecuaradiotv.net/lanuevatv/live/playlist.m3u8
La Nuova TV,https://5dcabf026b188.streamlock.net/lanuovatvbas/livestream/playlist.m3u8
La Perla Radio TV (720p) [Not 24/7],https://eu1.servers10.com:8081/8068/index.m3u8
La Popular TV,https://tv.arkeo.cl:1936/enlacetv1/enlacetv1/playlist.m3u8
La Potente Radio TV,https://latamvdo.com:3626/hybrid/play.m3u8
La Que Buena Atlanta,https://streamyes.alsolnet.com/quebuenaatlanta/live/index.m3u8
La Red (720p),http://45.162.193.35/LA_RED/index.m3u8
La Reina TV [Geo-blocked],https://cloud2.streaminglivehd.com:1936/lareinatv/lareinatv/playlist.m3u8
La Ruta TV,https://streamunoapp.com:3983/live/larutatvlive.m3u8
La Selección,https://jmp2.uk/plu-63211ba9cad976000794f988.m3u8
La Sentinelle TV (576p),https://tnt-television.com/LA_SENTINELLE/index.m3u8
La Sultana del Este TV (720p) [Not 24/7],https://micanal.ovh/livestreams/544.EP3QGO4KPL66.m3u8
La Tele (1080p),http://8.243.126.131:8000/play/a01v/index.m3u8
La Tele Tuya (576p),http://181.78.8.199:8000/play/a0fs/index.m3u8
La Top 102.9 (720p),https://59d39900ebfb8.streamlock.net/top102/top102/playlist.m3u8
La Top 107.7 (720p),https://59d39900ebfb8.streamlock.net/top107/top107/playlist.m3u8
La TR3 Marsala (720p),https://tsw.streamingwebtv24.it:1936/eslife1/eslife1/playlist.m3u8
La Trois (1080p),http://145.239.5.177/330/index.m3u8
La Une (720p),http://193.111.198.85:8589/stream/mstv/rtbflaunelive26/master.m3u8?p=967e33767f592e1aaf3d4019f38f380bf784e113b193d89c412d047059d6300d&u=Oleg
La Urban TV (1080p) [Not 24/7],https://urbanrevolution.es:8443/live/TV/playlist.m3u8
La Voix du Routier TV,https://webtv.lavoixduroutiertv.bj/hls/stream.m3u8
La Voz de Jesus HD (720p),https://live20.bozztv.com/giatvplayout7/giatv-208429/playlist.m3u8
La Voz de Maria (720p),https://live.lavozdemaria.com:3436/live/lavozdemarialive.m3u8
La Voz del Tropico (480p) [Geo-blocked],https://ss2.tvrdomi.com:1936/lavozdeltropico/lavozdeltropico/playlist.m3u8
La-X (720p),https://stream.eleden.com/livelax/ngrp:livelax_all/playlist.m3u8
Labbayk TV,https://ncdn.telewebion.ir/labbayk/live/playlist.m3u8
labor14 (720p),https://5acade5fc0c29.streamlock.net/OKGera/tmbz_live_high.stream/playlist.m3u8
Laboral TV (360p),https://tv.laboralsst.com.br/hls/stream.m3u8
LaC News 24 (720p),https://f5842579ff984c1c98d63b8d789673eb.msvdn.net/live/S27391994/HVvPMzy/playlist.m3u8
Lacrosse TV (720p),https://a-cdn.klowdtv.com/live2/lsn_720p/playlist.m3u8
LADbible (720p),https://5d436b93.wurl.com/master/f36d25e7e52f1ba8d7e56eb859c636563214f541/U2Ftc3VuZy1nYl9MQURiaWJsZVRWX0hMUw/playlist.m3u8
Ladykracher,https://jmp2.uk/plu-667d3534ca74680008696051.m3u8
Laff (1080p),http://40.160.24.53/LAFF_TV/index.m3u8
Laff More (1080p),https://d3tf2qfyke992n.cloudfront.net/v1/scripps_laffmore_1/samsungheadend_us/latest/main/hls/playlist.m3u8
Laguna TV (1080p) [Not 24/7],https://cnn.hostlagarto.com/lagutv/playlist.m3u8
Lahore News (720p) [Not 24/7],https://vcdn.dunyanews.tv/lahorelive/ngrp:lnews_1_all/playlist.m3u8
Lahore Rang (1080p),http://103.250.28.74:8000/play/a01q/index.m3u8
Lakewood Channel 8 (Lakewood CO) (720p),https://live8fd.lakewood.org/live-2/live/live.m3u8
Lakewood CityTV (720p),https://dlttx48mxf9m3.cloudfront.net/vod_clients/lakewood/live/ch1/video.m3u8
Lakshya TV (720p),https://d35j504z0x2vu2.cloudfront.net/v1/master/0bc8e8376bd8417a1b6761138aa41c26c7309312/lakshya-tv/index.m3u8?ads.vf=o5tDPMkI440
Lalegul TV (1080p),https://lbl.netmedya.net/hls/lalegultv.m3u8
Lâm Đồng TV (480p),http://118.107.85.5:1935/live/smil:LTV.smil/chunklist.m3u8
LAMIL35 TV,https://vd01.streaminghd.net.ar:3349/live/bzuctkgnlive.m3u8
Lana TV (576p),https://cdn.streamlane.tv/hls/ltv/master.m3u8
Lancelot TV (404p),https://5c0956165db0b.streamlock.net:8090/directo/_definst_/lancelot.television/master.m3u8
Ländle TV (1080p) [Not 24/7],https://streaming13.huberwebmedia.at/LiveApp/streams/985585225397790082777809.m3u8
Langstraat TV (720p),https://d1qpgfi3ivud4k.cloudfront.net/nlpo/clr-nlpo/langstraat/index.m3u8
Langt fra Bryggen,https://jmp2.uk/plu-654a3fe6986ad20008a42add.m3u8
Lansingerland TV (720p),https://ms7.mx-cd.net/tv/278-3414514/RTV_Lansingerland.smil/playlist.m3u8
Lanthung TV,https://live-us1.thaimomo.com/live-as/chlantung-2/playlist.m3u8
Lanzhou Comprehensive News Channel,https://liveplus.lzr.com.cn/xwzh/HD/live.m3u8
Lanzhou Culture & Tourism Channel,https://liveplus.lzr.com.cn/wlpd/HD/live.m3u8
Lào Cai TV (1080p),https://live.baolaocai.vn/channel2/stream.m3u8
Lao Net TV (720p),https://livefta.malimarcdn.com/ftaedge00/laonet.sdp/playlist.m3u8
Lao SV TV (480p),https://livefta.malimarcdn.com/ftaedge00/laosvtv.stream/playlist.m3u8
Lao-Thai TV (720p),https://livefta.malimarcdn.com/ftaedge00/laothaius.sdp/playlist.m3u8
LaPuraCrema Television,https://streamlov.alsolnet.com/lapuracrema/live/playlist.m3u8
Lara en Redes,https://streamtv.laraenredes.com:3020/hybrid/play.m3u8
Larivision TV,https://cloud5.larivision.net/hls/live.m3u8
Las Estrellas (1080p),https://channel01-onlymex.akamaized.net/hls/live/2022749/event01/index.m3u8
Las Estrellas Latin America (1080p),http://177.234.249.135:8888/LasEstrellas/index.m3u8
Las Tortugas Ninja (720p),https://jmp2.uk/plu-61373f1a12dd9f00077dcd6f.m3u8
Las Tortugas Ninja (720p),https://jmp2.uk/plu-63dd5d7a4e83e700088fbca8.m3u8
Las Vegas Tonight with Dale Davidson (1080p),https://cdn.vegasplus.us/vegas/lasvegastonight/playlist.m3u8
Lassie (1080p),https://xumo-xumoent-ch833-p47sj.fast.nbcuni.com/live/master.m3u8
Latacunga TV (360p),https://stmv1.voxtvhd.com.br/latacungatv/latacungatv/playlist.m3u8
Latele (1080p),https://copacotf.desdeparaguay.net/latele/latele_py_alta/playlist.m3u8?admin=tvaccion
Latest TV (480p),https://5a0e89631aa14.streamlock.net/live/LatestTelevision/playlist.m3u8
Latina (1080p),https://redirector.rudo.video/hls-video/567ffde3fa319fadf3419efda25619456231dfea/latina/latina.smil/playlist.m3u8
Latina Clasicos (1080p),http://45.171.108.253:8888/LATINA/index.m3u8
Latina Network TV (576i),https://live-server.mivideo.pro:8081/latinavzla/tracks-v1a1/mono.m3u8
Latina Noticias 24/7 (1080p),https://dai.google.com/linear/hls/event/oYQGDqEGTmGdHE_fz9oLlg/master.m3u8
Latina Podcast (720p),https://redirector.rudo.video/hls-video/plus226/latina4/latina4.smil/playlist.m3u8
Latina TV (1080p),https://streamtv.latinamedios.com:3413/live/latinatvlive.m3u8
Latina TV Internacional (720p),https://5790d294af2dc.streamlock.net/latinatv/latinatv/chunklist.m3u8
Latino Channel TV (1080p),https://cdn.vegasplus.us/vegas/latch/playlist.m3u8
Latino Classic TV (1080p),https://streams2.sofast.tv/v1/master/611d79b11b77e2f571934fd80ca1413453772ac7/4d419a88-a62c-496f-b8a1-984e746f8259/manifest.m3u8
Latino Vibes (1080p) [Geo-blocked],https://amg00375-fusemedia-latinovibes-xumo-qyjhw.amagi.tv/playlist.m3u8
LATV (1080p) [Geo-blocked],https://amg00779-latv-amg00779c1-cineverse-us-1746.playouts.now.amagi.tv/playlist/amg00779-latvnetworkllc-latv-cineverseus/playlist.m3u8
Latvijas Radio 3 Klasika (240p),https://5a44e5b800a41.streamlock.net/liveVLR3/mp4:Klasika/playlist.m3u8
Laura Dave Media TV (720p),https://streaming.lauradavemedia.com/ldm/index.m3u8
Lausitzwelle (1080p),https://h056.video-stream-hosting.de/easycast11-live/_definst_/mp4:livestreamhd2/playlist.m3u8?ref=
Law & Crime (720p),https://d35j504z0x2vu2.cloudfront.net/v1/master/0bc8e8376bd8417a1b6761138aa41c26c7309312/law-crime/playlist_scte.m3u8?ads.vf=uF_BpgvA1oi
Law & Order (720p),https://jmp2.uk/plu-68758038552299d2b08162e3.m3u8
Law TV (1080p),http://stream.mcquack.net/406/index.m3u8
Lawndale City TV (720p),https://reflect-live-lawndale.cablecast.tv/live-4/live/live.m3u8
LaXitosa Panamá (360p) [Not 24/7],https://stmvideo2.livecastv.com/lax953/lax953/playlist.m3u8
Lazio TV (576p),http://151.0.207.99:1935/live/LAZIOTV12/playlist.m3u8
LBC (1080p) [Geo-blocked],https://rotana.hibridcdn.net/rotananet/lbc_net-7Y83PP5adWixDF93/playlist.m3u8
LBC International (1080p),http://185.9.2.18/chid_521/index.m3u8
LBFD RTV (1080p),https://tnt-television.com/LBFD_RTV/index.m3u8
LCI HD (1080p),http://151.80.18.177:86/LCI_HD/index.m3u8
LCN [Geo-blocked],https://tvalive.akamaized.net/hls/live/2014213/tvan01/tvan01.m3u8
Le Cronache TV (720p),http://77.68.40.210:8888/hls/cronache.m3u8
Le Figaro IDF (1080p),https://figarotv-live.freecaster.com/live/freecaster/figarotv.m3u8
Le Media TV (180p),https://raw.githubusercontent.com/Sibprod/streams/main/ressources/dm/py/hls/lemedia.m3u8
Le Meilleur d'Arthur (1080p),https://amg02393-awpg-amg02393c2-rakuten-uk-2464.playouts.now.amagi.tv/playlist/amg02393-awpg-lemeilleurdarthur-rakutenuk/playlist.m3u8
Le Meilleur de la TV Realite (1080p),https://amg02393-awpg-amg02393c4-rakuten-uk-3886.playouts.now.amagi.tv/playlist/amg02393-awpg-lemeilleurdelatvrealite-rakutenuk/playlist.m3u8
Le miracle de l'amour,https://jmp2.uk/plu-60549c238c3f21000753d3e0.m3u8
Le Monde en 24h,https://stream.berosat.live/hls/monde24h-tv-index/monde24h-tv-index.m3u8
Le Nouveau Manager TV,https://lnmlive.com/live/lnmtv.m3u8
Le sorelle McLeod,https://jmp2.uk/plu-60a2837f8154ab0007c4dcdf.m3u8
Leaderboard Sports News (1080p),https://amg02703-amg02703c20-samsung-au-9093.playouts.now.amagi.tv/playlist.m3u8
Leave It to Beaver (1080p),https://xumo-xumoent-ch826-z0h0h.fast.nbcuni.com/live/master.m3u8
Leave it to Bryan,https://jmp2.uk/plu-62e91b5ca909cb0008114ae4.m3u8
Leesburg Lakefront TV (Leesburg FL) (720p),https://reflect-lakefront-leesburgflorida.cablecast.tv/live-6/live/live.m3u8
Legislative Assembly of British Columbia,https://cdn3.wowza.com/5/YldIU1hsTlljRWZF/hbs-prim-house-httpo/HouseP.smil/playlist.m3u8
Legislative Assembly of British Columbia Committee A,https://cdn3.wowza.com/5/YldIU1hsTlljRWZF/hbs-prim-dougfir-httpo/DougFirP.smil/playlist.m3u8
Legislative Assembly of El Salvador (1080p) [Not 24/7],https://streaming.asamblea.gob.sv/hls/plenariahd.m3u8
Legislative Assembly of Ontario,https://temp3.isilive.ca/live/_definst_/ontla/house-en/playlist.m3u8
Legislative Assembly of Ontario Committees (room 1),https://temp2.isilive.ca/live/_definst_/ontla/committee_1-en/playlist.m3u8
Legislative Assembly of Ontario Committees (room 2),https://lin13.isilive.ca/live/_definst_/ontla/committee_2-en/playlist.m3u8
Legislative Assembly of Ontario Committees (room 151),https://temp3.isilive.ca/live/_definst_/ontla/rm151-en/playlist.m3u8
Legislative Assembly TV Nunavut,http://temp2.isilive.ca/live/nunavut/live-eng/index.m3u8
LEGO Kids TV,https://jmp2.uk/plu-60fb01a24795a6000762fe83.m3u8
Leipzig Fernsehen (1080p),https://leipzig.iptv-playoutcenter.de/leipzig/leipzigfernsehen.stream_1/playlist.m3u8
Léman Bleu (1080p),http://livevideo.infomaniak.com/streaming/livecast/naxoo/playlist.m3u8
Lemar TV (720p),https://tgn.bozztv.com/eshgtv-dvrfl05/gin-lemar/index.m3u8
Lena TV [Not 24/7],https://5790d294af2dc.streamlock.net/lenaratv/lenaratv/playlist.m3u8
Lenca Television Canal 40 (720p) [Not 24/7],https://lencatelevision.com/hls/stream.m3u8
Léo Mattéï: Brigada de protección,https://jmp2.uk/plu-6964d2179ba4ac18051a18ce.m3u8
LEO Middelsé TV (480p),https://ms7.mx-cd.net/tv/238-2061506/Omroep_LEO_TV.smil/playlist.m3u8
Leomax 24 (1080p),https://tvshops.bonus-tv.ru/cdn/shop24/playlist.m3u8
Leominster TV Educational (720p),https://livestream.telvue.com/leominster2/f7b44cfafd5c52223d5498196c8a2e7b.sdp/playlist.m3u8
Leominster TV Government (720p),https://livestream.telvue.com/leominster3/f7b44cfafd5c52223d5498196c8a2e7b.sdp/playlist.m3u8
Leominster TV Public (720p) [Not 24/7],https://livestream.telvue.com/leominster1/f7b44cfafd5c52223d5498196c8a2e7b.sdp/playlist.m3u8
Lepanto TV,https://fr.crystalweb.net:1936/lepantotv/lepantotv/playlist.m3u8
Les Anges (1080p),https://amg02393-awpg-amg02393c5-rakuten-uk-2463.playouts.now.amagi.tv/playlist/amg02393-awpg-lesanges-rakutenuk/playlist.m3u8
Les Anges,https://jmp2.uk/plu-66b228d4cd0d3100085d27b7.m3u8
Les Années fac,https://jmp2.uk/plu-60afae68a7fc50000737186d.m3u8
Les filles d'à côté,https://jmp2.uk/plu-60549d97cd7b090007c73314.m3u8
Les Marseillais (720p),https://jmp2.uk/plu-66f55d565e4a6e0008c2b9d2.m3u8
Les Nouveaux Detectives,https://jmp2.uk/plu-5f8edb6df1ebb800072edf10.m3u8
Les Routes du Paradis,https://jmp2.uk/plu-65cce23bdc10a400080645ad.m3u8
Les Schtroumpfs,https://jmp2.uk/plu-68b16d2282862c1f067dc763.m3u8
Les Secrets de Nos Régions (1080p),https://amg02393-awpg-amg02393c6-rakuten-uk-2460.playouts.now.amagi.tv/playlist/amg02393-awpg-lessecretsdenosregions-rakutenuk/playlist.m3u8
Les Z'Amours (1080p),https://amg02393-awpg-amg02393c3-rakuten-uk-2462.playouts.now.amagi.tv/playlist/amg02393-awpg-leszamours-rakutenuk/playlist.m3u8
Les Z'amours (720p),https://jmp2.uk/plu-652d0b756208700008d758ad.m3u8
Let's Make a deal (720p),https://jmp2.uk/plu-64c2201a2a7f2200089a0af2.m3u8
Let's Make A Deal (720p),https://jmp2.uk/plu-6267352efcf21c0007c76642.m3u8
Let's Make A Deal Classic (1080p),https://d35koolwpjpqaf.cloudfront.net/playlist.m3u8
Leva (1080p),http://de.russkoe-iptv.com:88/s/s-e3dc39e0/ljova-hd.m3u8
Lex TV (720p),https://cdn3.wowza.com/5/M0lyamVmM2JWcjhQ/lfucg/G0264_005/playlist.m3u8
LGD Television (720p),https://streamtv.intervenhosting.net:3403/hybrid/play.m3u8
LGTV (1080p),https://livestream.telvue.com/lexmedia3/f7b44cfafd5c52223d5498196c8a2e7b.sdp/lexmedia3/stream1/playlist.m3u8
LHCAZTV,https://cdn3.wowza.com/5/cHYzekYzM2kvTVFH/lakehavasucity/G0643_003/playlist.m3u8
Liangshan TV [Not 24/7],http://118.122.2.29:9999/hls/47/index.m3u8
Libertas TV (1080p),https://stream.luci.xyz/hls/LTV.m3u8
Libya Al Ahrar TV (1080p),https://stream-hls.castr.net/64490fcefe045f1b63012886/live_22d9a1f0c69c11ee9441219c2cc6d61f/index.fmp4.m3u8
Libya Al Wataniya (360p),https://cdn-globecast.akamaized.net/live/eds/libya_al_watanya/hls_roku/index.m3u8
Liceum TV (576p),http://193.225.32.62:8890/live.m3u8
Lider TV (720p),https://cdn-tiva-video08-logicahost-com-br.smartbit.co/lidertvssp/lidertvssp/playlist.m3u8
Lider TV (720p),https://chankillo.agenciastreaming.com/lidertv/index.m3u8
Liebe Sünde,https://jmp2.uk/plu-68d276ce59fd82da32267d0d.m3u8
Lietuvos Rytas TV (1080p),https://live.lietuvosryto.tv/live/hls/eteris.m3u8
Life & Legend of Wyatt Earp,https://jmp2.uk/plu-62b97c5f0d8c8e0007cf48b9.m3u8
Life Downunder (720p),https://wtfn-lifedownunder-1-au.samsung.wurl.tv/playlist.m3u8
Life Downunder (720p),https://wtfn-lifedownunder-1-nz.samsung.wurl.tv/playlist.m3u8
Life Minute (720p),https://amg01468-lifeminutetv-lifeminute-klowdtv-r4hhz.amagi.tv/playlist/amg01468-lifeminutetv-lifeminute-klowdtv/playlist.m3u8
Life TV (432p) [Not 24/7],http://lifetv.bitflip.ee/live/stream1_1/index.m3u8
Life TV,http://88.212.15.19/live/lifetv/index.m3u8
Life TV (720p),https://lifetv.livebox.co.in/lifetvhls/lifetv.m3u8
Life TV (720p) [Not 24/7],https://live.artidijitalmedya.com/artidijital_lifetv/lifetv/playlist.m3u8
Life! Christian Broadcasting Network (360p),https://2-fss-2.streamhoster.com/pl_138/200226-1359204-1/playlist.m3u8
LIFE! End Times TV (360p),https://2-fss-1.streamhoster.com/pl_122/200226-1427780-1/playlist.m3u8
LifeStyleTV (1080p),https://app.viloud.tv/hls/channel/711fd3f3a4728449889ee22ba72958ff.m3u8
Lifetime (720p),http://40.160.24.53/LIFETIME/index.m3u8
Lifetime Asia (1080p),http://nmk.ioapk.com:5050/4gtv-live029/index.m3u8
Lifetime Latin America (1080p),http://138.121.15.230:9002/LIFETIME/index.m3u8
Lifetime Latin America Brazil (720p),http://138.255.2.6:8084/LIFETIME/index.m3u8
Lifetime Movie Favorites (720p),https://jmp2.uk/plu-63335b193583440007c859fb.m3u8
Lifetime Movie Favorites (720p) [Geo-blocked],https://pb-137agpk5fqieb.akamaized.net/v1/aenetworks_holidaymoviefavorites_1/samsungheadend_us/latest/main/hls/playlist.m3u8
Lifetime Movies (1080p),https://amg00276-amg00276c21-samsung-gb-5270.playouts.now.amagi.tv/playlist.m3u8
Lifetime Movies (1080p),http://23.237.104.106:8080/USA_LMN/index.m3u8
Lifetime Movies Love & Drama (1080p),https://d1s7megtamek6r.cloudfront.net/Lifetime_Love_and_Drama.m3u8
Lifetime Real Women (576p),http://40.160.24.58/LIFETIME_REAL_WOMEN/index.m3u8
LifeTv (1080p),https://lifetv.mpks.sk/s.m3u8
LifevisionTV (406p) [Not 24/7],https://tgn.bozztv.com/lifevision/lifevision/index.m3u8
Light Channel (480p) [Not 24/7],https://streamer1.streamhost.org/salive/GMIlcbgM/playlist.m3u8
Light Channel (576p) [Not 24/7],http://streamer1.streamhost.org:1935/salive/lctvde/playlist.m3u8
Light Channel (480p) [Not 24/7],http://streamer1.streamhost.org:1935/salive/GMIlcbgM/playlist.m3u8
Lighting Lives Blessing Nations His Light (LLBN) (720p),https://brightstar-hislight-pull-secure.akamaized.net/brightstarhislight/stream.m3u8
Lighting Lives Blessing Nations His Word (LLBN) (720p),https://brightstar-hisword-pull-secure.akamaized.net/brightstarhisword/stream.m3u8
Lighting Lives Blessing Nations Smart Life Style TV (LLBN) (720p),https://brightstar-sls-pull-secure.akamaized.net/brightstarsls/stream.m3u8
Lighting Lives Blessing Nations TV Arabic (LLBN) (480p),https://brightstar-arabic-pull-secure.akamaized.net/brightstararabic/stream.m3u8
Lighting Lives Blessing Nations TV Chinese (LLBN) (480p),https://brightstar-chinese-pull-secure.akamaized.net/brightstarchinese/stream.m3u8
Lighting Lives Blessing Nations TV Korean (LLBN) (480p),https://brightstar-korean-pull-secure.akamaized.net/brightstarkorean/stream.m3u8
Lighting Lives Blessing Nations TV Latino (LLBN) (480p),https://brightstar-latino-pull-secure.akamaized.net/brightstarlatino/stream.m3u8
Lighting Lives Blessing Nations TV Romanian (LLBN) (480p),https://brightstar-romanian-pull-secure.akamaized.net/brightstarromanian/stream.m3u8
Lighting Lives Blessing Nations TV South Asia (LLBN) (480p),https://brightstar-southasia-pull-secure.akamaized.net/brightstarsouthasia/stream.m3u8
Lila TV Pencahue,https://tv.arkeo.cl:1936/radiolila/radiolila/playlist.m3u8
LIM TV (720p),https://tv.invasivamedia.com/hls/limtv.m3u8
Limón TV (1080p) [Not 24/7],http://k4.usastreams.com/limontv1/limontv1/playlist.m3u8
Lindell TV (720p),https://rumble.com/live-hls/6v67mu/playlist.m3u8
Lindenstrasse (720p),https://ad2ef2da.wurl.com/master/f36d25e7e52f1ba8d7e56eb859c636563214f541/UmFrdXRlblRWLWV1X0FSRFBsdXNMaW5kZW5zdHJhZV9ITFM/playlist.m3u8
Line TV (720p) [Not 24/7],https://edge1.socialsmart.tv/linetv/bant1/playlist.m3u8
Lingkar TV,https://lingkartv.my.id/hls/lingkartv.m3u8
Linieros TV (480p) [Not 24/7],https://soportedvb.click:3017/live/linierostvlive.m3u8
Link TV,https://linktv.b-cdn.net/linktv.m3u8
LINQ TV (480p),https://ms7.mx-cd.net/dtv-09/246-2090022/Linq_Media_TV.smil/playlist.m3u8
Lionsgate Play,http://103.159.180.34:5001/live/2327.m3u8
Lira TV (720p) [Not 24/7],https://5d79ae45bc63b.streamlock.net/Liratv/Liratv/playlist.m3u8
LiraTV (720p),https://cloud2.streaminglivehd.com:1936/liratv/liratv/playlist.m3u8
Litoral Atlántico HD (720p),https://cdn4.streamgato.us:3595/live/litoralhdlive.m3u8
Little Angel's Playroom,https://jmp2.uk/plu-5eb301b7395671000780d100.m3u8
Little Angel's Playroom en Español,https://jmp2.uk/plu-60493283ffc52f000710edae.m3u8
Little Guyana TV (1080p),https://video1.getstreamhosting.com:1936/8122/8122/playlist.m3u8
Little House on the Prairie (1080p),https://xumo-xumoent-vc-121-ghge7.fast.nbcuni.com/live/master.m3u8
Little House on the Prairie (720p),https://jmp2.uk/plu-654933ac986ad20008a1f406.m3u8
Little Stars Universe,https://jmp2.uk/plu-51c75f7bb6f26ba1cd00002f.m3u8
Little Women LA (1080p) [Geo-blocked],https://pb-dg3i75yovavc4.akamaized.net/Little_Women_LA.m3u8
Littleton 8 TV (Littleton CO) (1080p),https://ch8.littletongov.org/live-2/live/live.m3u8
Littoral FM (720p),https://live.creacast.com/littoralfm-ch1/stream/playlist.m3u8
Litus TV (720p),https://stream.arcast.com.ar/litustv/ngrp:litustv_all/playlist.m3u8
Liv (720p),https://live-fi.tvkaista.net/liv/live.m3u8?hd=true
Live99FM (1080p),https://media.streambrothers.com:1936/8014/8014/playlist.m3u8
Live Music,https://jmp2.uk/plu-5873fc21cad696fb37aa9054.m3u8
Live PD Presents (1080p),https://amg26277-amg26277c11-samsung-gb-11286.playouts.now.amagi.tv/playlist.m3u8
Live PD Presents (1080p),https://d8o79xse42g9s.cloudfront.net/Live_PD_Presents.m3u8
Live PD Presents (720p),https://jmp2.uk/plu-6887a4e01067b66fa16966ec.m3u8
LiveNOW from FOX (1080p) [Geo-blocked],https://pb-k5p02dtnr2162.akamaized.net/LiveNOW_from_FOX.m3u8
LiveXLive (1080p),https://livestream.liveone.com/lc1/p1.m3u8
Living Asia Channel (1080p),https://cdn.vegasplus.us/vegas/lac/playlist.m3u8
Living Faith TV (540p),https://cdn-unified-hls.streamspot.com/ingest1/0b5c0f18e9/playlist.m3u8?origin=1
Living India News (1080p),https://stream.ottlive.co.in/livingindia/index.m3u8
Living With Evil (720p),https://jmp2.uk/plu-68bb164fb3900870ec368759.m3u8
Lleida Televisió (1080p),https://liveingesta318.cdnmedia.tv/lleidatvlive/smil:live.smil/playlist.m3u8?DVR=
LMTV French (720p) [Not 24/7],https://video1.getstreamhosting.com:1936/8282/8282/playlist.m3u8
LN24 (1080p),https://live-ln24.digiteka.com/1911668011/index.m3u8
LN24SA (1080p),https://cdnstack.internetmultimediaonline.org/ln24/ln24.stream/playlist.m3u8
LN247 (1080p),https://go5lmb6oyawb-hls-live.5centscdn.com/station/3dfd3752af3d7aec5c53992c2da3a316.sdp/playlist.m3u8
LNK (1080p),http://stream.mcquack.net/30/index.m3u8
Loading (720p),https://stmv1.srvif.com/loadingtv/loadingtv/playlist.m3u8
Lobo TV (720p),https://5ca3e84a76d30.streamlock.net/tvlobo/videotvlobo/playlist.m3u8
Localish (1080p),https://dnmfq3sh1jipj.cloudfront.net/DisneyLocalish.m3u8
Location Location Location (1080p),https://d30q6vjmdwhh1y.cloudfront.net/LocationLocationLocation_GB.m3u8
LOE TV (720p),https://58c04fb1d143f.streamlock.net/loemedia/loemedia/playlist.m3u8
Logo (720p),http://40.160.24.53/LOGO_TV/index.m3u8
Logo Pluto TV,https://jmp2.uk/plu-5ce5a8954311f992edbe1da2.m3u8
Logos TV (1080p) [Not 24/7],https://streamer1.streamhost.org/salive/logosH/master.m3u8
Logos TV (1080p) [Not 24/7],https://5a8308add0b31.streamlock.net/logoschannel.com/logostv.smil/playlist.m3u8
Logos TV English (1080p) [Not 24/7],https://5aafcc5de91f1.streamlock.net/logoschannel.com/logoseng/playlist.m3u8
Logos TV Estudio (720p) [Not 24/7],https://streamer1.streamhost.org/salive/logosdirectaH/playlist.m3u8
Logos TV Kids (720p) [Not 24/7],https://streamer1.streamhost.org/salive/logoskidsH/playlist.m3u8
Logos TV Salud (720p) [Not 24/7],https://streamer1.streamhost.org/salive/logossaludH/playlist.m3u8
Lokshahi News (1080p),https://see.lokshahi.live/live/index.m3u8
LOL Just For Laughs (720p),https://jmp2.uk/plu-65d7211d0d45610008ffcf92.m3u8
LOL Network (1080p),https://aegis-cloudfront-1.tubi.video/54f95462-b44d-4c99-b74b-af49467454fa/playlist.m3u8
LOL TV (1080p),https://streams2.sofast.tv/v1/master/611d79b11b77e2f571934fd80ca1413453772ac7/fc63d5fd-b50e-4d3e-abdf-697d9b6cbf70/manifest.m3u8
Lollywood HD TV,https://stream.berosat.live/hls/lollywood-hd/lollywood-hd.m3u8
Lolwe TV (576p) [Not 24/7],https://goliveafrica.media:9998/live/62580e144eb43/index.m3u8
Lombardia TV,https://5db313b643fd8.streamlock.net/lmbiatv/lmbiatv/playlist.m3u8
Lompoc TAP TV Channel 23 (720p),https://livestream.telvue.com/lompoccmttv1/f7b44cfafd5c52223d5498196c8a2e7b.sdp/playlist.m3u8
Lompoc TAP TV Channel 24 (720p),https://livestream.telvue.com/lompoccmttv2/f7b44cfafd5c52223d5498196c8a2e7b.sdp/playlist.m3u8
Lompoc TAP TV Channel 25 (720p),https://livestream.telvue.com/lompoccmttv3/f7b44cfafd5c52223d5498196c8a2e7b.sdp/playlist.m3u8
LON TV (720p),https://streamingserver02.omroepnuenen.nl/lon/lonweb/chunklist_w1463772894.m3u8
Lone Star (720p),https://6b88cde9.wurl.com/master/f36d25e7e52f1ba8d7e56eb859c636563214f541/UmFrdXRlblRWLWV1X0xvbmVTdGFyX0hMUw/playlist.m3u8
Lone Star (1080p),https://lonestar-rakuten.amagi.tv/playlist.m3u8
Lone Star (1080p),https://cineverse.g-mana.live/media/901011e7-9149-48cb-aabc-9218760e54fe/master.m3u8
Long Beach Television (720p),https://edge-f.swagit.com/live/longbeachca/live-3-a/playlist.m3u8
Longino TV,https://cloud2.streaminglivehd.com:1936/longinotv-1/longinotv-1/playlist.m3u8
Look Thoong TV (720p) [Not 24/7],https://livefta.malimarcdn.com/ftaedge00/lookthoongtv.sdp/playlist.m3u8
LooLoo Kids (1080p),https://amg02757-amg02757c5-samsung-gb-5765.playouts.now.amagi.tv/playlist/amg02757-loolookids-llkenfast-samsunggb/playlist.m3u8
LooLoo Kids TV (1080p),https://amg02757-amg02757c3-rakuten-de-6135.playouts.now.amagi.tv/playlist/amg02757-loolookids-llkdefast-rakutende/playlist.m3u8
Loreto TV (720p),https://loretotv.moxapps.shop/live/QFM7KYOlxWd47ybXB3Z1u2P13Py1/index.m3u8
Los Angeles Local Television Channel 36 (1080p),https://reflect-channel36-la.cablecast.tv/live-3/live/stream-1/live.m3u8
Los Angeles TV Radio,https://stmv6.voxtvhd.com.br/losangeles/losangeles/playlist.m3u8
Los archivos del FBI,https://jmp2.uk/plu-5f1acbed25948a0007ffbe65.m3u8
Los Asesinatos de Midsomer,https://jmp2.uk/plu-5f1aca8310a30e00074fab92.m3u8
Los caballeros del Zodiaco,https://jmp2.uk/plu-680ba8c3a48b3ead0db701cc.m3u8
Los Gipsy Kings (1080p),https://gipsy-kings-rakuten-tv-es.fast.rakuten.tv/v1/master/0547f18649bd788bec7b67b746e47670f558b6b2/production-LiveChannel-6752/master.m3u8
Los Gipsy Kings,https://jmp2.uk/plu-68adc3fdd8f7693ae347a63a.m3u8
Los misterios de Murdoch,https://jmp2.uk/plu-6682bd9b8768aa0008f25be5.m3u8
Los nuevos detectives,https://jmp2.uk/plu-5f1acba0d1f6340007db8843.m3u8
Los Padrinos Mágicos,https://jmp2.uk/plu-6322099c822bbc00074857db.m3u8
Los Pitufos,https://jmp2.uk/plu-68d27949793c71d988ca624c.m3u8
Los Pitufos,https://jmp2.uk/plu-68a3a97fd8f7693ae3f8575f.m3u8
Los Santos TV (720p),https://lstv.duckdns.org:449/hls/lstv.m3u8
LotPlus TV (720p),https://ontvcable.streamottmas.workers.dev/ontvcable.m3u8
Lotte Home Shopping (720p),https://pchlslivesw.lotteimall.com/live/livestream/lotteimalllive_mp4.m3u8
Lotte OneTV (720p),https://onetvhlslive.lotteimall.com/lotteonetvlive/lotteonetvlive.mp4.m3u8
Lotus Macau HD 720p (720p),https://cdn4.skygo.mn/live/disk1/Lotus/HLSv3-FTA/Lotus.m3u8
Louga TV (480p),https://stream.sen-gt.com/Mbacke/myStream/playlist.m3u8
Louis La Brocante,https://jmp2.uk/plu-5f8ed6d569d2d4000864a976.m3u8
Love 2 Hate TV (1080p),https://streams2.sofast.tv/v1/master/611d79b11b77e2f571934fd80ca1413453772ac7/4f3f3fb6-cec9-4a29-bc6c-90685947766e/manifest.m3u8
Love & Hip Hop,https://jmp2.uk/plu-5d51ddf0369acdb278dfb05e.m3u8
Love After Lockup (1080p),https://faedb543.wurl.com/master/f36d25e7e52f1ba8d7e56eb859c636563214f541/U2Ftc3VuZy1nYl9Mb3ZlQWZ0ZXJMb2NrdXBfSExT/playlist.m3u8
Love Boat,https://jmp2.uk/plu-655ca3d1fbc15b00081f1186.m3u8
Love Boat,https://jmp2.uk/plu-654a4cc3f91d250008ac11f6.m3u8
Love Boat,https://jmp2.uk/plu-65cb76723a116800079e1fc3.m3u8
Love Boat,https://jmp2.uk/plu-654a4fe9056b9700088804a0.m3u8
Love Boat,https://jmp2.uk/plu-654a517ff91d250008ac2d4a.m3u8
Love Island Danmark,https://jmp2.uk/plu-61c19bfb3bf4940007804d32.m3u8
Love Island UK,https://jmp2.uk/plu-62bed7cb3279cb0007735327.m3u8
Love Island USA,https://jmp2.uk/plu-695e2857026be6e9d3ad59d3.m3u8
Love Island: All Stars,https://jmp2.uk/plu-68ad8bececd330dcb0f050b5.m3u8
Love Nature (1080p),https://aegis-cloudfront-1.tubi.video/6d6d0f24-8445-4b4c-bdf6-44f9e38beaa4/playlist.m3u8
Love Nature 4K (2160p) [Geo-blocked],https://pb-ehs1glsha1juy.akamaized.net/Love_Nature_4K.m3u8
Love Nature en Espanol (1080p) [Geo-blocked],https://amg01515-amg01515c17-xumo-us-2489.playouts.now.amagi.tv/bamus-lovenaturespanish-roku/playlist.m3u8
Love Pets (1080p),https://amg01576-blueskyeenterta-lovepetsemea-samsungse-ctamh.amagi.tv/playlist/amg01576-blueskyeenterta-lovepetsemea-samsungse/playlist.m3u8
Love Stories TV (720p),https://84e619480232400a842ce499d053458a.mediatailor.us-east-1.amazonaws.com/v1/manifest/04fd913bb278d8775298c26fdca9d9841f37601f/ONO_LoveStoriesTV/18a65393-ba3b-4912-90d5-7188c128ac66/3.m3u8
Love Television (720p),https://streamer2.nexgen.bz/01-LOVE/index.m3u8
Love the Planet (1080p),https://amg01821-lovetvchannels-lovetheplanetuksamsung-samsunguk-apopw.amagi.tv/playlist/amg01821-lovetvchannels-lovetheplanetuksamsung-samsunguk/playlist.m3u8
Love The Planet DE (1080p) [Geo-blocked],https://amg01821-amg01821c12-rlaxx-gb-10461.playouts.now.amagi.tv/playlist.m3u8
Love The Planet ES (1080p) [Geo-blocked],https://amg01821-lovetv-amg01821c9-rlaxx-gb-10458.playouts.now.amagi.tv/playlist.m3u8
Love The Planet IT (1080p) [Geo-blocked],https://amg01821-amg01821c11-rlaxx-gb-10459.playouts.now.amagi.tv/playlist.m3u8
Love TV (1080p) [Not 24/7],https://stream.nasatv.com.mk/lovetv/hls/lovetv_live.m3u8
Loveland TV (Loveland CO) (1080p),https://reflect-cityofloveland-co.cablecast.tv/live-3/live/live.m3u8
Lóverseny közvetítés (420p),http://87.229.103.60:1935/liverelay/loverseny2.sdp/playlist.m3u8
LoveWorld Arabic (360p),https://go5lm6a6dawb-hls-live.5centscdn.com/lwarabic/53132d996b4263ec0d7b602292c46eaf.sdp/playlist.m3u8
LoveWorld Persia (720p),https://cdn3.wowza.com/5/aVJETlF0UFdmYTFu/LWPP/ngrp:persia.stream_all/playlist.m3u8
Loveworld UK (1080p) [Not 24/7],https://cdn3.wowza.com/5/L1Uzd2FrbVlLRG1W/live/smil:lwukweb.smil/playlist.m3u8
LoveWorld USA (720p),https://cdn3.wowza.com/5/RGtVZkFxL3FOQkxX/LWU/ngrp:lwu.stream_all/playlist.m3u8
LoveworldSAT (1080p),https://cdnstack.internetmultimediaonline.org/lwsat/lwsat.stream/index.m3u8
LOZ (Lokale Omroep Zeewolde) (720p),https://5e2b3e3114872.streamlock.net:1443/lozlive/smil:lozlive/playlist.m3u8
LPTV (1080p),https://livestream.telvue.com/lexmedia1/f7b44cfafd5c52223d5498196c8a2e7b.sdp/lexmedia1/stream1/playlist.m3u8
LRT Klasika (1080p),https://stream-live.lrt.lt/klasika/master.m3u8
LRT Lituanica (1080p) [Geo-blocked],https://stream-live.lrt.lt/lituanica/master.m3u8
LRT Opus (1080p),https://stream-live.lrt.lt/opus/master.m3u8
LRT Plius (1080p),http://stream.mcquack.net/353/index.m3u8
LRT Radijas (1080p),https://stream-live.lrt.lt/radijas/master.m3u8
LRT TV (1080p),http://stream.mcquack.net/31/index.m3u8
LS TV (480p),https://livefta.malimarcdn.com/ftaedge00/laostv.sdp/playlist.m3u8
LTN Family (576p),http://103.250.28.74:8000/play/a02j/index.m3u8
LTV (2160p) [Not 24/7],https://live.cdnlivecdn.com/live/c9fe062eed2978749aa00df6485940d298449f5e.m3u8
LTV (720p) [Not 24/7],https://5e85d90130e77.streamlock.net/6022/6022/playlist.m3u8
LTV1 (720p),https://ltvlive3167.bstrm.net/ltvlive/_definst_/ltvlive_ltv06_ltv1_g_x44_43186_default_1326_hls.smil/chunklist.m3u8
LTV1 (1080p),http://stream.mcquack.net/34/index.m3u8
LTV7 (720p),https://ltvlive3167.bstrm.net/ltvlive/_definst_/ltvlive_ltv07_ltv7_g_eb0_43187_default_1327_hls.smil/chunklist.m3u8
LTV7 (1080p),http://stream.mcquack.net/371/index.m3u8
Lucha Libre AAA,https://jmp2.uk/plu-5f99a772c54853000797bf18.m3u8
Lucky Dog (720p),https://d3j95sejv6mybj.cloudfront.net/Lucky_Dog.m3u8
Luksusfælden,https://jmp2.uk/plu-61c19b7785706b00072d421a.m3u8
Luksusfellen,https://jmp2.uk/plu-61c1e060197fe600073c1ffb.m3u8
Luksusfellen Sverige,https://jmp2.uk/plu-61c1e0f1d6d97900076ea16f.m3u8
Luna TV,https://5f22d76e220e1.streamlock.net/lunatv/lunatv/playlist.m3u8
Luna TV Canal 53 (720p),https://tv.wracanal10.com:3671/live/lunatvcanal53live.m3u8
Lupin,https://jmp2.uk/plu-683457e5f59cc6a13212fce4.m3u8
Luxe Fireplace Vibes (1080p) [Geo-blocked],https://pb-0yvknepz2ngjh.akamaized.net/playlist.m3u8
Luxe TV (1080p),http://103.154.3.101:5001/live/1736.m3u8
Luxury Dreams TV (1080p),https://streams2.sofast.tv/v1/master/611d79b11b77e2f571934fd80ca1413453772ac7/2f8307f7-cae4-4b19-afc0-32f4ba4ab4d0/manifest.m3u8
Luyaa TV (480p) [Not 24/7],https://goliveafrica.media:9998/live/659e7c6432815/index.m3u8
Luys TV (1080p),https://b01c02nl.mediatriple.net/videoonlylive/mtpayqrfkgirxelive/broadcast_5e91c5ac96898.smil/playlist.m3u8
Luz Divina TV [Not 24/7],https://tv.wracanal10.com:3776/live/luzdivinatvlive.m3u8
Luz Naciente TV,https://streeming.protoscr.com:3858/live/streeminglive.m3u8
Lyon Capitale TV (180p),https://raw.githubusercontent.com/Sibprod/streams/main/ressources/dm/py/hls/lyoncapitale.m3u8
Lyxfällan,https://jmp2.uk/plu-61c18f62f5acaf0007f83135.m3u8
Lyxfällan Danmark,https://jmp2.uk/plu-61c19165decece0007e9b2f3.m3u8
Lyxfällan Norge,https://jmp2.uk/plu-67f7d328efc5473b6b4ac5f4.m3u8
M1 (1080p),http://stream.mcquack.net/218/index.m3u8
M1 HD,http://88.212.15.19/live/test_m_1_hungary_1200_atk/playlist.m3u8
M2 (1080p),http://88.212.15.19/live/m2_hun/index.m3u8
M2 (1080p),http://stream.mcquack.net/330/index.m3u8
m2o TV (1080p),https://4c4b867c89244861ac216426883d1ad0.msvdn.net/live/S62628868/uhdWBlkC1AoO/playlist.m3u8
M4 Sport,http://88.212.15.19/live/m4_hun/index.m3u8
M5 (1080p),http://88.212.15.19/live/test_m_5_hun_atk_1200/playlist.m3u8
M6 (1080p),http://99.27.51.147:8080/M6/index.m3u8
M6 Music (720p),http://145.239.5.177/320/index.m3u8
M95 Televisión Marbella (1080p) [Not 24/7],https://limited2.todostreaming.es/live/m95-livestream.m3u8
M Entertainment Channel (720p),https://mmtvs.exliatycl.online/mchannel/stream.m3u8
M News (1080p),https://cdn.rabta.stream/M-News/index.m3u8
M Sign Media (720p) [Not 24/7],http://rtmp2.logicwebs.in:1935/msign/msignmedia/playlist.m3u8
M Sports (1080p),https://cdn.rabta.stream/M-Sports/index.m3u8
M-1 (480p),https://m-1.data.lt/m-1/smil:m-1.smil/playlist.m3u8
M-Net HD (720p),http://ares.mnet.mk/hls/mnet.m3u8
M-Net Info,https://live.mnet.mk/hls/mnet-info.m3u8
M-Net Kids (720p),http://ares.mnet.mk/hls/mnet-kids.m3u8
M-Net Sport (720p),http://ares.mnet.mk/hls/mnet-sport.m3u8
Ma'an TV (720p),https://htvmada.mada.ps:4443/maannews/index.m3u8
Maah TV (720p),https://hls.maahtv.live/hls/stream.m3u8
Maasranga TV (1080p),https://owrcovcrpy.gpcdn.net/bpk-tv/1722/output/index.m3u8
MacGyver,https://jmp2.uk/plu-6245ccd0c6cdb800074632e4.m3u8
MacGyver,https://jmp2.uk/plu-68503d585965a2fd49fc2f0b.m3u8
MacGyver,https://jmp2.uk/plu-654a59742c1d33000865a797.m3u8
MacGyver,https://jmp2.uk/plu-654a59d483595c0008187514.m3u8
MacGyver,https://jmp2.uk/plu-63a19eceb3d0eb0007439c34.m3u8
MacGyver,https://jmp2.uk/plu-63eb9dc84e83e70008abea92.m3u8
MacGyver,https://jmp2.uk/plu-63eb95baa99571000898a078.m3u8
Mad Dog and Merrill (540p) [Not 24/7],https://rpn.bozztv.com/gusa/gusa-mwg/index.m3u8
Madani Channel Bangla (1080p),https://streaming.madanichannel.tv/static/streaming-playlists/hls/d3e49b76-ac06-4689-a641-9200445b647f/master.m3u8
Madani Channel English (720p),https://streaming.madanichannel.tv/static/streaming-playlists/hls/c6a600b0-82cb-454a-8953-2bb2bb372edc/master.m3u8
Madani Channel Urdu (720p),https://streaming.madanichannel.tv/static/streaming-playlists/hls/b9790f10-cb0d-4e30-82bf-84a756234e58/master.m3u8
Madani TV (720p),https://stream.asianastream.com/madani/madanitv.smil/playlist.m3u8
Madaniyat va ma'rifat (576p),https://stream8.cinerama.uz/1005/tracks-v1a1/playlist.m3u8
Made in Hollywood,https://connection3-ent-nz.samsung.wurl.tv/playlist.m3u8
MadeinBO TV (1080p),https://srvx1.selftv.video/dmchannel/live/playlist.m3u8
Madha TV,https://cdn-3.pishow.tv/live/1265/master.m3u8
Madhimugam TV (576p),https://yuppparoriglin.akamaized.net/181224/smil:mathimugam.smil/playlist.m3u8?hdnts=st%3D1735898689~exp%3D1835898688~acl%3D%2A~hmac%3Df5fe24724fe05481e3841f9eb5ab8efdee0a3dd83645ae9dcf45703f525bab7b
Madras FM TV (1080p),https://edge12.vedge.infomaniak.com/livecast/ik:madrasfmtv/manifest.m3u8
Madre,https://jmp2.uk/plu-69b32974814d27f4aed90fdd.m3u8
Madu TV (1080p) [Not 24/7],https://re1.siar.us/madutv/hd720/playlist.m3u8
Maestrat TV (1080p),https://stream.maestrat.tv/hls/stream.m3u8
MagellanTV Now (1080p),https://amg00376-magellan-amg00376c5-samsung-au-1708.playouts.now.amagi.tv/playlist/amg00376-magellantv-magellantvnowww-samsungau/playlist.m3u8
Magenta Musik 360 (1080p),https://streaming.magentamusik.de/csm/573870/magentamusik1/index.m3u8
Magic Kids (486p),https://magicstream.ddns.net/magicstream/stream.m3u8
Magic PowerRadio (288p) [Not 24/7],https://server-23.stream-server.nl:1936/Magic-PowerRadio/Magic-PowerRadio/playlist.m3u8
Magic TV (720p),https://bss1.neterra.tv/magictv/magictv.m3u8
Magic TV (720p),https://tv.broadcasting.ro/magictv/925f90db-5c88-4190-a53d-5163cdffe6f4.m3u8
Mágica Tv (1080p),https://magicatv.4pu.com/hls/stream.m3u8
Magna Channel (1080p) [Not 24/7],https://edge.medcom.id/live-edge/smil:magna.smil/playlist.m3u8
Magna Vision (1080p),https://j78dpa3edq5r-hls-live.5centscdn.com/abr/0864028584026e6ad9cdf922473177a4/playlist.m3u8
Magnificent Movies Network,https://mmn1-301f.kxcdn.com/hls/MMN-HLS.m3u8
Magyar Mozi TV,http://88.212.15.19/live/mozi/index.m3u8
Maha Movie (576p),https://cdn-6.pishow.tv/live/10007/master.m3u8
Maha Punjabi,https://cdn-4.pishow.tv/live/1521/master.m3u8
Mahaa Bhakti (1080p),https://mumbai-edge.smartplaytv.in/MahaBhakthi/index.m3u8
Mahaa News,https://cdn-1.pishow.tv/live/401/master.m3u8
Mahaasin TV,https://mahaasintv.livebox.co.in/mahaasintvhls/mahaasintv.m3u8
Mahabad,https://ncdn.telewebion.ir/mahabad/live/playlist.m3u8
Mahalla (576p),https://stream8.cinerama.uz/1013/tracks-v1a1/playlist.m3u8
Mahar TV (720p),https://tv.mahar.live/mahar/website.stream/playlist.m3u8
Mahua Khabar (1080p),https://d35j504z0x2vu2.cloudfront.net/v1/master/0bc8e8376bd8417a1b6761138aa41c26c7309312/mahua-khabar/index.m3u8?ads.vf=cjpu5dTXKAu
Mahua Play (1080p),https://d35j504z0x2vu2.cloudfront.net/v1/master/0bc8e8376bd8417a1b6761138aa41c26c7309312/mahua-play/index.m3u8?ads.vf=ss7qHgRK8R8
Mai dire sì,https://jmp2.uk/plu-6349279ed5023700078f2bc2.m3u8
Maidan (720p),https://live-maidantv.cdnvideo.ru/maidantv/maidantv.smil/playlist.m3u8
Maimon TV Canal 3 (720p) [Not 24/7],https://tele-stream.telecasa.net/live/st3/maimontv-hd/index.m3u8
Maincast Cybersport (1080p),http://stream.mcquack.net/487/index.m3u8
Maincast Sport (1080p),http://stream.mcquack.net/490/index.m3u8
Mais MasterChef Brasil,https://jmp2.uk/plu-681111be5e0764e297fb200e.m3u8
Maison & Travaux TV (288p),https://raw.githubusercontent.com/Sibprod/streams/main/ressources/dm/py/hls/maisonettravaux.m3u8
Majestad Televisión (720p),https://videoserver.tmcreativos.com:19360/majestadtv/majestadtv.m3u8
Majestad Televisión (480p) [Not 24/7],https://livetv.305streamhd.com:3667/live/majestadtvlive.m3u8
Majid Al Mohandis (1080p),https://shd-amg-fast.edgenextcdn.net/tx019/playlist.m3u8
Makan 33 (1080p),https://kancdn.medonecdn.net/livehls/oil/kancdn-live/live/makan/live.livx/playlist.m3u8
Makao TV (1080i),https://live.obslivestream.com/makaomux/index.m3u8
Makina TV (720p) [Not 24/7],https://vdopanel.jlahozconsulting.com:3303/live/makinalive.m3u8
Makkah TV (576p),https://media2.streambrothers.com:1936/8122/8122/playlist.m3u8
Makkal TV (576i),https://5k8q87azdy4v-hls-live.wmncdn.net/MAKKAL/271ddf829afeece44d8732757fba1a66.sdp/playlist.m3u8
Makói Városi (576p),http://makomedia.mikrohalo.hu/hls/makotv.m3u8
Makon TV (576i),https://stream8.cinerama.uz/1497/tracks-v1a1/mono.m3u8
MakroDigital Television (1080p),https://makrodigitaltv.makrodigital.com/makrodigitaltelevision/iptv/playlist.m3u8
Malabar News (720p),http://cloud.logichost.in:1935/live/malabarnews/index.m3u8
Malai Murasu TV (1080p) [Geo-blocked],https://amg17783-amg17783c1-amgplt0173.playout.now3.amagi.tv/playlist/amg17783-amg17783c1-amgplt0173/playlist.m3u8
Malar TV (720p) [Not 24/7],https://cdn-3.pishow.tv/live/473/master.m3u8
Malchin TV (1080p),https://cdn4.skygo.mn/live/disk1/Malchin/DASH-FTA/Malchin.mpd
Maldives TV (720p),https://lana.psm.mv/live/mtv.m3u8
Malta (720p) [Not 24/7],https://webtvstream.bhtelecom.ba/malta.m3u8
Mama (576p),http://stream.mcquack.net/79/index.m3u8
Mama Benz TV (1080p),https://streams2.sofast.tv/v1/master/611d79b11b77e2f571934fd80ca1413453772ac7/65f99e10-8d57-460a-a6be-731d90cfe7b1/manifest.m3u8
Mamer TV (1080p),https://streamer20.multimedia.blue/Eltrona/MamerTV/playlist.m3u8
Man with a Plan,https://jmp2.uk/plu-678f88bb272ded16b1558c5e.m3u8
Man with a Plan,https://jmp2.uk/plu-6825eeeeb19ce6d4a34ebb2a.m3u8
Man with a Plan,https://jmp2.uk/plu-6825efbb9eed174f7ffbe5b0.m3u8
Maná Church Online (1080p) [Not 24/7],https://w2.manasat.com/church-online/smil:church-online.smil/playlist.m3u8
Maná Cirkev Online (1080p) [Not 24/7],https://w2.manasat.com/cirkev-online/smil:cirkev-online.smil/playlist.m3u8
Maná Église Online (1080p) [Not 24/7],https://w2.manasat.com/eglise-online/smil:eglise-online.smil/playlist.m3u8
Maná Iglesia Online (1080p) [Not 24/7],https://w2.manasat.com/iglesia-online/smil:iglesia-online.smil/playlist.m3u8
Maná Igreja Online (1080p) [Not 24/7],https://w1.manasat.com/igrejaonline/smil:igrejaonline.smil/playlist.m3u8
Maná Tserkov' Onlayn (1080p) [Not 24/7],https://w2.manasat.com/tserkov-online/smil:tserkov-online.smil/playlist.m3u8
Manaclar Television [Not 24/7],https://5790d294af2dc.streamlock.net/manaclar/manaclar/playlist.m3u8
Manas TV (1080p),http://212.42.111.152:8080/hls/manas.m3u8
Manatee Schools Television MSTV (Manatee County FL) (1080p),https://reflect-mcsb-vod.cablecast.tv/live-16/live/live.m3u8
Manavisión (480p),https://play.once.net.ec/play/Ily2oYdd3E1fi9wK2zORoRovFU9P5xM0g3CNVK2MT0M/.m3u8
Mango (1080p) [Geo-blocked],https://lb2.pluscdn.pl/ch/1580235/3496/hls/a149fc4b/masterlist.m3u8
Mango Mobile TV (1080p),https://amg01911-mangotv-amg01911c1-xiaomi-in-1270.playouts.now.amagi.tv/playlist/amg01911-mangomassmedia-mangotv-xiaomiin/playlist.m3u8
Mangorn (720p),http://49.0.87.24:1936/HDDragon/Dragon/playlist.m3u8
Mańǵystaý (540p) [Not 24/7],https://stream.kaztrk.kz/regional/mangystautv/index.m3u8
Maniel TV,https://stream.inliveserver.com:19360/8010/8010.m3u8
Mannen som talar med hundar,https://jmp2.uk/plu-6501ae4998020f00085040ed.m3u8
Manorama News (1080p),https://mmtvnews1.akamaized.net/v1/master/673630b269b766886555eebfddd4f27f3de3ab50/mmtvNewsCampaign1/index.m3u8
Manoranjan Grand (720p),https://cdn-1.pishow.tv/live/1011/master.m3u8
Manoranjan Movies (720p),http://103.213.31.109:90/ManoranjanMovies/playlist.m3u8
Manoranjan Prime,https://cdn-4.pishow.tv/live/1474/master.m3u8
Manoranjan TV (720p),http://103.213.31.109:90/ManoranjanTv/playlist.m3u8
Manoto TV,https://ca-rt.onetv.app/manototv/index-0.m3u8?token=%2A%2A%2A
Mantavya News (576p),https://mumt02.tangotv.in/MANTAVYA24X7NEWS/index.m3u8
Manu Chat,https://vmi747311.contaboserver.net/hls/livetv.m3u8
Maqui TV,https://streamyes.alsolnet.com/maquiradio/live/playlist.m3u8
Mar TV (1080p),http://iptv.services.everywan.net:8080/martv-web/video.m3u8
Maray TV,https://5eaccbab48461.streamlock.net:1936/8242/ngrp:8242_all/playlist.m3u8
Maraya (1080p),https://shd-amg-fast.edgenextcdn.net/tx008/playlist.m3u8
Marca TV (1080p),http://200.7.219.221:8088/live/livetv/index.m3u8
Marga Marga TV (720p),https://v1.tustreaming.cl/margamargatv/index.m3u8
Maria Vision (1080p),https://1601580044.rsc.cdn77.org/live/_jcn_/amlst:CHANNEL_2/playlist.m3u8
María Visión Mexico (360p) [Not 24/7],https://1601580044.rsc.cdn77.org/live/_jcn_/amlst:Mariavision/master.m3u8
Maria Vision USA (1080p),https://1601580044.rsc.cdn77.org/live/_jcn_/amls:PALMIAMI/playlist.m3u8
María+Visión Medjugorje (720p),https://1601580044.rsc.cdn77.org/live/_jcn_/amlst:Italiasette/playlist.m3u8
Marina TV (1080p),https://ffs.gulfsat.com/Marina-TV-HD/index.m3u8
Mario Pinto TV (720p) [Not 24/7],https://eu1.servers10.com:8081/8028/index.m3u8
Marjaeyat TV Arabic (1080p),https://livefa.marjaeyattv.com/mtv_ar/playlist.m3u8
Marjaeyat TV English (1080p),https://livefa.marjaeyattv.com/mtv_en/playlist.m3u8
Marjaeyat TV Persian (240p) [Not 24/7],https://livefa.marjaeyattv.com/mtv_fa/playlist.m3u8
Mark Rober TV (1080p),https://d217xu4o9hejvm.cloudfront.net/playlist.m3u8
Marka TV (720p) [Not 24/7],https://5790d294af2dc.streamlock.net/markatv/markatv/playlist.m3u8
Marla Vision (576p) [Not 24/7],https://soportedvb.click:3877/live/merlavisionlive.m3u8
Marquee Sports Network (1080p),https://gpuserver3.tier1streams.com/MARQUEE_SPORTS_NETWORK/index.m3u8
Married... with Children,https://jmp2.uk/plu-66bb3212fe11e5000883ea6b.m3u8
Marsella TV,https://stmv2.voxtvhd.com.br/marsella/marsella/playlist.m3u8
Marsh TV (720p) [Not 24/7],http://cdn.dovecher.tv:8081/live/marsh/playlist.m3u8
Martin County MCTV (Martin County FL) (720p),https://cdn3.wowza.com/5/UWpORHhLSEs5SkJs/martin/G0074_002/playlist.m3u8
Mas23 TV,https://movil.ejeserver.com/live/mas23tv.m3u8
Más adrenalina,https://jmp2.uk/plu-687fea9a4fa995eff284a1c8.m3u8
Más FM 95.9 (720p),https://vivo.solumedia.com:19360/masfm/masfm.m3u8
Mas Norte TV [Not 24/7],https://live.arnoproducciones.com/hls/norte.m3u8
Más Noticias Televisión (720p),https://www.amixtv.com:8081/mntvh/index.m3u8
Más Talk (1080p),https://vod2live.univtec.com/manifest/89290956-94ab-4950-accb-a54bbd7e176f.m3u8
MAS TV,https://cdn.streamhispanatv.net:3011/live/mastvgtlive.m3u8
Masala TV (576p),http://103.250.28.74:8000/play/a02x/index.m3u8
Masha & the Bear (1080p) [Geo-blocked],https://amg01954-amg01954c2-samsung-gb-10391.playouts.now.amagi.tv/ts-eu-w1-n2/playlist/amg01954-animaccordltd-mashaandthebeareng-samsunggb/playlist.m3u8
Mashariki TV (720p) [Not 24/7],https://goliveafrica.media:9998/live/634adc0806f2b/index.m3u8
Mashriq TV (576p),http://103.250.28.74:8000/play/a02s/index.m3u8
MasMusica FM (720p),https://movil.ejeserver.com/live/masmusica.m3u8
Mason TV (1080p),http://stream.mcquack.net/346/index.m3u8
Master TV (720p),https://live-evg5.tv360.bitel.com.pe/bitel/mastertvSRT/playlist.m3u8
Master's TV (720p),https://mn-nl.mncdn.com/commectv_live/masterstv/index.m3u8
MasterChef,https://jmp2.uk/plu-6077045b6031bd00078de127.m3u8
MasterChef Argentina,https://jmp2.uk/plu-69fcaa88e022927e1c94c533.m3u8
MasterChef Brasil Profissionais,https://jmp2.uk/plu-681110afc188aa63faa147e0.m3u8
MasterChef Colombia,https://jmp2.uk/plu-69fcaa71ea95ffff0987f555.m3u8
MasterChef Danmarks største madtalenter,https://jmp2.uk/plu-61c19edbf535220007075c4e.m3u8
Masterchef UK (1080p),https://d1nn4ic5ci0eid.cloudfront.net/MasterchefUKPoweredbyBanijay_GB.m3u8
Mataró Televisió (1080p),https://liveingesta318.cdnmedia.tv/m1tvlive/smil:live.smil/playlist.m3u8?DVR=
Match! Boets (576p),http://stream.mcquack.net/112/index.m3u8
Match! Strana (720p),http://31.148.48.15/Match_Strana/index.m3u8
Match! Ultra (720p),http://stream.mcquack.net/169/index.m3u8
Matched Married Meet (1080p) [Geo-blocked],https://pb-zrn69przatyzi.akamaized.net/Matched_Married_Meet.m3u8
Matched Married Meet by Lifetime (720p),https://jmp2.uk/plu-6887a86be3703b7d42b3eca3.m3u8
MaTele (1080p) [Not 24/7],https://live.matele.be/hls/live.m3u8
Mathrubhumi News (576p) [Not 24/7],https://yuppmedtaorire.akamaized.net/v1/master/a0d007312bfd99c47f76b77ae26b1ccdaae76cb1/mathrubhuminews_nim_https/110322/mathrubhuminews/playlist.m3u8
Matlock,https://jmp2.uk/plu-6850426e53d981d1fdb0d966.m3u8
Matlock,https://jmp2.uk/plu-66290a779e68c20008a18cf3.m3u8
Matlock,https://jmp2.uk/plu-66290b7523e24f000832cc17.m3u8
Matlock,https://jmp2.uk/plu-66290c12801af8000850c1a9.m3u8
Matlock,https://jmp2.uk/plu-63da365f60bc8f0008a50f44.m3u8
Matlock,https://jmp2.uk/plu-60f754f98185580007eb0754.m3u8
Matrix TV Yogyakarta (720p),https://stream.matrixtv.id/hls/0/stream.m3u8
Mattel Jr. (720p),https://dc6v647pwrp79.cloudfront.net/matjr.m3u8
Mattel Junior,https://jmp2.uk/plu-6888928eb52fb742416673d2.m3u8
Mattel Junior,https://jmp2.uk/plu-686e74b0e48af72bc266e798.m3u8
Mattel Junior,https://jmp2.uk/plu-686cfe983ffa5e0c91cdb5df.m3u8
Maulevision (720p),https://v2.tustreaming.cl/maulevisiontv/index.m3u8
Maverick Black Cinema (1080p),https://maverick-maverick-black-cinema-3-us.roku.wurl.tv/playlist.m3u8
MaviKaradeniz (1080p) [Not 24/7],https://live.artidijitalmedya.com/artidijital_mavikaradeniz/mavikaradeniz/playlist.m3u8
Max & Ruby,https://jmp2.uk/plu-62fb6a4feb32e8000708f4d0.m3u8
MAX Anime (1080p),https://cdnlive.klicgo.net/maxanime/live/playlist.m3u8
MAX Eats,https://indihuy.streamized.net/atm/DASH/maxeats/manifest.mpd
MAX Kids,https://indihuy.streamized.net/atm/DASH/indikids/manifest.mpd
MAX Reels,https://indihuy.streamized.net/atm/DASH/useeprime/manifest.mpd
Max Sport 1 (720p),http://213.91.179.28:8000/play/a0as
Max Sport 2 (720p),http://213.91.179.28:8000/play/a0at
Max Sport 3 (720p),http://213.91.179.28:8000/play/a0ar
Max Sport 4,http://213.91.179.28:8000/play/a05n
MAX Sports,https://indihuy.streamized.net/atm/DASH/useesport/manifest.mpd
MAX Streak,https://indihuy.streamized.net/atm/DASH/maxstreak/manifest.mpd
Max TV (1080p),https://streamer2.nexgen.bz/14-MAX/index.m3u8
Maxima TV,https://maximatv.net/hls/stream.m3u8
Maxivisión TV (720p),https://video03.logicahost.com.br/maxivisiontv/maxivisiontv/playlist.m3u8
MaxTV [Not 24/7],https://inliveserver.com:1936/8078/8078/playlist.m3u8
MaxTV/Dieu TV (1080p),https://cdn.katapy.io/cache/stream/katapytv/dieu/playlist.m3u8
Maya Channel,http://146.88.62.69:1935/Transcoder/มายาHD.stream_576p/playlist.m3u8
Maya TV (480p) [Not 24/7],https://media.streambrothers.com:19360/8356/8356.m3u8
Mayday Air Disaster (1080p),https://d1vx4007e1im6x.cloudfront.net/playlist.m3u8
Mayday Air Disaster,https://jmp2.uk/plu-6852811933a52de120f8b89d.m3u8
Mayday: Catastrophe Aérienne (720p),https://jmp2.uk/plu-686e74c777ed3360cb6908bf.m3u8
Mayday: Disastro Aereo (720p),https://jmp2.uk/plu-690cb9140d121b44ad925ac9.m3u8
Mayyazhi (720p) [Not 24/7],http://131.153.22.8:1935/MAYYAZHI/live/playlist.m3u8
Mazhavil Manorama (396p),https://yuppmedtaorire.akamaized.net/v1/master/a0d007312bfd99c47f76b77ae26b1ccdaae76cb1/mazhavilmanorama_nim_https/050522/mazhavilmanorama/playlist.m3u8
Mazhavil Manorama HD (1080p),https://cdn-7.pishow.tv/live/1129/master.m3u8
Mazzika (576p),http://149.100.11.235:8080/Mazzika/index.m3u8
MBC (1080p),https://cdn8.fntvchannel.com/v1/master/02eeb1726c343dc9c30c32e93dee82013e157021/FNTV-CHANNEL_CDN77/index.m3u8
MBC 1 (1080p),https://shd-gcp-live.edgenextcdn.net/live/bitmovin-mbc-1/15cf99af5de54063fdabfefe66adc075/index.m3u8
MBC 1 Egypt (1080p),https://shd-gcp-live.edgenextcdn.net/live/bitmovin-mbc-1-na/eec141533c90dd34722c503a296dd0d8/index.m3u8
MBC 1 USA (1080p) [Geo-blocked],https://shd-gcp-live.edgenextcdn.net/live/bitmovin-mbc-1-usa/fdac3a4fc0473f1f56e07ec1d63a4b7b/index.m3u8
MBC 3 USA (1080p) [Geo-blocked],https://shd-gcp-live.edgenextcdn.net/live/bitmovin-mbc-3-usa/5d58265a862a476dc7f97694addb5ded/index.m3u8
MBC 4 (1080p),https://shd-gcp-live.edgenextcdn.net/live/bitmovin-mbc-4/24f134f1cd63db9346439e96b86ca6ed/index.m3u8
MBC 5 (1080p),https://shd-gcp-live.edgenextcdn.net/live/bitmovin-mbc-5/ee6b000cee0629411b666ab26cb13e9b/index.m3u8
MBC America (1080p),https://cdn-us-east-prod-ingest-infra-dacast-com.akamaized.net/624ff8f9-db18-da92-4d42-896fa2ff3eb3/source/index.m3u8
MBC Andong (안동 MBC) (360p) [Not 24/7],http://andong.webcasting.co.kr/live/mbc/playlist.m3u8
MBC Bollywood (1080p) [Geo-blocked],https://shd-gcp-live.edgenextcdn.net/live/bitmovin-mbc-bollywood/546eb40d7dcf9a209255dd2496903764/index.m3u8
MBC Brasil TV,https://play.mbcbrasil.tv.br/playlist.m3u8
MBC Busan (부산MBC) (360p) [Not 24/7],https://stream.bsmbc.com/livetv/BusanMBC_TV_onairstream/playlist.m3u8
MBC Chuncheon (춘천 MBC) (480p) [Not 24/7],https://stream.chmbc.co.kr/TV/myStream/playlist.m3u8
MBC Chungbuk (MBC 충북) (720p) [Not 24/7],http://211.33.246.4:32954/cj_live/myStream.sdp/playlist.m3u8
MBC Daegu (대구 MBC) (480p) [Not 24/7],https://5ee1ec6f32118.streamlock.net/live/livetv/playlist.m3u8
MBC Daejeon (대전 MBC) (720p) [Not 24/7],https://ns1.tjmbc.co.kr/live/myStream.sdp/playlist.m3u8
MBC Drama (1080p),https://shd-gcp-live.edgenextcdn.net/live/bitmovin-mbc-drama/2c28a458e2f3253e678b07ac7d13fe71/index.m3u8
MBC Drama (480p) [Geo-blocked],http://mytv.dothome.co.kr/ch/catv/26.php
MBC Drama USA (1080p),https://shd-gcp-live.edgenextcdn.net/live/bitmovin-mbc-drama-usa/ea2f5db904aff224b7066e59c7f585a2/index.m3u8
MBC FM (1080p),https://dbbv9umqcd7cs.cloudfront.net/out/v1/db15b75c3cc0400c91961468d6a232ac/index.m3u8
MBC Gangwon (MBC 강원영동) (1080p) [Not 24/7],http://123.254.93.7:1935/tvlive/livestream2/playlist.m3u8
MBC Gwangju (광주 MBC) (1080p) [Geo-blocked] [Not 24/7],https://media.kjmbc.co.kr/hls/live/stream/playlist.m3u8
MBC Gyeongnam (경남 MBC) (1080p) [Not 24/7],https://624a79c87201d.streamlock.net/MBCTV/TV1.stream/playlist.m3u8
MBC Iraq (1080p),https://shd-gcp-live.edgenextcdn.net/live/bitmovin-mbc-iraq/e38c44b1b43474e1c39cb5b90203691e/index.m3u8
MBC Jeju (제주 MBC) (352p) [Not 24/7],https://wowza.jejumbc.com/live/tv_jejumbc/playlist.m3u8
MBC Jeonju (450p),https://5ee9633b25727.streamlock.net/jmbc_tv/_definst_/jmbc_tv.stream/playlist.m3u8
MBC Masr (1080p),https://shd-gcp-live.edgenextcdn.net/live/bitmovin-mbc-masr/956eac069c78a35d47245db6cdbb1575/index.m3u8
MBC Masr 2 (1080p),https://shd-gcp-live.edgenextcdn.net/live/bitmovin-mbc-masr-2/754931856515075b0aabf0e583495c68/index.m3u8
MBC Masr Drama (1080p),https://shd-gcp-live.edgenextcdn.net/live/bitmovin-mbc-masr-drama/567b703c19ede6598222de81b0e4508b/index.m3u8
MBC Masr USA (1080p),https://shd-gcp-live.edgenextcdn.net/live/bitmovin-mbc-masr-usa/cd8d40acdab28aac0582faa3bd3983f1/index.m3u8
MBC Mokpo (목포 MBC) (720p) [Not 24/7],http://vod.mpmbc.co.kr:1935/live/encoder-tv/playlist.m3u8
MBC Mood (1080p),https://shd-gcp-live.edgenextcdn.net/live/bitmovin-mbc-mood/78367bf48ccdba501d0d014a10c21031/index.m3u8
MBC Mood (1080p),https://shd-gcp-live.edgenextcdn.net/live/bitmovin-wanasah/13e82ea6232fa647c43b26e8a41f173d/index.m3u8
MBC Net (480p) [Geo-blocked],http://mytv.dothome.co.kr/ch/catv/28.php
MBC Persia (1080p),https://shd-gcp-live.edgenextcdn.net/live/bitmovin-mbc-persia/818ee8e4b592dc497608f066d825bfb4/index.m3u8
MBC Yeosu (여수 MBC) (1080p) [Not 24/7],https://5c3639aa99149.streamlock.net/live_TV/tv/playlist.m3u8
MBC+ Drama (1080p),https://shd-gcp-live.edgenextcdn.net/live/bitmovin-mbc-plus-drama/e37251ec2aac8f6c98f75cd0fa37cd28/index.m3u8
MBG TV (1080p),https://stream.convergen.co/mbg_stream/smil:mbStream.smil/playlist.m3u8
MC TV (720p),https://rrr.sz.xlcdn.com/?account=mceutv&file=mc2&output=playlist.m3u8&protocol=https&service=wowza&type=live
MCI Televisión (1080p),https://video.ejeserver.com/live/mcitelevision.m3u8
MCJ TV,https://raw.githubusercontent.com/UzunMuhalefet/streams/refs/heads/main/myvideo-az/mcj-tv-shop.m3u8
Mcleod's Daughters (1080p),https://amg00627-amg00627c5-samsung-nz-2807.playouts.now.amagi.tv/playlist/amg00627-banijayfast-mcleodsdaughters-samsungnz/playlist.m3u8
McLeods døtre & Grantchester,https://jmp2.uk/plu-65ba4db63ef47d000837b535.m3u8
McLeods Töchter,https://jmp2.uk/plu-66c6fcfc6838ee00085beb1a.m3u8
MCM Pop,http://rjcf.ofztvxv.top:8080/kang/71267133/99554
MCM Top (1080p),http://89.33.29.118/MCM/index.m3u8
MCM Top (576p),http://46.32.176.50/mcmtop/index.m3u8
MCN6 (1080p) [Not 24/7],https://d18fcxaqfnwjhj.cloudfront.net/CDN_Ingest/MCN6_MAIN.smil/Playlist.m3u8
MCN6 Arts Channel (1080p) [Not 24/7],https://d18fcxaqfnwjhj.cloudfront.net/CDN_Ingest/MCN6_COMEDY.smil/Playlist.m3u8
MCN6 Music Channel (1080p) [Not 24/7],https://d18fcxaqfnwjhj.cloudfront.net/CDN_Ingest/MCN6_MUSIC.smil/Playlist.m3u8
MCN Television (720p),https://eu1.servers10.com:8081/8338/index.m3u8
MCOT HD,https://mcothd-streaming-edge-cdn.mcot.net/tencentmcot/smil:tencentmcot.smil/playlist.m3u8
MCOT HD,https://lb1-live-mv.v2h-cdn.com/hls/ffbb/gdhk/gdhk.m3u8
MCS (720p),https://l1-xl1.myanmarnet.com/relay2/mcs/ch1/stream.m3u8
MDF.1 (1080p),http://58bd5b7a98e04.streamlock.net/medienasa-live/mdf1_high/playlist.m3u8
MDL (720p),http://tv.mondeduloisir.fr:1935/tixtv/smil:web.smil/playlist.m3u8
MDR Fernsehen Sachsen (1080p) [Geo-blocked],https://mdrtvsnhls.akamaized.net/hls/live/2016928/mdrtvsn/index.m3u8
MDR Fernsehen Sachsen-Anhalt (1080p) [Geo-blocked],https://mdrtvsahls.akamaized.net/hls/live/2016879/mdrtvsa/index.m3u8
MDR Fernsehen Thüringen (1080p) [Geo-blocked],https://mdrtvthhls.akamaized.net/hls/live/2016880/mdrtvth/index.m3u8
MDTV (1080p),https://wahyu1ptv.pages.dev/MDTV-HD.m3u8
MeatEater (1080p),https://d7hbn1ntae5ib.cloudfront.net/playlist.m3u8
Mechplus (720p),https://mechtvltd-mechplus-1-dk.samsung.wurl.tv/playlist.m3u8
Mechplus (720p),https://mechtvltd-mechplus-1-fi.samsung.wurl.tv/playlist.m3u8
Mechplus (720p),https://mechtvltd-mechplus-1-nl.samsung.wurl.tv/playlist.m3u8
Mechplus (720p),https://mechtvltd-mechplus-1-no.samsung.wurl.tv/playlist.m3u8
Mechplus (720p),https://mechtvltd-mechplus-1-se.samsung.wurl.tv/playlist.m3u8
Med kniven for struben,https://jmp2.uk/plu-63e3b33e8795f300087e6a46.m3u8
Med Muzik (1080p),http://54.36.110.140/live3/live3.m3u8
Medeniyyet TV (1080p),https://str.yodacdn.net/medeniyyettele/index.m3u8
Medi1TV Afrique (1080p),https://cdn.live.easybroadcast.io/abr_corp/83_medi1tv-afrique_tm7tu45/playlist.m3u8
Medi 1 TV Arabic (1080p),https://cdn.live.easybroadcast.io/abr_corp/83_medi1tv-arabic_g90v4ec/playlist.m3u8
Medi 1 TV Maghreb (1080p),https://cdn.live.easybroadcast.io/abr_corp/83_medi1tv-maghreb_jnbspmg/playlist.m3u8
Media One (720p),https://cdn-3.pishow.tv/live/1481/master.m3u8
Media TV (720p),https://live-evg5.tv360.bitel.com.pe/bitel/mediatv/playlist.m3u8
Mediacorp Entertainment – Chinese (1080p),https://d35j504z0x2vu2.cloudfront.net/v1/master/0bc8e8376bd8417a1b6761138aa41c26c7309312/mediacorp-entertainment-chinese/manifest.m3u8?ads.vf=5mohxYauw_q
Mediacorp Entertainment – English (1080p),https://d35j504z0x2vu2.cloudfront.net/v1/master/0bc8e8376bd8417a1b6761138aa41c26c7309312/mediacorp-entertainment-english/manifest.m3u8?ads.vf=g48qoh_qHLS
Mediacorp Entertainment – Tamil (1080p),https://d35j504z0x2vu2.cloudfront.net/v1/master/0bc8e8376bd8417a1b6761138aa41c26c7309312/mediacorp-entertainment-tamil/manifest.m3u8?ads.vf=7NuondEN9pK
Mediano TV,https://jmp2.uk/plu-66952e1ed512590008867b5a.m3u8
Mediaset Extra,http://91.146.94.234:10001/play/a03m
Mediaset Italia (1080p),https://d3k8wzt41aflvx.cloudfront.net/MediasetEU/Live.m3u8
Mediaset Italia Australia (1080p),https://d3k8wzt41aflvx.cloudfront.net/Mediaset_AU/Live.m3u8
Mediaset Italia USA (1080p),https://d3k8wzt41aflvx.cloudfront.net/MediasetUSA/Live.m3u8
MediBizTV (720p),https://43wrzjnpqoxe-hls-live.wmncdn.net/marinebiztvlive/marinebiztvlive/playlist.m3u8
Medical Detectives (720p),https://d1si3n1st4nkgb.cloudfront.net/10502/88896051/hls/master.m3u8?ads.xumo_channelId=88896051
Medical Detectives,https://jmp2.uk/plu-68d113f9184f1a0620c8101c.m3u8
MediCOOL TV,https://dai.google.com/linear/hls/pa/event/dpT7XJvhSzm5-pQkjgqRtg/stream/851625d8-0bfe-4ea1-a924-ddb3ff4d1e53:GRQ/master.m3u8
MediterraniaTV (1080p),https://59bb40cf810aa.streamlock.net:4443/streamingvincente/streamingvincente/playlist.m3u8
Medium,https://jmp2.uk/plu-6578808014fbe400086e21bc.m3u8
Medium,https://jmp2.uk/plu-68f0f54ca362b63a8df4d5a9.m3u8
Medium,https://jmp2.uk/plu-68f0f602a362b63a8df4efb4.m3u8
Medium,https://jmp2.uk/plu-68f0f642a25ba0aab3e64e66.m3u8
Medjugorje Italia TV (480p),https://5f22d76e220e1.streamlock.net/medjugorjeitaliatv/medjugorjeitaliatv/playlist.m3u8
Meer TV (720p) [Not 24/7],https://593aed234297b.streamlock.net/meervandaag/meervandaag/playlist.m3u8
Meet Marry Murder,https://jmp2.uk/plu-691b453846ca5e6d1665f03b.m3u8
Mega (1080p),http://45.162.193.35/MEGAHD/index.m3u8
Mega (720p),https://cdn15.live-tv.cloud/ua_infinitas_tv/mega-abr/playlist.m3u8
Mega 2 (1080p),http://15.204.246.24:8080/Mega2HD/index.m3u8
Mega Channel (720p),http://185.102.171.218/MegaHD/index.m3u8
Mega Cine TV (1080p),https://cnn.hostlagarto.com/megacinetv/playlist.m3u8
Mega TV (1080p),https://www.desde-paraguay.com/mega.m3u8
Mega TV Jaen (720p),https://live-evg5.tv360.bitel.com.pe/bitel/megatv/playlist.m3u8
MegaBox (720p) [Not 24/7],https://hdbox.chunklistv.com/live?stream=megabox
Meganoticias (1080p),https://ythls.armelin.one/channel/UCkccyEbqhhM3uKOI6Shm-4Q.m3u8
Megapix (720p),http://177.52.24.163/MEGAPIX-HD/index.m3u8
MegaTV (576p),http://tv.istbolivia.com:1935/megatv/megatv/playlist.m3u8
Megavision (720p),https://twitch-m3u8.bastypro112.workers.dev/megavisionbo/index.m3u8
Megavisión Canal 19 (720p),https://mgvchannel19-ioriver-cdn.encoders.immergo.tv/master.m3u8
Megavisión Canal 21 (720p),https://mgvchannel21-ioriver-cdn.encoders.immergo.tv/master.m3u8
Megavisión TV (480p),http://server3.prostudionetwork.com:1943/megavision/MV/playlist.m3u8
Mehran TV (576p),http://103.250.28.74:8000/play/a00m/index.m3u8
Meie TV Mali,https://meietv.eglisemeiemali.org/hls/meie.m3u8
Mekameleen TV (1080p),https://mn-nl.mncdn.com/mekameleen/smil:mekameleentv.smil/playlist.m3u8
Mel Radio TV (360p),https://eu1.servers10.com:8081/8334/index.m3u8
Melody (288p),https://raw.githubusercontent.com/Sibprod/streams/main/ressources/dm/py/hls/radiokaraoke.m3u8
Melody FM Jordan (720p) [Not 24/7],https://cdn3.wowza.com/1/OVRrOWxXUEswS2Yv/eGVxSWZy/hls/live/playlist.m3u8
Melrose Place,https://jmp2.uk/plu-64be745340962900080b55e7.m3u8
Meltem TV (1080p),https://vhxyrsly.rocketcdn.com/meltemtv/playlist.m3u8
Men's UP TV (288p),https://raw.githubusercontent.com/Sibprod/streams/main/ressources/dm/py/hls/mensuptv.m3u8
Mercan TV (576p) [Not 24/7],https://live.artidijitalmedya.com/artidijital_mercantv/mercantv/playlist.m3u8
Mercurio Noticias,https://videostream.shockmedia.com.ar/hls/mercuriotv/mercuriotv.m3u8
Mercury+ (1080p),https://streams2.sofast.tv/sofastplayout/b7867c83-0c17-4de2-a74b-beb972c4f342_1000015693_HLS/master.m3u8
Mercy TV (1080p),https://5dd3981940faa.streamlock.net/mercytv/mercytv/playlist.m3u8
Mercy TV,https://cdn-cloudfront.eu-central-1.prod.ingest.aws-infra.dacast.com/live/bff8bd53-ee89-2c76-6a51-95a0003f7d96/master.m3u8
Mereja TV (1080p) [Not 24/7],https://rumble.com/live-hls-dvr/4c14o3/playlist.m3u8
Merhaba Türkische Serien (720p),https://jmp2.uk/plu-6864e8f264d94c1425fb4563.m3u8
Meridiano TV (576p),http://181.78.8.199:8000/play/a0fr/index.m3u8
Merlí,https://jmp2.uk/plu-683457aebbc703dfd45a89eb.m3u8
Merry Christmas from Viafree,https://jmp2.uk/plu-63048147b09fd60007847a08.m3u8
Merry Christmas from Viafree,https://jmp2.uk/plu-63047bd6b0726b000795341d.m3u8
Merry Christmas from Viafree,https://jmp2.uk/plu-6304854ac6073d0007259fe1.m3u8
MERU TV (720p) [Not 24/7],https://goliveafrica.media:9998/live/628e5c1991061/index.m3u8
Merwe TV (720p),https://d2ycaxub5x98iw.cloudfront.net/nlpo/clr-nlpo/merwetv/index.m3u8
Mesogeios TV (720p),https://rtmp.win:3793/live/mesogeiostvlive.m3u8
Messatida TV (720p),https://rtmp.streams.ovh:8081/mtv/index.m3u8
Meta Film TV,https://metafilmhls.wns.live/hls/stream.m3u8
Metal Rocks (720p),https://jmp2.uk/plu-686cd8bb9d079f48dbbdfecb.m3u8
Metaleitor TV,https://vs20.live.opencaster.com/metaleitortv_423d3342/index.m3u8
Meteonews (1080p),https://streaming.meteonews.net/hls/stream.m3u8
Metro (1080p),https://edgectc.com/METRO/index.m3u8
Metro1 News (576p),http://103.250.28.74:8000/play/a04u/index.m3u8
Metro TV (720p),https://streamtv12.ddns.net:5443/LiveApp/streams/193945633734205616732920.m3u8
Metro TV (720p),https://s.emisoras.tv:8081/metrotv/index.m3u8
Metro TV,https://edge.medcom.id/live-edge/smil:metro.smil/playlist.m3u8
Metro TV (1080p),https://mercury.streambridge.link:8042/telugu/metrotv/index.m3u8
Metropola TV (1080p) [Not 24/7],https://www.livemetropolatv.ro/MetropolaTV/Metro/playlist.m3u8
Metropoli Medios TV (720p),https://eu1.servers10.com:8081/8214/index.m3u8
Metropolitana del Cuzco,https://video1.earthcam.com/myearthcam/075ff02f78c35af55564cf3af3b3f750.flv/playlist.m3u8
MeTV (720p),http://40.160.24.53/METV/index.m3u8
METV HD (1080p),http://maxotts.maxdigitaltv.com/x-media/C168/master.m3u8
MeTV+ (720p),http://40.160.24.53/METV_Plus/index.m3u8
meWATCH LIVE 1 (1080p),https://tglmp04.akamaized.net/out/v1/898b1cbac7c747e3b1f3deb460e9b67e/manifest.mpd
Mexiquense TV (720p),https://5e50264bd6766.streamlock.net/mexiquense/videomexiquense/playlist.m3u8
Mezőkövesdi Televízió (360p),https://cloudfront44.lexanetwork.com:1344/freerelay/mezokovesdvtv.sdp/playlist.m3u8
Mezzo (1080p),https://live-3.otcnet.ru/Mezzo/index.m3u8
Mezzo Live (1080p),http://stream.mcquack.net/276/index.m3u8
mfm (1080p),https://hms.pfs.gdn/hms/v1/broadcast/hlmvmp2hfriode891/playlist.m3u8
MGI TV (720p) [Geo-blocked],https://tv.rodja.live/tasik/ngrp:mgitv_all/playlist.m3u8
MGM+ (1080p),https://gpuserver3.tier1streams.com/EPIX/index.m3u8
MGM+ Drive-In (720p),https://gpuserver3.tier1streams.com/EPIX_DRIVE-IN/index.m3u8
MGSTV (360p) [Not 24/7],https://mgstv.siar.us/live/mgstv.m3u8
Mh 1 News (360p),https://livestream.jswk.online/mhonenews/live/index.m3u8
MHZ,https://mhz-samsung-linear-ca.samsung.wurl.tv/playlist.m3u8
MHz Mysteries (720p),https://mhz-samsung-linear-us.samsung.wurl.tv/playlist.m3u8
Mi Bella Genio,https://jmp2.uk/plu-68ffc086a530e036bc8f0305.m3u8
Mi Coche Clásico,https://jmp2.uk/plu-656e2536fbc15b00084ae29d.m3u8
Mi Extraña Obsesión,https://jmp2.uk/plu-60e4573c9f963e00077ecf25.m3u8
Mi Miedo Canal (1080p),https://streams2.sofast.tv/sofast3/v1/019835b204cf1ea50649363a59b188/019835c7f7dd1ea506ec3d330f48ad/playlist.m3u8
Mi Radio TV,https://scl.edge.grupoz.cl/miradio2/live/playlist.m3u8
Mi Raza Canal (1080p),https://streams2.sofast.tv/umaxx/v1/01971c1e82751ebd47042b72b0c032/01971c2023791ea506492f5bf73b63/playlist.m3u8
Mi Raza Canal Plus (1080p),https://streams2.sofast.tv/sofast3/v1/019835b55bef1ebd4704326f84ec86/019835ca63dd1ebd416a5a78cf461/playlist.m3u8
MI Turno TV,https://video.udwn.net:19360/miturnotv/miturnotv.m3u8
Miami Beach Tv (MBTV) (Miami Beach FL) (720p),https://edge-f.swagit.com/live/miamibeachfl/live-1-a/playlist.m3u8
Miavision TV (1080p) [Not 24/7],https://edge.essastream.com/miavisiontv/playlist.m3u8
Microvision 10 (720p) [Not 24/7],https://streaming.telecablecentral.com.do/live/MicroHD/playlist.m3u8
Micto (360p),http://93.78.206.172:8080/stream3/stream.m3u8
Middle East TV (1080p),https://content.uplynk.com/channel/9d35b73c264946d5945db6cdff26336e.m3u8
Midnight Pulp (1080p),https://linear-897.frequency.stream/dist/cineverse/897/hls/master/playlist.m3u8
Midpen Media Center Arts Issues and Lifestyles Channel 30 (720p),https://5c2974786200d.streamlock.net/live-chan30/ngrp:ch30_all/playlist.m3u8
Midpen Media Center Diversity and Culture Channel 75 (720p),https://5c2974786200d.streamlock.net/live-chan75/ngrp:ch75_all/playlist.m3u8
Midpen Media Center Government etc Channel 26 (720p),https://5c2974786200d.streamlock.net/live-chan26/ngrp:ch26_all/playlist.m3u8
Midpen Media Center Government etc Channel 29 (720p),https://5c2974786200d.streamlock.net/live-chan29/ngrp:ch29_all/playlist.m3u8
Midpen Media Center Youth Education and Sports Channel 28 (720p),https://5c2974786200d.streamlock.net/live-chan28/ngrp:ch28_all/playlist.m3u8
Midsomer Murders (1080p),https://all3media-midsomer-1-us.roku.wurl.tv/playlist.m3u8
Miel TV (720p),https://live-evg5.tv360.bitel.com.pe/bitel/mieltvSRT/playlist.m3u8
MierschTV (1080p),https://streamer20.multimedia.blue/Eltrona/merschTV/playlist.m3u8
Mihan TV,https://iptv.mihantv.com/mihantv/playlist.m3u8
Mijas 3.40TV (720p),https://streaming004.gestec-video.com/hls/MIJAS.m3u8
Mikuba TV (480p) [Not 24/7],http://51.254.199.122:8080/MIKUBATV/index.m3u8
Milenial TV,https://www.milenial.news/salida/milenial.m3u8
Milenio Televisión (720p),https://jmp2.uk/plu-652e922db4b047000825f975.m3u8
Milennio TV (720p),https://videostream.shockmedia.com.ar:19360/milenniotv/milenniotv.m3u8
Military Heroes (1080p),https://d25lps4m0jar17.cloudfront.net/Military_Heroes.m3u8
Millbrae Community Television (720p),https://685c08ed6d81a.streamlock.net/live/mp4:MCTV_aac/playlist.m3u8
Millenium 109 FM,https://videoserver.tmcreativos.com:19360/nqvnhujhrx/nqvnhujhrx.m3u8
Million Dollar Dream Home (1080p) [Geo-blocked],https://pb-tc6lcocnesxgi.akamaized.net/playlist.m3u8
Million Dollar Listing (720p),https://jmp2.uk/plu-677fb3432952c1163bf1a539.m3u8
Million Dollar Listing Vault (1080p),https://xumo-xumoent-ch838-coy7x.fast.nbcuni.com/live/master.m3u8
Million Dollar Listing Vault (720p),https://jmp2.uk/plu-6549322e53fc97000838febc.m3u8
Milliy (1080p),https://stream8.cinerama.uz/1014/tracks-v1a1/playlist.m3u8
Mindanow Network TV (1080p),https://cdn.vegasplus.us/vegas/mmn01/playlist.m3u8
MINFAV TV,https://mp.panelchs.com:1936/8044/8044/playlist.m3u8
Minformo TV (720p),https://5db313b643fd8.streamlock.net/MinformoTV/MinformoTV/playlist.m3u8
Minika Cocuk (720p),https://rnttwmjcin.turknet.ercdn.net/lcpmvefbyo/minikago_cocuk/minikago_cocuk.m3u8
Minika Go (720p),https://rnttwmjcin.turknet.ercdn.net/lcpmvefbyo/minikago/minikago.m3u8
Minimax,http://88.212.15.19/live/minimax_hun/index.m3u8
Minimax (360p),https://vodzong.mjunoon.tv:8087/streamtest/disckids-157-1/playlist.m3u8
Minimax (576p) (576p),http://88.212.15.19/live/test_minimax/playlist.m3u8
Ministerio La Voz De Un Remanente TV,https://vs20.live.opencaster.com/remanente_5925b089/index.m3u8
Minuto Para Ganar,https://jmp2.uk/plu-5e46e64dc73db400094b5f0b.m3u8
Mir HD (1080p) [Not 24/7],http://hls.mirtv.cdnvideo.ru/mirtv-parampublish/mirtv_2500/playlist.m3u8
Mir Kazakhstan (576p),http://tvcdn01.esilnet.kz/tv/mir/index.m3u8
Miracle TV (1080p),https://live.miracleonline.org/hls/miracle1.m3u8
Miracle TV (480p),https://viewmedia7219.bozztv.com/wmedia/viewmedia100/web_030/Stream/playlist.m3u8
Miracle TV+ (720p),https://strhlslb01.streamakaci.tv/str_mtv_mtv/str_mtv_multi/playlist.m3u8
Miramax Channel (1080p) [Geo-blocked],https://pb-w5d3w3kisxahy.akamaized.net/playlist.m3u8
Mírame TV (360p) [Not 24/7],https://bit.controlstreams.com:5443/LiveApp/streams/mirametv.m3u8
Miras (406p) [Not 24/7],https://alpha.tv.online.tm/hls/ch003.m3u8
Mireasa (720p),https://stream1.antenaplay.ro/live/MireasaExtra/playlist.m3u8
Mirror Now (720p),https://dai.google.com/linear/hls/event/ClPOullTQky5vGPf7fMZ8g/master.m3u8
MIS Televizija (720p) [Not 24/7],https://5afd52b55ff79.streamlock.net/MISTV/myStream/playlist.m3u8
MISA TV,https://vidl.misatv.ro:5050/MSTV/romanian_720p_baseline/playlist.m3u8
Mishapi Voice TV (1080p),https://tnt-television.com/MISHAPI-STREAM1/index.m3u8
Mision ELTV (720p),https://rd.tvabierta.net/live/misioneltv.m3u8
Misiones Cuatro,https://iptv.ixfo.com.ar:30443/live-HD/MISIONES4/playlist.m3u8
Mission Asia (1080p),https://livecdn.live247stream.com/missionasia/tv/playlist.m3u8
Mission Impossible,https://jmp2.uk/plu-634fe5afece2e60007c9d8b8.m3u8
Mission Impossible,https://jmp2.uk/plu-6671b21ffc3a46000857fe75.m3u8
Mission Impossible,https://jmp2.uk/plu-62ab579258cb950007811aad.m3u8
Mission Impossible,https://jmp2.uk/plu-65cb77853ba51e00084cba02.m3u8
Mission Impossible,https://jmp2.uk/plu-6478a9e4f77b61000817034b.m3u8
Mission Impossible,https://jmp2.uk/plu-639b4eb4da3fda0008036f6e.m3u8
Mission Impossible,https://jmp2.uk/plu-639b4f14be012600070fe1be.m3u8
Mission Impossible,https://jmp2.uk/plu-62ea43aa0c43540007f2db96.m3u8
Mission Impossible,https://jmp2.uk/plu-5f77977bd924d80007eee60c.m3u8
Mission TV (1080p) [Not 24/7],https://6096a9cf11ae5.streamlock.net:1943/live/missiontv/playlist.m3u8
Missions,https://jmp2.uk/plu-6824539e1295f98347e95242.m3u8
Mister Rogers' Neighborhood,https://jmp2.uk/plu-65e23f340d4561000821540d.m3u8
Misterios Medicos,https://jmp2.uk/plu-5f230e416b68ff00075b0139.m3u8
Mistérios sem Solução,https://jmp2.uk/plu-62b5c5a064163d0007b2efe6.m3u8
Misterios sin Resolver,https://jmp2.uk/plu-5f610042272f68000867685b.m3u8
Mit plastikmareridt,https://jmp2.uk/plu-643814ef479f6400086ff043.m3u8
Mithila Nepal TV (1080p),http://150.107.205.212:1935/live/mithila/playlist.m3u8?DVR=
MitosTV (720p),https://live-evg5.tv360.bitel.com.pe/bitel/monitortvSRT/playlist.m3u8
MiTV (720p),https://rds3.desdeparaguay.net/mitv/mitv/playlist.m3u8
Mix Hollywood (1080p),https://ml-pull-hwc.myco.io/MixTV/hls/index.m3u8
Mixkurdy (1080p),https://avr.host247.net/live/Mix-kurdy/playlist.m3u8
MK Six (720p) [Not 24/7],https://cdn-3.pishow.tv/live/1253/master.m3u8
MKK Web TV (720p) [Not 24/7],https://video01.logicahost.com.br/mkkwebtv/mkkwebtv/playlist.m3u8
ML5 TV (480p),https://ms7.mx-cd.net/dtv-02/204-1147034/3ML_TV.smil/playlist.m3u8
MLB Channel (1080p) [Geo-blocked],https://pb-2y9ox4r1fy550.akamaized.net/playlist.m3u8
MLB Network (1080p),https://gpuserver3.tier1streams.com/MLB_Network/index.m3u8
MLB Strike Zone (720p),http://23.237.104.106:8080/USA_MLB_STRIKE_ZONE/index.m3u8
MMA TV.com (1080p),https://streams2.sofast.tv/vglive-sk-462904/playlist.m3u8
MMA-TV (576p),http://31.148.48.15/M1_Global/index.m3u8
MMTV (1080p),https://sendlive.online/hls/mmtv.m3u8
MN25 (1080p),https://cdn4.skygo.mn/live/disk1/MN25/DASH-FTA/MN25.mpd
MN+,https://cdn4.skygo.mn/live/disk1/MNplus91/HLSv3-FTA/MNplus91.m3u8
Mňau TV (1080p),https://5ca49f2417d90.streamlock.net/mnau/livestream/playlist.m3u8
MNB (1080p),https://cdn4.skygo.mn/live/disk1/MNB/DASH-FTA/MNB.mpd
MNB Family,https://live.mnb.mn/hls/mnb_family.stream.m3u8
MNB Sport (1080p),https://live.mnb.mn/hls/mnb_sport.stream.m3u8
MNB World (1080p),https://cdn4.skygo.mn/live/disk1/MNB_World/DASH-FTA/MNB_World.mpd
MNB Гэр бүл (1080p),https://cdn4.skygo.mn/live/disk1/MNB_Family/DASH-FTA/MNB_Family.mpd
MNB Гэр бүл (1080p),https://cdn4.skygo.mn/live/disk1/MNB_Family/HLSv3-FTA/MNB_Family.m3u8
MNB Монголын Мэдээ (1080p),https://cdn4.skygo.mn/live/disk1/MNB2/DASH-FTA/MNB2.mpd
MNC (1080p),https://cdn4.skygo.mn/live/disk1/MNCTV/DASH-FTA/MNCTV.mpd
MNCTV (720p),https://indihuy.streamized.net/atm/DASH/mnctv/manifest.mpd
MNM (720p),https://live-radio-cf-vrt.akamaized.net/groupa/live/bac277a1-306d-44a0-8e2e-e5b9c07fa270/live.isml/.m3u8
MNTV (1080p),https://mntv.livebox.co.in/mntvhls/live.m3u8
MNTV,https://www.khuwemultimedia.com/hls/mntv/mntv.m3u8
MNX HD (1080p),http://149.71.34.166:8000/play/a05u/index.m3u8
MO Channel (720p),https://cloudvideo.servers10.com:8081/8070/index.m3u8
Mobile County Public Schools TV Network (MCPSS),https://5b200f5268ceb.streamlock.net/MCPSS/MCPSS247.smil/playlist.m3u8
Moca Vision Canal 48 (720p) [Not 24/7],https://stream.castr.com/5da89a909db964293ad13301/live_2da463407fcc11f19ca8e70e403e6b54/index.fmp4.m3u8
Moconomy,https://3ee905090d464be5a51478fd9c642e93.mediatailor.us-east-1.amazonaws.com/v1/master/44f73ba4d03e9607dcd9bebdcb8494d86964f1d8/RakutenTV-pl_Moconomy/playlist.m3u8
Modern Marvels (720p),https://jmp2.uk/plu-6540ff2d770cf1000866b90a.m3u8
Modern Marvels (720p),https://jmp2.uk/plu-6578812b12d5ee000884c5c6.m3u8
Modern Marvels (720p),https://jmp2.uk/plu-6578878132c1b300089aa005.m3u8
Modern Marvels (720p),https://e5fd8762.wurl.com/master/f36d25e7e52f1ba8d7e56eb859c636563214f541/U2Ftc3VuZy1nYl9Nb2Rlcm5NYXJ2ZWxzX0hMUw/playlist.m3u8
Modern Marvels,https://jmp2.uk/plu-657883cab228b700084414b3.m3u8
Modern Marvels by HISTORY (720p),https://jmp2.uk/plu-65775d29dfed030008cb3db2.m3u8
Modern Marvels Presented by History (720p) [Geo-blocked],https://pb-m89wlp8flmjzf.akamaized.net/v1/aenetworks_modernmarvels_1/samsungheadend_us/latest/main/hls/playlist.m3u8
MODUS Super Series Darts (720p),https://jmp2.uk/plu-671645c4529ac900080c9a0b.m3u8
MODUS Super Series Darts (720p),https://jmp2.uk/plu-66337e6ba0a74e000889563b.m3u8
MODUS Super Series Darts (720p),https://jmp2.uk/plu-671656dfdaad7f00085d2133.m3u8
MODUS Super Series Darts (720p),https://jmp2.uk/plu-6716571bc7626f000890c518.m3u8
MODUS Super Series Darts (720p),https://jmp2.uk/plu-67063e78b2ffb10008195d08.m3u8
MODUS Super Series Darts,https://jmp2.uk/plu-671656a37d5da50008de6514.m3u8
MODUS Super Series Darts,https://jmp2.uk/plu-67164414e40c4a00087f450d.m3u8
MODUS Super Series Darts,https://jmp2.uk/plu-671643fc5534bb00089187ad.m3u8
MODUS Super Series Darts,https://jmp2.uk/plu-671655b2daad7f00085d202d.m3u8
MOF TV,https://goliveafrica.media:9998/live/6425a6efa15c8/index.m3u8
MOGPA TV (720p),https://livestream.anojed.com/ablazetv/f7b44cfafd5c52223d5498196c8a2e7b.sdp/playlist.m3u8
MOGPA TV Plus,https://bk7l2r2nyx53-hls-live.5centscdn.com/mogpatvplus/2567a5ec9705eb7ac2c984033e06189d.sdp/playlist.m3u8
Mohabat TV (540p),http://204.11.235.251:1935/live_transcoder/ngrp:mohabat.stream_all/playlist.m3u8
Mohabat TV,https://mohabathls.wns.live/hls/stream.m3u8
Mohabat TV (540p),http://media.mohabat.tv:1935/live_transcoder/ngrp:mohabat.stream_all/playlist.m3u8
Mohammed Abdo (1080p),https://d2ow8h651gs7dx.cloudfront.net/out/v1/371fb663da604e659a2fb99bf89d92d4/index.m3u8
Mohona TV (1080p),https://bozztv.com/rongo/rongo-MohonaTV/index.m3u8
MOI TV,http://202.62.56.22:8080/hls/MOITV.m3u8
Moji [Geo-blocked],https://op-group1-swiftservehd-1.dens.tv/h/h207/index.m3u8
Mojitv,https://odmedia-mojitv-1-be.samsung.wurl.tv/playlist.m3u8
Mojitv,https://odmedia-mojitv-1-nl.samsung.wurl.tv/playlist.m3u8
Molahits TV (720p),http://ventdelnord.tv:8080/mola/directe.m3u8
Moldova 1 (1080p),https://v0.trm.md/static/streaming-playlists/hls/9b79338b-1870-4cd7-91d4-0f6ce5cac7ca/master.m3u8
Moldova 2 (1080p),https://v0.trm.md/static/streaming-playlists/hls/d5fafab0-9c37-4746-9e7a-b2d6c0427015/master.m3u8
Moldova TV (1080p),https://moldovatv.ro/live-tv/live.m3u8
Momento24,https://backupmaxmedia.hvmultiplay.com/hls/stream2/momento24.m3u8
Mona The Vampire,https://jmp2.uk/plu-694178a8026be6e9d3ea7d7a.m3u8
Monaco Info (1080p),https://webtv.monacoinfo.com/live/prod/index.m3u8
Monagas Visión (720p) [Not 24/7],https://cloud2.streaminglivehd.com:1936/monagasvision-2/monagasvision-2/playlist.m3u8
Monara TV (720p) [Not 24/7],https://jk3lz8xklw79-hls-live.5centscdn.com/lpl/d0dbe915091d400bd8ee7f27f0791303.sdp/playlist.m3u8
Monkey,https://jmp2.uk/plu-68e3c18130ee729844af1fca.m3u8
MONO 29 (1080p),https://monomax-uiripn.cdn.byteark.com/plain/th/1080p/index.m3u8
Monroe Community Media Education Channel,https://reflect-monroe-public-access.cablecast.tv/live-4/live/live.m3u8
Monroe Community Media Public Access Channel,https://reflect-monroe-public-access.cablecast.tv/live-3/live/live.m3u8
Monroe County Television MCTV (Monroe County FL) (1080p),https://castus-vod-dev.s3.amazonaws.com/vod_clients/monroe/live/ch1/video.m3u8
Monster High,https://jmp2.uk/plu-68e8fe3bcba140ddfe903677.m3u8
Monster Jam (720p),https://jmp2.uk/plu-65bcc9c8d77d450008b34c6b.m3u8
Monstruos de Rio (720p),https://jmp2.uk/plu-66a92375cd0d31000847b219.m3u8
Monte Carlo Digital Television (1080p),https://fl718492-exthls-p1.flovp.com/fl718492/live/live.m3u8
Monte Maria (1080p),https://5ca9af4645e15.streamlock.net/montemaria/videomontemaria/playlist.m3u8
Montecristi Digital 8 [Geo-blocked],https://soportedvb.click:3400/live/montecristitvlive.m3u8
Monterrico TV,https://h.jcp.live.opencaster.com/play_src/index.m3u8
Montgomery Channel,https://reflect-montgomerycommunitymedia.cablecast.tv/live-11/live/stream-4/live.m3u8
Montones TV (1080p),https://lbgo.bozztv.com/ssh101/ssh101/montonestv1/playlist.m3u8
Montreal Greek TV (480p),http://live.greektv.ca/hls1/greektv.m3u8
Monumental TV (1080p),https://copacogen.desdeparaguay.net/monumentaltv/monumentaltv_alta/playlist.m3u8?admin=tvaccion
Moon TV,https://cdn-4.pishow.tv/live/1121/master.m3u8
Moonbug Kids (1080p),https://moonbug-rokuus.amagi.tv/playlist.m3u8
Moorpark Government Channel (360p),https://cdn3.wowza.com/5/cXdyRHF0Z3kxN0k2/moorpark/G0086_003/playlist.m3u8
Móra-Net TV (576p),https://stream.moranettv.hu/live/index.m3u8
Moranguinho,https://jmp2.uk/plu-63eba189c111bc0008ff59c5.m3u8
More Grace TV (410p) [Not 24/7],https://atechgroupuk.site/ETV.m3u8
More Pluto TV Comedy,https://jmp2.uk/plu-62e91c3add66e00007eeb24c.m3u8
More Than Sports TV (1080p),https://mts1.iptv-playoutcenter.de/mts/mts-web/playlist.m3u8
More True Crime,https://jmp2.uk/plu-6532e6a9bdf3cf000887ab29.m3u8
More TV Crime,https://jmp2.uk/plu-639b558c73423d00071ce624.m3u8
More TV Drama,https://jmp2.uk/plu-613260e4bdb71c00070d63fa.m3u8
More TV Sci-fi,https://jmp2.uk/plu-645e00d5d3fdde000829463a.m3u8
More TV Sitcoms,https://jmp2.uk/plu-6132619f9ddaa50007e7dd86.m3u8
MoreMax (1080p),http://23.237.104.106:8080/USA_MOREMAX/index.m3u8
Mork vom Ork,https://jmp2.uk/plu-642ad2127ef83900085f8910.m3u8
Morning Cloud TV (720p),https://livecdn.live247stream.com/mc/tv/playlist.m3u8
MorroTV (720p) [Not 24/7],https://fox.hostlagarto.com:8081/morrotv/playlist.m3u8
Mosaique FM (1080p),https://webcam.mosaiquefm.net/mosatv/_definst_/studio/playlist.m3u8?DVR=
Mosfilm Gold Collection (576p),http://31.222.235.15/mosfilm/index.m3u8
Moskva 24 (1080p),https://stream.smotrim.ru/hls/givc8/playlist.m3u8?entity=channel&id=798&sign=37881ef2e289f062ceff0dca6c24dc58
Moskva. Doveriye (576p),https://stream.smotrim.ru/hls2/doverie/playlist_3.m3u8
Most Haunted (1080p),https://amg00426-lds-amg00426c17-samsung-gb-10157.playouts.now.amagi.tv/playlist.m3u8
Most Haunted: Unseen,https://jmp2.uk/plu-68e3bffe1cfcd7541d59090f.m3u8
Mostanad,https://ncdn.telewebion.ir/mostanad/live/playlist.m3u8
MotoGP Channel (1080p),https://d1kqz1q7knpsue.cloudfront.net/MotoGP.m3u8
MotorRacing,https://streams2.sofast.tv/v1/master/611d79b11b77e2f571934fd80ca1413453772ac7/db917aee-4061-4081-b5fc-d5786defb057/manifest.m3u8
Motorracing France,https://d46c0ebf9ef94053848fdd7b1f2f6b90.mediatailor.eu-central-1.amazonaws.com/v1/master/81bfcafb76f9c947b24574657a9ce7fe14ad75c0/live-prod/7b971242-c5fe-11ec-967f-401ac48a6867/0/master.m3u8
MotorTrend FAST TV (720p),https://live-manifest.production-public.tubi.io/live/e7be5ad5-9044-4151-95d4-a9aae10ab0a5/playlist.m3u8
Motorvision (1080p),https://mvg-mv-xumo.otteravision.com/mvg/mv/mv.m3u8
Motorvision TV Español (1080p),https://d35j504z0x2vu2.cloudfront.net/v1/master/0bc8e8376bd8417a1b6761138aa41c26c7309312/motorvision-tv-espanol/mv_es.m3u8?ads.vf=-bwCJuiaCt8
Motus La Chaîne (1080p),https://rakutenaa-fastmedia-motuslachaine-rakuten-547u3.amagi.tv/playlist/rakutenAA-fastmedia-motuslachaine-rakuten/playlist.m3u8
Mountain Men (1080p) [Geo-blocked],https://pb-tc97nokxg85ph.akamaized.net/Mountain_Men.m3u8
Mouv' TV (288p),https://raw.githubusercontent.com/Sibprod/streams/main/ressources/dm/py/hls/mouv.m3u8
Movie Bangla,http://alvetv.com/moviebanglatv/8080/index.m3u8
Movie Star (720p),https://shift03.isp.bg/MovieStar/index.m3u8
MovieBox (1080p),https://cdn4.skygo.mn/live/disk1/Moviebox/DASH-FTA/Moviebox.mpd
MOVIEDOME (720p),https://jmp2.uk/plu-615c1e5ce3039400070a0547.m3u8
Moviepilot TV mit Pluto TV,https://jmp2.uk/plu-65a67d572fac9c000835eb3a.m3u8
MoviePlex (576p),https://mumt04.tangotv.in/m18aqlK4MOVIEPLEX/index.m3u8
Movies Action (1080p),https://shd-amg-fast.edgenextcdn.net/tx011/playlist.m3u8
Movies Now + (1080p),http://149.71.34.166:8000/play/a05t/index.m3u8
Movies Now HD (1080p),http://103.161.153.165:8000/play/mnh/index.m3u8
Movies Thriller (1080p),https://shd-amg-fast.edgenextcdn.net/tx012/playlist.m3u8
Movies! (480p),https://bozztv.com/dvrfl03/hdirect/hdirect-ovair1-movies!/index.m3u8
MovieSmart Turk (576p),http://playhdnewjj.xyz:8080/recc121412/KVqfhtdJ2nQ7/174
Moviesphere (720p),https://jmp2.uk/plu-6401d85a49839300087b116c.m3u8
MovieSphere (1080p),https://amg00353-lionsgatestudio-moviesphere-xumo-zh5u0.amagi.tv/playlist.m3u8
MovieSphere AU (1080p),https://amg00353-lionsgatefilmsi-moviesphereaus-samsungau-7qzhf.amagi.tv/playlist/amg00353-lionsgatefilmsi-moviesphereaus-samsungau/playlist.m3u8
MovieSphere by Lionsgate,https://jmp2.uk/plu-64a3d96f060e830008af6745.m3u8
MovieSphere UK (1080p),https://moviesphereuk-samsunguk.amagi.tv/playlist.m3u8
Movify Kino (576p),https://void.greenhosting.ru/MovifyKino_Mpeg4/index.m3u8
Movistar Deportes (1080p),http://45.4.1.201:8000/play/a13e/index.m3u8
Movistar Plus (576p),http://45.4.1.201:8000/play/a19y/index.m3u8
Moy mir (720p),https://moymir.ru/hls/onair.m3u8
Moya Planeta (1080p),http://91.226.120.120/chid210/tracks-v1a1/mono.m3u8
Moya stikhiya HD (1080p),http://stream.mcquack.net/141/index.m3u8
Mozi+,http://88.212.15.19/live/mozi_plusz/index.m3u8
Moziklub,http://88.212.15.19/live/moziklub_atk/index.m3u8
Moziverzum,http://88.212.15.19/live/moziverzum/index.m3u8
MQTV (720p) [Not 24/7],https://5bf7b725107e5.streamlock.net/mqtv/mqtv/playlist.m3u8
Mr Bean Live Action (1080p),https://amg00627-amg00627c40-rakuten-uk-5725.playouts.now.amagi.tv/playlist/amg00627-banijayfast-mrbeanpopupcc-rakutenuk/playlist.m3u8
Mr Bean Live Action (1080p),https://amg00627-amg00627c39-samsung-gb-5569.playouts.now.amagi.tv/playlist.m3u8
Mr. Bean Animated (1080p),https://amg00627-amg00627c23-samsung-au-4110.playouts.now.amagi.tv/playlist.m3u8
Mr. Bean Anime Italy (1080p),https://amg00627-amg00627c29-rakuten-it-3989.playouts.now.amagi.tv/playlist/amg00627-banijayfast-mrbeanitcc-rakutenit/playlist.m3u8
Mr. Bean Anime Spain (1080p),https://amg00627-amg00627c30-rakuten-es-3990.playouts.now.amagi.tv/playlist/amg00627-banijayfast-mrbeanescc-rakutenes/playlist.m3u8
Mr. Beast (1080p),https://aegis-cloudfront-1.tubi.video/cf8b86e9-932a-4454-99c5-32169b6a330f/playlist.m3u8
MrBeast (1080p),https://d1uoaa28av70en.cloudfront.net/playlist.m3u8
MRT 1 (480p),https://s1.teve.mk/tvstanici/6/playlist.m3u8
MRT 2 [Geo-blocked],https://vipottbpkstream.vip.hr/Content/onevip-hls/Live/Channel(MRT_2)/index.m3u8
MRT Sobraniski kanal [Geo-blocked],https://vipottbpkstream.vip.hr/Content/onevip-hls/Live/Channel(Sobraniski_Kanal)/index.m3u8
MRTV (720p),https://asia.sipradius.net/cache/SEAGames4/master.m3u8
MRTV,https://mrtvott.com/cache/MRTV-HD/master.m3u8
MRTV 4 (720p),https://cdn-live-pyone.secureswiftcontent.com/han/MRTV4/MRTV4/LiveOutput/manifest.m3u8
MRTV Entertainment,https://mrtvott.com/cache/MRTV-Ent-HD/master.m3u8
MRTV Farmer,https://mrtvott.com/cache/MRTV-FARMER/master.m3u8
MRTV News,https://mrtvott.com/cache/MRTV-NEWS-HD/master.m3u8
MRTV NRC,https://mrtvott.com/cache/MRTV-NRC-HD/master.m3u8
MRVTV Channel 44 (720p),https://livestream.telvue.com/madrivervalleytv1/f7b44cfafd5c52223d5498196c8a2e7b.sdp/playlist.m3u8
MRVTV Channel 45 (720p),https://livestream.telvue.com/madrivervalleytv2/f7b44cfafd5c52223d5498196c8a2e7b.sdp/playlist.m3u8
MS NOW (720p),http://40.160.24.53/MSNBC/index.m3u8
MSG (720p),http://23.237.104.106:8080/USA_MSG/index.m3u8
MSG 2 (720p),http://40.160.24.52/MSG_2/index.m3u8
MSG Plus (720p),https://gpuserver3.tier1streams.com/MSG_PLUS/index.m3u8
MSG SportsZone (720p),https://d2a31kzot4f8t3.cloudfront.net/v1/amc_msgsportszone_1/samsungheadend_us/latest/main/hls/playlist.m3u8
MSJ TV (1080p),http://43.252.18.195:5080/live/streams/MSJTV_hd_playlist.m3u8
MST3K (1080p),https://mst3k-roku.amagi.tv/playlist.m3u8
MTA1 World (720p),https://chlivemta1.akamaized.net/hls/live/2008145/mta1/playlist.m3u8
MTA2 Europe (720p),https://chlivemta1.akamaized.net/hls/live/2008145/mta2/playlist.m3u8
MTA3 Al-Arabia (1080p),https://chlivemta1.akamaized.net/hls/live/2010556/mta3alarabia/playlist.m3u8
MTA4 Africa (1080p),https://chlivemta.akamaized.net/hls/live/2010555/mtaafrica1/playlist.m3u8
MTA5 Africa (1080p),https://chlivemta.akamaized.net/hls/live/2010555/mtaafrica2/playlist.m3u8
MTA6 Asia (1080p),https://livemtaasia.akamaized.net/hls/live/2039224/mta6asia/playlist.m3u8
MTA7 Asia (1080p),https://livemtaasia.akamaized.net/hls/live/2039224/mtaasia2/playlist.m3u8
MTA8 America (1080p),https://chlivemta.akamaized.net/hls/live/2016718/mta8/playlist.m3u8
MTA TV,https://indihuy.streamized.net/atm/DASH/mtatv/manifest.mpd
Mtavari Arkhi,https://live20.bozztv.com/dvrfl05/gin-mtavariarxi/index.m3u8
MTC TV,https://mtchls.wns.live/hls/stream.m3u8
MTM 1 [Geo-blocked],https://vipottbpkstream.vip.hr/Content/onevip-hls/Live/Channel(MTM)/index.m3u8
MTM TV (720p),https://angel.btbn.tv:5443/mtmtv/streams/live.m3u8
MTN (720p),http://183.110.27.87/mtnlive/720/playlist.m3u8
MTNA TV,https://live.mtna.tv/hls/mtna/mtna.m3u8
MTR (1080p),https://cdnsk003.panaccess.com/local/Ruzomberok/index.m3u8
MTRK (576p),https://tvcdn01.esilnet.kz/tv/mtrk/index.m3u8
MTRSPT 1 (1080p),https://amg02873-kravemedia-mtrspt1-samsungau-2anp4.amagi.tv/playlist/amg02873-kravemedia-mtrspt1-samsungau/playlist.m3u8
MTRSPT 1 (1080p),https://amg02873-kravemedia-mtrspt1-samsungnz-k70ln.amagi.tv/playlist/amg02873-kravemedia-mtrspt1-samsungnz/playlist.m3u8
MTRSPT1 (1080p),https://amg02873-kravemedia-mtrspt1-distrotv-mnsrl.amagi.tv/playlist/amg02873-kravemedia-mtrspt1-distrotv/playlist.m3u8
MTürk TV (1080p),https://edge1.socialsmart.tv/muglaturk/bant1/playlist.m3u8
MTV (720p),http://41.205.70.146/MTVFRANCE/index.m3u8
MTV (1080p),http://103.72.101.252:8080/live/248.m3u8
MTV (720p),http://40.160.24.53/MTV/index.m3u8
MTV2 (1080p),http://40.160.24.53/MTV2/index.m3u8
MTV3 (720p),https://live-fi.tvkaista.net/mtv3/live.m3u8
MTV Are you the One?,https://jmp2.uk/plu-5f6108d8cc331900075e98e4.m3u8
MTV Ava (720p),https://live-fi.tvkaista.net/ava/live.m3u8
MTV Biggest Pop (1080p),https://jmp2.uk/plu-6047fbdbbb776a0007e7f2ff.m3u8
MTV Biggest Pop (1080p),https://jmp2.uk/plu-65410176770cf1000866bf31.m3u8
MTV Biggest Pop (1080p),https://jmp2.uk/plu-6047fabfce6e8e00070bcc9f.m3u8
MTV Biggest Pop (1080p),https://jmp2.uk/plu-5d14fd1a252d35decbc4080c.m3u8
MTV Catfish (720p),https://jmp2.uk/plu-6177fe76691b2e000702c7fc.m3u8
MTV Catfish,https://jmp2.uk/plu-61781a52a3638a00078fa57e.m3u8
MTV Catfish (720p),https://jmp2.uk/plu-61780d4267bf4d00077ddd73.m3u8
MTV Catfish (720p),https://jmp2.uk/plu-626c2a3502d84a0007cec817.m3u8
MTV Catfish (720p),https://jmp2.uk/plu-625461ef01f27a0007976ad1.m3u8
MTV Catfish TV Show (720p),https://jmp2.uk/plu-5db6a697d5f34a000934cd13.m3u8
MTV Catfish TV Show (720p),https://jmp2.uk/plu-5f1ab3c7778230000735cf41.m3u8
MTV Chontales (720p) [Not 24/7],https://altair.hostingnica.net/hls/mtv_stream/index.m3u8
MTV Classic (576p),http://40.160.24.53/MTV_CLASSIC/index.m3u8
MTV CLASSICS,https://jmp2.uk/plu-5f92b56a367e170007cd43f4.m3u8
MTV Com o Ex,https://jmp2.uk/plu-61a528267e1b8b0007357920.m3u8
MTV Con Mi Ex,https://jmp2.uk/plu-638693db857364000781b471.m3u8
MTV Dating (720p),https://jmp2.uk/plu-5caf330ea5068259a32320fd.m3u8
MTV Dating (720p),https://jmp2.uk/plu-600169ec77e6f70008fa9cf0.m3u8
MTV Dating (720p),https://jmp2.uk/plu-6851407c21f49d1b9d177493.m3u8
MTV Dating (720p),https://jmp2.uk/plu-685140bd21f49d1b9d177e21.m3u8
MTV Dating (720p),https://jmp2.uk/plu-685140f121f49d1b9d178249.m3u8
MTV Dating,https://jmp2.uk/plu-6851bb3426beced4f2f67ee6.m3u8
MTV Dating,https://jmp2.uk/plu-64f8a0c230ab3300084369b8.m3u8
MTV Dating (720p),https://jmp2.uk/plu-6851b909954170e0128bc71d.m3u8
MTV Embarazada a los 16,https://jmp2.uk/plu-5f98537a5a4341000733aefe.m3u8
MTV en español,https://jmp2.uk/plu-5cf96d351652631e36d4331f.m3u8
MTV Flow Latino (720p),https://jmp2.uk/plu-62b218fc511d4b00070ddc0c.m3u8
MTV Flow Latino (720p),https://jmp2.uk/plu-5d3609cd6a6c78d7672f2a81.m3u8
MTV Geordies,https://jmp2.uk/plu-627d3176d7dfa500077042f1.m3u8
MTV Global (576p),https://shift03.isp.bg/MTVEurope/index.m3u8
MTV Guyana (1080p) [Not 24/7],https://stream.mtvgy.com/mtvguyana/index.fmp4.m3u8
MTV HD (1080p),http://149.71.34.166:8000/play/a00p/index.m3u8
MTV Jersey Shore,https://jmp2.uk/plu-68b9b0dbf9cf3d7cb9f56d88.m3u8
MTV Jerseys,https://jmp2.uk/plu-62ac3d7dc23b400008ae5b5a.m3u8
MTV Jovens e Mães (720p),https://jmp2.uk/plu-620fdc7d8a36fc000710e3ba.m3u8
MTV Just Tattoo of Us,https://jmp2.uk/plu-63988b61c8d285000798a22a.m3u8
MTV Latin America (1080p),http://179.60.51.134:8888/MTV/index.m3u8
MTV Lebanon (1080p),https://shd-gcp-live.edgenextcdn.net/live/bitmovin-mtv-lebanon/b8ebb2a5affb812f1541712adde10e26/index.m3u8
MTV Live (1080p),http://40.160.24.53/MTV_LIVE/index.m3u8
MTV Originals,https://jmp2.uk/plu-5f1aadf373bed3000794d1d7.m3u8
MTV Pluto TV,https://jmp2.uk/plu-5caf325764025859afdd6c4d.m3u8
MTV Pluto TV,https://jmp2.uk/plu-5f1212fb81e85c00077ae9ef.m3u8
MTV Pluto TV,https://jmp2.uk/plu-5ca672f515a62078d2ec0ad2.m3u8
MTV Pluto TV LatAm (720p),https://jmp2.uk/plu-5fab088b3279760007d4e4fd.m3u8
MTV Reality (720p),https://jmp2.uk/plu-685136fb33a52de120bbb086.m3u8
MTV Reality (720p),https://jmp2.uk/plu-6130d8dc943001000708548d.m3u8
MTV Reality (720p),https://jmp2.uk/plu-685137f4a1e091e16f2dd471.m3u8
MTV Reality,https://jmp2.uk/plu-68513950f212bedacf8ec48f.m3u8
MTV Reality (720p),https://jmp2.uk/plu-685139b0f7d8b74b62f41c96.m3u8
MTV Reality (720p),https://jmp2.uk/plu-6851bdfc9ac48fde5e07f5ae.m3u8
MTV Reality,https://jmp2.uk/plu-64f89fcfd661bb00081ba45c.m3u8
MTV Reality (720p),https://jmp2.uk/plu-5de91b7ea86ee60009d89e75.m3u8
MTV Ridiculousness,https://jmp2.uk/plu-5f9847fd513250000728a9a5.m3u8
MTV Ridiculousness (720p),https://jmp2.uk/plu-62cd9641393d8400076f34db.m3u8
MTV Ridiculousness (720p),https://jmp2.uk/plu-62cd9e0d10bb020007005628.m3u8
MTV Ridiculousness (720p),https://jmp2.uk/plu-62cda0dfddc1040008fccacc.m3u8
MTV Ridiculousness (720p),https://jmp2.uk/plu-68641eb4852dfe78698c3390.m3u8
MTV Ridiculousness,https://jmp2.uk/plu-64f9cccf110545000837912e.m3u8
MTV Ridiculousness (720p),https://jmp2.uk/plu-5e98a911c881310007d7aae2.m3u8
MTV Rocks,https://jmp2.uk/plu-66a01e07d2d50d0008100d6a.m3u8
MTV Rocks,https://jmp2.uk/plu-66a01b52a4ee27000808ea36.m3u8
MTV Rupaul's Drag Race,https://jmp2.uk/plu-645111f1d8436e00081bb2bd.m3u8
MTV Rupaul's Drag Race Untucked,https://jmp2.uk/plu-64510d3ad3fdde00080951f2.m3u8
MTV Shore,https://jmp2.uk/plu-625463563b8ddc0007134aeb.m3u8
MTV Spankin' New (1080p),https://jmp2.uk/plu-5d14fdb8ca91eedee1633117.m3u8
MTV Spankin’ New (1080p),https://jmp2.uk/plu-6541010f770cf1000866be98.m3u8
MTV Sub (720p),https://live-fi.tvkaista.net/sub/live.m3u8
MTV Tattoo a dos,https://jmp2.uk/plu-611b87946b7f420007c22361.m3u8
MTV Teen Mom (720p),https://jmp2.uk/plu-5cffcf5686dfe15595fb3f56.m3u8
MTV Teen Mom (720p),https://jmp2.uk/plu-604f81a49ef73300070e554f.m3u8
MTV Teen Mom (720p),https://jmp2.uk/plu-61c092157e1b8b0007372a35.m3u8
MTV Teen Mom (720p),https://jmp2.uk/plu-61c1df62b7672a0007b6c9ba.m3u8
MTV Teen Mom (720p),https://jmp2.uk/plu-61c09342b3a6230007a45119.m3u8
MTV Teen Mom (720p),https://jmp2.uk/plu-620fd9f4afb9a80007a9c6d5.m3u8
MTV The Shores,https://jmp2.uk/plu-5caf32c2a5068259a32320fc.m3u8
MTV TV,https://raw.githubusercontent.com/UzunMuhalefet/streams/refs/heads/main/myvideo-az/mtv-azerbaycan.m3u8
MTV Uutiset (720p),https://live.streaming.a2d.tv/asset/20025962.isml/.m3u8
MTV Vergüenza ajena (720p),https://jmp2.uk/plu-63eb9495a8b227000841bf64.m3u8
Much (720p),http://40.160.24.53/MUCH/index.m3u8
Mult i muzyka (576p),http://hls127.freeott.top:8080/Mult_Muzika/video.m3u8
Multicanal Catamayo (720p) [Not 24/7],https://multicanal.streamseguro.com:5443/LiveApp/streams/streaming.m3u8
Multilandia (1080p),http://de.russkoe-iptv.com:88/s/s-e3dc39e0/multimania-hd.m3u8
Multimedios Bajío (720p) [Not 24/7],https://mdstrm.com/live-stream-playlist/5d4b0fec848918070128c8cb.m3u8
Multimedios CDMX (720p) [Not 24/7],https://mdstrm.com/live-stream-playlist/5f2d9d6ff17144074bd8a284.m3u8
Multimedios Ciudad Juárez (720p) [Not 24/7],https://mdstrm.com/live-stream-playlist/5d9e440d675235586a92be7f.m3u8
Multimedios Guadalajara (720p) [Not 24/7],https://mdstrm.com/live-stream-playlist/5c54d38ca392a5119bb0aa0d.m3u8
Multimedios Laguna (720p) [Not 24/7],https://mdstrm.com/live-stream-playlist/57bf686a61ff39e1085d43e1.m3u8
Multimedios Monterrey (720p) [Not 24/7],https://mdstrm.com/live-stream-playlist/57b4dbf5dbbfc8f16bb63ce1.m3u8
Multimedios Puebla (720p) [Not 24/7],https://mdstrm.com/live-stream-playlist/5d56ed29c92dd106ff01543b.m3u8
Multimedios Saltillo (720p) [Not 24/7],https://mdstrm.com/live-stream-playlist/5d5d51a4e9a40e25f4a0332c.m3u8
Multivision (480p) [Not 24/7],https://tv.picta.cu/multivision/multivision_1.m3u8
Multivisión Canal 3 (720p) [Not 24/7],https://stream.digitalgt.com:3136/live/multivisionlive.m3u8
Multivision Federal,https://panel.host-live.com:19360/8250/8250.m3u8
Multivisión Sports (720p) [Not 24/7],https://stream.digitalgt.com:3605/live/multivisionsportslive.m3u8
München TV (1080p) [Not 24/7],https://muenchentv.iptv-playoutcenter.de/muenchentv/muenchentv.stream_1/playlist.m3u8
Mundo Pequeño,https://stream.ads.ottera.tv/playlist.m3u8?network_id=3366
Mundo Series (1080p),https://streams2.sofast.tv/v1/master/611d79b11b77e2f571934fd80ca1413453772ac7/e3189902-0967-48a7-9d32-9401e34471c6/manifest.m3u8
Mundos Lacustres TV (720p),https://video.ipstream.cl:3710/hybrid/play.m3u8
Munnaaru,https://customer-ujex1meek7koqd9x.cloudflarestream.com/6a46f90ca384c7419efdbef3ff1892a9/manifest/video.m3u8
Munsif Tv (720p),https://d35j504z0x2vu2.cloudfront.net/v1/master/0bc8e8376bd8417a1b6761138aa41c26c7309312/munsif-tv/index.m3u8?ads.vf=bgM_sblbBYC
Murder She Wrote (1080p),https://xumo-xumoent-vc-119-t7wx7.fast.nbcuni.com/live/master.m3u8
Murder She Wrote (720p),https://jmp2.uk/plu-6549337183595c000815ad05.m3u8
Murdertown,https://jmp2.uk/plu-69038c2ee0e0c5f8208c033a.m3u8
Musavision (1080p),https://cnn.hostlagarto.com/musavisiontv/tracks-v1a1/mono.m3u8
MusawaChannel (1080p) [Not 24/7],https://pbc.furrera.ps/musawahd/index.m3u8
Musayof (Israel) (240p) [Not 24/7],http://wowza.media-line.co.il/Musayof-Live/livestream.sdp/playlist.m3u8
Muscel TV (720p),https://cdn.streamnet.pro/musceltv/live/playlist.m3u8
Museum TV [Geo-blocked],https://cdn-ue1-prod.tsv2.amagi.tv/linear/amg01492-secomsasmediart-museumtv-eng-samsungit/playlist.m3u8
Music Box Brazil (720p),http://45.190.28.50/MUSIC_BOX_HD/index.m3u8
Music Box Classic,http://88.212.15.19/live/mb_classic/index.m3u8
Music Box Dance,http://88.212.15.19/live/mb_dance/index.m3u8
Music Box Hits,http://88.212.15.19/live/mb_hits/index.m3u8
Music Box Polska,http://193.24.244.60:1001/udp/239.254.4.237:6060
Music Box Sexy,http://88.212.15.19/live/mb_sexy/index.m3u8
Music India (720p) [Not 24/7],https://cdn-2.pishow.tv/live/226/master.m3u8
Music Information Channel (720p),https://mic.siar.us/mic/live/mic.m3u8
Music TV Granada (1080p) [Not 24/7],https://cloudvideo.servers10.com:8081/8032/index.m3u8
MusicTop (1080p),https://stream-gtlc.telecentro.net.ar/hls/musictophls/0/playlist.m3u8
Muslim Network TV,https://afghantv.app/hls2/muslimnetwork/index.m3u8
MUTV (720p),https://bcovlive-a.akamaihd.net/r2d2c4ca5bf57456fb1d16255c1a535c8/eu-west-1/6058004203001/playlist.m3u8
Muugi TV (480p) [Not 24/7],https://goliveafrica.media:9998/live/62b3ffb71a3d6/index.m3u8
Muz TV Uzbekistan,https://stream8.cinerama.uz/1063/tracks-v1a1/mono.m3u8
Muz-TV (576p),http://46.32.176.50/muztv/index.m3u8
Muzangala TV (1080p),https://5cf4a2c2512a2.streamlock.net/tvmuzangala/tvmuzangala/playlist.m3u8
Muzhskoe kino (576p),http://stream.mcquack.net/107/index.m3u8
Muzsika TV,http://88.212.15.19/live/test_muzsika_hungary_1200_atk/playlist.m3u8
Muzvar (1080p),https://cdn15.live-tv.cloud/ua_infinitas_tv/muzvar-abr/playlist.m3u8
Muzyka Live (576p),http://stream.mcquack.net/303/index.m3u8
MuzzOne,https://streams.adapto.kz/hls/live/muzzone/main_stream.m3u8
MV Lao TV,https://edge2a.v2h-cdn.com/live_mvhub/mvlao.stream/playlist.m3u8
MV Mall DD (1080p),https://lb1-live-mv.v2h-cdn.com/hls/fdee/mvmalldd/mvmalldd.m3u8
MVMT of Culture (1080p),https://d2kwqe56yti97f.cloudfront.net/scheduler/scheduleMaster/490.m3u8
MVS TV [Geo-blocked],https://dish.akamaized.net/Content/HLS_HLS_CLR/Live/channel(mvs)/variant.m3u8
Mwangaza TV (720p) [Not 24/7],https://goliveafrica.media:9998/live/6516be24a6bac/index.m3u8
MY5 (1080p),https://st.my5.media/hls/hd/index.m3u8
My Cinema [Geo-blocked],https://op-group1-swiftservehd-1.dens.tv/h/h192/index.m3u8
My Cinema Europe,https://op-group1-densxvisionhd-1.dens.tv/h/h18/index.m3u8
My Family [Geo-blocked],https://op-group1-swiftservehd-1.dens.tv/h/h194/index.m3u8
My Gospel TV,https://streamtv.cmediahosthosting.net:3046/live/mygospeltvlive.m3u8
My Kidz (720p),https://cdn10jtedge.indihometv.com/atm/DASH/mykids/manifest.mpd
My Money (1080p),https://dqaj8xog66lli.cloudfront.net/v1/master/9d062541f2ff39b5c0f48b743c6411d25f62fc25/DistroTV-MuxIP-MyMoney/468.m3u8?ads.vf=hKm4TAlnI34
My Money (1080p),https://d3bqd6nz14unwy.cloudfront.net/scheduler/scheduleMaster/468.m3u8
My Righteous TV,https://live20.bozztv.com/ssh101/ssh101/myrighteous/playlist.m3u8
My TV (720p),https://tvsen6.aynaott.com/mytv/index.m3u8
My TV (576p),https://live.happywatch99.com/mytvhdtv/c83cc584a878608f6b36a9717bd7a8ab.sdp/playlist.m3u8
My TV Channel (720p) [Not 24/7],http://connectiktv.ddns.net:5000/mytvchannel/@mytvchannel/playlist.m3u8
My Ukraina+,https://api-tv.ipnet.ua/api/v1/manifest/2118742680.m3u8
My-Ukraina TV (1080p),http://stream.mcquack.net/442/index.m3u8
Mysteries Xplored (720p),https://dwqz6akge0ila.cloudfront.net/v1/aenetworks_mysteriesxplored_1/samsungheadend_us/latest/main/hls/playlist.m3u8
Mystery Science Theater 3000 (1080p),https://d1c73nj8qxp55a.cloudfront.net/Mystery_Science_Theater_3000.m3u8
Mystery TV (1080p),https://aenetworks-mysterytv-rakuten.amagi.tv/playlist.m3u8
Mythbusters (1080p),https://d2bog959vw5xq.cloudfront.net/playlist/amg00627-banijayfast-mythbusters-samsungau/playlist.m3u8
Mythical 24/7 (1080p) [Geo-blocked],https://pb-dq7godyssgjuz.akamaized.net/Mythical247.m3u8
MyTime Movie Network (1080p),https://appletree-mytimeuk-rakuten.amagi.tv/playlist.m3u8
MyTime Movie Network (1080p),https://appletree-mytimeau-samsung.amagi.tv/playlist.m3u8
MyTime Movie Network Brazil (720p),https://appletree-mytime-samsungbrazil.amagi.tv/playlist.m3u8
MyTime Movie Network France (1080p),https://mytimemoviefrance-rakuten.amagi.tv/playlist.m3u8
MyTime Movie Network Germany (1080p),https://appletree-mytimemoviegerman-rakuten.amagi.tv/playlist.m3u8
MyTime Movie Network Mexico (720p),https://appletree-mytime-samsungmexico.amagi.tv/playlist.m3u8
MyTime movie network Spain (1080p),https://appletree-mytimespain-rakuten.amagi.tv/playlist.m3u8
Mytime Movies (1080p),https://mytimefrance-rakuten-samsung.amagi.tv/playlist.m3u8
myTV San Antonio TX (KCWX-TV) (720p) [Not 24/7],http://65.36.6.216:1935/live/kcwx.smil/playlist.m3u8
Myzen Fit (1080p),https://cdn-ue1-prod.tsv2.amagi.tv/linear/amg01255-secomcofites-my-myzen-samsungen-samsungse/playlist.m3u8
MYZen Fit (1080p) [Geo-blocked],https://cdn-ue1-prod.tsv2.amagi.tv/linear/amg01255-secomcofites-my-myzen-samsungen-samsungnl/playlist.m3u8
MyZen TV (1080p),https://cdn-ue1-prod.tsv2.amagi.tv/linear/amg01255-secomcofites-my-myzen-en-plex/playlist.m3u8
MyZen Wellbeing TV (1080p),https://rakutenaa-myzen-en-rakuten-5sex7.amagi.tv/playlist/rakutenAA-myzen-en-rakuten/playlist.m3u8
N4 (360p) [Not 24/7],https://web.sats.gstv.tech/cpl11/da8df281-1165-440a-8c86-959f71b695b6/N4web.m3u8
N24 Doku,https://jmp2.uk/plu-60080e8a4bf36000076a81b1.m3u8
N Sports (1080p),https://ogc-nsprt-tcl-roku-syndication.otteravision.com/ogc/nsprt/nsprt.m3u8
Naajiya TV (720p),https://www.naajiyatv.com/live/livestream.m3u8
Nabaa TV (720p) [Not 24/7],http://31.14.40.237:1935/live/Nabaa/playlist.m3u8
Nabawi TV (720p),http://202.150.161.117:8000/play/NabawiTV
Nablus TV (1080p),https://htvint.mada.ps/nabluslive/index.m3u8
Nachrichten 360 (1080p) [Geo-blocked],https://cdn-apse1-prod.tsv2.amagi.tv/linear/amg01821-lovetvfast-nachrichten360-samsungde/playlist.m3u8
Nacional Tv Peru (720p),http://bantel-cdn1.iptvperu.tv:1935/btnscrtn/nacionaltv_peru.stream/playlist.m3u8
NACTV,https://stream2.pivotalelements.com/memfs/2d2e1038-9eb2-44df-a9b9-109de5752f3b_output_0.m3u8
Nada Es Imposible TV,https://vdochile.com:3194/live/mvqutymylive.m3u8
Naftemporiki TV (1080p),https://telmaco.ascdn.broadpeak.io/nafteboriki/default/index.m3u8
Nagaland TV (576p),https://cdn-6.pishow.tv/live/10014/master.m3u8
Naija Gold Reels (1080p),https://streams2.sofast.tv/WiseM3U8_11/sofast/cleanhls/master.m3u8
Nakshatra Digital Tv (1080p),https://d35j504z0x2vu2.cloudfront.net/v1/master/0bc8e8376bd8417a1b6761138aa41c26c7309312/nakshatra-digital-tv/index.m3u8?ads.vf=PjzI-khWYCe
Nama TV,https://ncdn.telewebion.ir/nama/live/playlist.m3u8
Namayesh,https://ncdn.telewebion.ir/namayesh/live/playlist.m3u8
Nambikkai TV (576p),https://mumt02.tangotv.in/NAMBIKKAITV/index.m3u8
Namdhari (404p) [Not 24/7],https://namdhari.tv/live/sbs1.m3u8
Namma Bangalore (576p),https://d35j504z0x2vu2.cloudfront.net/v1/master/0bc8e8376bd8417a1b6761138aa41c26c7309312/namma-bangalore/index.m3u8?ads.vf=eSzAQfnJzCG
NAN TV,https://app.ncare.live/c3VydmVyX8RpbEU9Mi8xNy8yMDE0GIDU6RgzQ6NTAgdEoaeFzbF92YWxIZTO0U0ezN1IzMyfvcGVMZEJCTEFWeVN3PTOmdFsaWRtaW51aiPhnPTI2/nantv.stream/live-orgin/nantv.stream/playlist.m3u8
Nanchang News & Generalist Channel,https://play-live-hls.jxtvcn.com.cn/live-city/tv_nanchang.m3u8
Nande Portetepe TV,https://video.hostingcaaguazu.com:19360/nandeportetepe/nandeportetepe.m3u8
Nandejara Ne'e TV,https://copacogen.desdeparaguay.net/nandejaraneetv/nandejaraneetv/playlist.m3u8?admin=tvaccion
Nanduti (1080p),https://nanduti.b-cdn.net/Source.m3u8
Nano (576p),http://stream.mcquack.net/419/index.m3u8
Naranja TV (720p),https://cdn.streamingcpanel.com:3526/live/teleraiceslive.m3u8
Narodna TV (720p),https://edge8.pink.rs/narodnatv/index.m3u8
NärTV (360p),https://streaming.nartv.fi/live/ngrp:NAR_TV.stream_all/playlist.m3u8
Naruto,https://jmp2.uk/plu-5f6df5a173d7340007c559f7.m3u8
Naruto (720p),https://jmp2.uk/plu-65d5fc39a25d5e00082895c4.m3u8
Naruto (1080p),https://d21vn5eki5qsdi.cloudfront.net/playlist.m3u8
Naruto,https://jmp2.uk/plu-5ee92e72fb286e0007285fec.m3u8
Naruto Germany (1080p),https://palatinmedia-naruto-rakuten.amagi.tv/playlist.m3u8
Naruto Shippuden,https://jmp2.uk/plu-64c92f965580090008084968.m3u8
Naša TV (1080p) [Not 24/7],https://stream.nasatv.com.mk/hls/nasatv_live.m3u8
Nascar (1080p) [Geo-blocked],https://aegis-cloudfront-1.tubi.video/a8586229-0ea0-4eb4-bb23-09674c2a94d3/playlist.m3u8
NASCAR Channel (1080p),https://dzz957bqk62e8.cloudfront.net/NASCAR.m3u8
Nash Bridges Channel (1080p) [Geo-blocked],https://amg00353-amg00353c35-xumo-us-3804.playouts.now.amagi.tv/playlist.m3u8
Nash Kinomir (576p),http://hls127.freeott.top:8080/Nash_kinomir/video.m3u8
Nashe HD (576p),http://stream.mcquack.net/217/index.m3u8
Nashe Lubimoe Kino (576p),http://hls127.freeott.top:8080/Lubimoe_Kino/video.m3u8
Nashe Lubimoe Kino Ukraine (1080p),http://stream.mcquack.net/456/index.m3u8
NASHE Music (720p),https://cdn15.live-tv.cloud/ua_infinitas_tv/nashemus-abr/playlist.m3u8
Nashe muzhskoe HD (1080p),http://stream.mcquack.net/362/index.m3u8
Nashe Novoe Kino (1080p),http://hls127.freeott.top:8080/Nashe_Novoe_Kino_HD/video.m3u8
Nashua ETV Channel 22 Nashua NH (720p),https://livestream.telvue.com/nashuanh2/f7b44cfafd5c52223d5498196c8a2e7b.sdp/playlist.m3u8
Nashua GTV Channel 16 Nashua NH (720p),https://livestream.telvue.com/nashuanh3/f7b44cfafd5c52223d5498196c8a2e7b.sdp/playlist.m3u8
Nashville,https://jmp2.uk/plu-65cf8d7428730900087c5907.m3u8
Nasim,https://ncdn.telewebion.ir/nasim/live/playlist.m3u8
Nasul TV (720p) [Not 24/7],https://live.nasul.tv/live/stream.m3u8
NAT TV (1080p),https://livefta.malimarcdn.com/ftaedge00/nat.sdp/playlist.m3u8
Natick Education Channel (720p),https://livestream.telvue.com/natickpegasus1/f7b44cfafd5c52223d5498196c8a2e7b.sdp/playlist.m3u8
Natick Government Channel (720p),https://livestream.telvue.com/natickpegasus3/f7b44cfafd5c52223d5498196c8a2e7b.sdp/playlist.m3u8
Natick Public Access Channel (720p),https://livestream.telvue.com/natickpegasus2/f7b44cfafd5c52223d5498196c8a2e7b.sdp/playlist.m3u8
Nation TV,https://live-us1.thaimomo.com/live-as/chNation-3/playlist.m3u8
National Assembly TV (720p),https://github.com/BellezaEmporium/IPTV_Exception/raw/master/channels/kr/natv.m3u8
National Geographic,http://213.91.179.28:8000/play/a0ct
National Geographic (720p),http://185.102.171.218/NatGeo/index.m3u8
National Geographic,http://88.212.15.19/live/ngc_hun/index.m3u8
National Geographic (1080p),http://138.121.15.230:9002/NAT-GEO/index.m3u8
National Geographic (576p),http://stream.mcquack.net/116/index.m3u8
National Geographic (1080p) [Geo-blocked],https://saran-live.ercdn.net/natgeohd/index.m3u8
National Geographic (720p),http://40.160.24.53/NAT_GEO/index.m3u8
National Geographic (Finland) (720p) [Geo-blocked],https://live-fi.tvkaista.net/national-geographic/live.m3u8?hd=true
National Geographic HD (576p),http://149.71.34.166:8002/play/a013/index.m3u8
National Geographic HD (1080p),http://46.32.176.50/NationalGeographicHD/index.m3u8
National Geographic HD East (720p),http://198.58.104.90:8989/natgeo/index.m3u8
National Geographic Latin America (1080p),http://45.162.193.35/NATGEO/index.m3u8
National Geographic Latin America South (1080p),http://bantel-cdn1.iptvperu.tv:1935/btnscrtn/NatGeo.stream/playlist.m3u8
National Geographic Wild,http://213.91.179.28:8000/play/a0cu
National Geographic Wild (720p),http://185.102.171.218/NatGeoWild/index.m3u8
National Geographic Wild,http://88.212.15.19/live/ngw_hun/index.m3u8
National Geographic Wild (1080p),http://hls127.freeott.top:8080/Nat_Geo_Wild_SD/video.m3u8
National Geographic Wild (1080p) [Geo-blocked],https://saran-live.ercdn.net/natgeowild/index.m3u8
National Geographic Wild (720p),http://46.32.176.50/natgeowild/index.m3u8
National Geographic Wild (720p),http://40.160.24.53/NAT_GEO_WILD/index.m3u8
National Geographic Wild HD (1080p),http://149.71.34.166:8002/play/a012/index.m3u8
National Geographic Wild HD East (720p),http://198.58.104.90:8989/natgeowild/index.m3u8
National Gold TV,http://maxotts.maxdigitaltv.com/x-media/C170/master.m3u8
National Iranian Congress TV,https://tv.iraniancongress.com/stream/tv.m3u8
National Lampoon (1080p) [Geo-blocked],https://pb-4l6m6c7pca5dy.akamaized.net/playlist.m3u8
Nativa (720p),http://187.102.210.46/NATIVATV/index.m3u8
Nativa TV,https://origin-us.streaminghd.cl/nativatv/nativatv/playlist.m3u8
Nativa TV Satipo (720p),https://live-evg7.tv360.bitel.com.pe/bitel/nativachanchamayoSRT/playlist.m3u8
Natural TV (720p) [Not 24/7],http://broadcasttr.com:1935/naturaltv/bant1/playlist.m3u8
Naturaleza Salvaje (1080p) [Geo-blocked],https://amg00376-amg00376c21-firetv-us-3433.playouts.now.amagi.tv/playlist.m3u8
Nature Time France (1080p),https://bamusa-naturetime-emea-fra-rakuten.amagi.tv/playlist.m3u8
Naturescape (720p),https://jmp2.uk/plu-610a9ebe8c2ac2000734776e.m3u8
NatureTime (1080p),https://amg00090-blueantllc-lovenature-au-samsungau-wggcn.amagi.tv/playlist/amg00090-blueantllc-lovenature-au-samsungau/playlist.m3u8
NatureTime (1080p),https://shls-live-ak.akamaized.net/out/v1/b06a89a463764d3688cda337d40dc5bf/index.m3u8
NatureTime (684p),https://jmp2.uk/plu-681ba2729624e6275efe0044.m3u8
NatureTime (1080p),https://amg01515-amg01515c43-samsung-gb-9038.playouts.now.amagi.tv/playlist.m3u8
NatureTime Finland (1080p),https://bamusa-naturetime-emea-eng-rakuten.amagi.tv/playlist.m3u8
Nauka (576p),http://stream.mcquack.net/403/index.m3u8
Nautical Channel (720p),https://a-cdn.klowdtv.com/live2/nautical_720p/playlist.m3u8
Navahang TV (720p),https://hls.navahang.live/hls/stream.m3u8
Navarrete Television (1080p) [Not 24/7],https://cnn.hostlagarto.com/ntvnavarrete/index.m3u8
Navo (576p),https://stream8.cinerama.uz/1008/tracks-v1a1/playlist.m3u8
Navoiy MTRK (576i),https://stream8.cinerama.uz/1460/tracks-v1a1/mono.m3u8
Naxcivan TV (720p),https://str2.yodacdn.net/ntv/video.m3u8
Nayarit Comunica (1080p),https://live.iplanay.gob.mx/hls/nayarittv.m3u8
Nazali's HDTV (1080p),http://194.163.135.238:5080/WebRTCApp/streams/590264631485484547459082.m3u8
Nazara (1080p),https://cc-p1izg43bk7sj5.akamaized.net/v1/master/3722c60a815c199d9c0ef36c5b73da68a62b09d1/cc-p1izg43bk7sj5/DIYC/PMSL/IN10/Nazara_IN_B/Nazara_IN_B.m3u8
NBA FAST Channel (720p),https://live-manifest.production-public.tubi.io/live/553b8d5e-fd2a-4a61-bdfa-73b34c299d75/playlist.m3u8
NBA TV (1080p),https://cdn1.ayitistream.com/NBATV/index.m3u8
NBC (1080p),http://stream.cammonitorplus.net/1785/index.m3u8
NBC 1 [Not 24/7],https://hls2.nbcplus.na/hls/high_nbc1.m3u8
NBC 2,https://hls2.nbcplus.na/hls/high_nbc2.m3u8
NBC 3 (480p),https://hls2.nbcplus.na/hls/high_nbc3.m3u8
NBC 3 Las Vegas NV (KSNV) (1080p),https://linear-708.frequency.stream/dist/stirr/708/hls/master/playlist.m3u8
NBC 3 Sacramento CA (KCRA) (720p),https://aegis-cloudfront-1.tubi.video/5e3aff30-070f-4951-aa59-5ca415acb3c1/playlist.m3u8
NBC 4 Albuquerque NM (KOB) (1080p),https://amg01942-amg01942c1-stirr-us-10167.playouts.now.amagi.tv/playlist.m3u8
NBC 4 Milwaukee WI (WTMJ) (720p),https://aegis-cloudfront-1.tubi.video/d4d923f2-17de-4371-b86d-43490499bcdb/playlist.m3u8
NBC 4 San Antonio TX (WOAI) (1080p),https://linear-703.frequency.stream/dist/stirr/703/hls/master/playlist.m3u8
NBC 5 Chicago Live News (1080p),https://d368vp0qqzvkid.cloudfront.net/11603/88889704/hls/master.m3u8?ads.xumo_channelId=88889704a&ads.xumo_ifaType=&ads.xumo_providerId=3818&ads.xumo_providerName=NBCNCHI
NBC 6 Johnstown PA (WJAC) (1080p),https://linear-698.frequency.stream/dist/stirr/698/hls/master/playlist.m3u8
NBC 6 Santa Barbara CA (KSBY) (720p),https://aegis-cloudfront-1.tubi.video/d5f0543d-5f83-4a69-ba01-c5a68f0c09a1/playlist.m3u8
NBC 8 Lancaster PA (WGAL) (720p),https://aegis-cloudfront-1.tubi.video/5d314174-0110-42af-8811-feaae073ea1e/playlist.m3u8
NBC 8 Lima OH (WLIO-DT1) (720p) [Not 24/7],https://live.field59.com/wlio/wlio1/playlist.m3u8
NBC 8 Salinas CA (KSBW) (720p),https://aegis-cloudfront-1.tubi.video/8e6af50d-76df-4208-ab8d-3ff8f512cd38/playlist.m3u8
NBC 9 Steubenville OH (WTOV) (1080p),https://linear-699.frequency.stream/dist/stirr/699/hls/master/playlist.m3u8
NBC 10 Providence MA (1080p),https://pubads.g.doubleclick.net/ssai/event/kpannrCBQ5KwdV3Hag3Wog/master.m3u8
NBC 10 Rochester NY (WHEC) (1080p),https://amg01942-amg01942c4-stirr-us-10190.playouts.now.amagi.tv/playlist.m3u8
NBC 11 Baltimore MD (WBAL) (720p),https://aegis-cloudfront-1.tubi.video/888aedca-93fb-4aed-bb92-4beb8f1323c6/playlist.m3u8
NBC 12 Winston-Salem NC (WXII) (720p),https://aegis-cloudfront-1.tubi.video/54b357b4-bf4b-4356-97b4-b1acb6ab62f7/playlist.m3u8
NBC 13 Albany NY (WNYT) (1080p),https://amg01942-amg01942c5-stirr-us-10184.playouts.now.amagi.tv/playlist.m3u8
NBC 26 Green Bay WI (WGBA) (720p),https://aegis-cloudfront-1.tubi.video/b32c0573-4add-4b47-b826-24412d952164/playlist.m3u8
NBC Chicago News (1080p),https://nbcu-nbcchicagonews-firetv.amagi.tv/playlist.m3u8
NBC Comedy Vault (1080p),https://xumo-xumoent-vc-105-z0vpm.fast.nbcuni.com/live/master.m3u8
NBC Los Angeles News (720p),https://jmp2.uk/plu-65790cda6e4f6a0008768764.m3u8
NBC LX Home (1080p),https://plex-xumoent-ch485-e7l5l.fast.nbcuni.com/live/master_5.m3u8
NBC News NOW (1080p),https://d1si3n1st4nkgb.cloudfront.net/10502/88896001/hls/master.m3u8?ads.xumo_channelId=88896001
NBC Sports Bay Area (1080p) [Geo-blocked],https://messi.damitv.st/papi/ts/nbc-sports-bayarea/playlist.m3u8
NBC Sports NOW (1080p),https://d4whmvwm0rdvi.cloudfront.net/10007/99993008/hls/master.m3u8?ads.xumo_channelId=99993008
NBC Sports Philadelphia (1080p) [Geo-blocked],https://messi.damitv.st/papi/ts/nbc-sports-philly/playlist.m3u8
NBC TV (1080p) [Not 24/7],https://205444.global.ssl.fastly.net/64ee8a084b935f9f8a6f8825/live_ab333a6093bc11eeb89fbd81423485b7/index.fmp4.m3u8
NBC Universo (720p),http://187.102.210.46/universo/index.m3u8
NBC Universo West (720p),http://190.11.225.124:5000/live/universo_hd/playlist.m3u8
NBC West (720p),http://stream.cammonitorplus.net/1800/index.m3u8
NBC West (San Diego) (1080p) [Not 24/7],https://nbculocallive.akamaized.net/hls/live/2037098/sandiego/stream1/master.m3u8
NBCLX (1080p),https://nbculocallive.akamaized.net/hls/live/2037096/lx/use1.m3u8
NBCSN (720p),http://40.160.24.58/NBC_SPORTS_NETWORK/index.m3u8
NBCU Telemundo Florida (1080p),https://nbcu-telemundoflorida-firetv.amagi.tv/playlist.m3u8
NBCU Telemundo North East (1080p),https://nbcu-telemundonortheast-firetv.amagi.tv/playlist.m3u8
NBCU Telemundo Texas (1080p),https://nbcu-telemundotexas-firetv.amagi.tv/playlist.m3u8
NBCU Telemundo West (1080p),https://nbcu-telemundowest-firetv.amagi.tv/playlist.m3u8
NBS Korea Agricultural Broadcasting (720p),https://media.joycorp.co.kr:4443/live/ngrp:live_all/playlist.m3u8
NCIS,https://jmp2.uk/plu-6319ec31c62c3f00075c90b1.m3u8
NCIS,https://jmp2.uk/plu-63eb9fdda995710008991c54.m3u8
NCIS,https://jmp2.uk/plu-62f4f5de1c100100075665ef.m3u8
NCIS,https://jmp2.uk/plu-63eb947c4e83e70008ab877b.m3u8
NCIS: Det bedste med Gibbs,https://jmp2.uk/plu-6901d952ec12c3c759fdc7cd.m3u8
NCIS: Det bedste med Tony & Ziva,https://jmp2.uk/plu-68921b2f4fa995eff24df6c8.m3u8
NCIS: Los Angeles,https://jmp2.uk/plu-66fbf4d3d7de140008d41f5b.m3u8
NCIS: Los Angeles,https://jmp2.uk/plu-66a106c8a79dea0008aa5ef3.m3u8
NCM Educational & Kids Channel,https://reflect-npa.cablecast.tv/live-9/live/live.m3u8
NCM Government & Politics,https://reflect-npa.cablecast.tv/live-8/live/live.m3u8
NCM Main Channel,https://reflect-npa.cablecast.tv/live-6/live/live.m3u8
NCTV (1080p),https://pantera1-100gb-cl-movistar.dps.live/nctv/nctv.smil/playlist.m3u8
NDR Fernsehen International (720p),https://ndrint.akamaized.net/hls/live/2020766/ndr_int/index.m3u8
NDR Hamburg (720p),https://mcdn.ndr.de/ndr/hls/ndr_fs/ndr_hh/master.m3u8
NDR Mecklenburg-Vorpommern (720p),https://mcdn.ndr.de/ndr/hls/ndr_fs/ndr_mv/master.m3u8
NDR Niedersachsen (720p),https://mcdn.ndr.de/ndr/hls/ndr_fs/ndr_nds/master.m3u8
NDR Schleswig-Holstein (720p),https://mcdn.ndr.de/ndr/hls/ndr_fs/ndr_sh/master.m3u8
NDTV 24x7 (720p),https://raw.githubusercontent.com/amazeyourself/adaptive-streams/refs/heads/main/streams/in/YuppTV/NDTV24x7.m3u8
NDTV Good Times (1080p),https://amg01448-samsungin-ndtvgoodtimes-samsungin-ad-gp.amagi.tv/playlist/amg01448-samsungin-ndtvgoodtimes-samsungin/playlist.m3u8
NDTV India (720p),http://103.213.31.109:90/StarUtsavMovies/playlist.m3u8
NDTV LANKA (1080p),https://g4wlkqqwl23a-hls-live.5centscdn.com/NDTVLANKA/1ff5fa54d14c3ff6c6bd3918bbb7db5d.sdp/playlist.m3u8
NDTV Madhya Pradesh Chhattisgarh (1080p),https://ndtvregional.akamaized.net/hls/live/2102726-b/ndtvmpcg/master_1.m3u8
NDTV Marathi (1080p),https://web-ndtv-marathi.akamaized.net/hls/live/2110470/ndtvmarathi/master_1.m3u8
NDTV Profit (1080p),https://ndtvprofit.akamaized.net/hls/live/2107404/ndtvprofit/master_1.m3u8
NDTV Profit (1080p),https://ndtvprofit.akamaized.net/hls/live/2107404/ndtvprofit/chunklist_5.m3u8
NDTV Rajasthan (1080p),https://ndtvregional.akamaized.net/hls/live/2102726-b/ndtvraj/master_1.m3u8
Ndurumeni TV (480p) [Not 24/7],https://goliveafrica.media:9998/live/6389d571d20af/index.m3u8
Nea TV (720p),https://live.neatv.gr:8888/hls/neatv.m3u8
Negocios TV (1080p),https://streaming013.gestec-video.com/hls/negociostv.m3u8
Nei Monggol TV (1080i) [Not 24/7],http://play1-qk.nmtv.cn/live/1769652018126032.m3u8
Nei Monggol TV 2 Mongolian Culture Channel (1080i) [Not 24/7],http://play1-qk.nmtv.cn/live/1769652109096027.m3u8
